ISO-10303-21;
HEADER;
FILE_DESCRIPTION(('KiCad electronic assembly'),'2;1');
FILE_NAME('B-LSM303-BRK_R1.0_Step.step','2026-02-06T09:03:30',('Pcbnew')
  ,('Kicad'),'Open CASCADE STEP processor 7.8','KiCad to STEP converter'
  ,'Unknown');
FILE_SCHEMA(('AUTOMOTIVE_DESIGN { 1 0 10303 214 1 1 1 1 }'));
ENDSEC;
DATA;
#1 = APPLICATION_PROTOCOL_DEFINITION('international standard',
  'automotive_design',2000,#2);
#2 = APPLICATION_CONTEXT(
  'core data for automotive mechanical design processes');
#3 = SHAPE_DEFINITION_REPRESENTATION(#4,#10);
#4 = PRODUCT_DEFINITION_SHAPE('','',#5);
#5 = PRODUCT_DEFINITION('design','',#6,#9);
#6 = PRODUCT_DEFINITION_FORMATION('','',#7);
#7 = PRODUCT('B-LSM303-BRK_R1.0_Step 1','B-LSM303-BRK_R1.0_Step 1','',(
    #8));
#8 = PRODUCT_CONTEXT('',#2,'mechanical');
#9 = PRODUCT_DEFINITION_CONTEXT('part definition',#2,'design');
#10 = SHAPE_REPRESENTATION('',(#11,#15,#19,#23,#27,#31,#35,#39,#43,#47,
    #51,#55,#59,#63,#67),#71);
#11 = AXIS2_PLACEMENT_3D('',#12,#13,#14);
#12 = CARTESIAN_POINT('',(0.,0.,0.));
#13 = DIRECTION('',(0.,0.,1.));
#14 = DIRECTION('',(1.,0.,-0.));
#15 = AXIS2_PLACEMENT_3D('',#16,#17,#18);
#16 = CARTESIAN_POINT('',(-3.49,1.476249,1.595));
#17 = DIRECTION('',(0.,0.,1.));
#18 = DIRECTION('',(1.,0.,0.));
#19 = AXIS2_PLACEMENT_3D('',#20,#21,#22);
#20 = CARTESIAN_POINT('',(1.8749E-02,0.726249,1.595));
#21 = DIRECTION('',(0.,-0.,1.));
#22 = DIRECTION('',(1.110223024625E-16,1.,0.));
#23 = AXIS2_PLACEMENT_3D('',#24,#25,#26);
#24 = CARTESIAN_POINT('',(-3.49,-2.3751E-02,1.595));
#25 = DIRECTION('',(0.,0.,1.));
#26 = DIRECTION('',(1.,0.,0.));
#27 = AXIS2_PLACEMENT_3D('',#28,#29,#30);
#28 = CARTESIAN_POINT('',(6.12,-6.364659,1.595));
#29 = DIRECTION('',(0.,0.,1.));
#30 = DIRECTION('',(-1.,1.224646799147E-16,0.));
#31 = AXIS2_PLACEMENT_3D('',#32,#33,#34);
#32 = CARTESIAN_POINT('',(-6.95,-3.3475,1.595));
#33 = DIRECTION('',(0.,0.,1.));
#34 = DIRECTION('',(-1.,1.224646799147E-16,0.));
#35 = AXIS2_PLACEMENT_3D('',#36,#37,#38);
#36 = CARTESIAN_POINT('',(3.83,-6.364659,1.595));
#37 = DIRECTION('',(0.,0.,1.));
#38 = DIRECTION('',(1.,0.,0.));
#39 = AXIS2_PLACEMENT_3D('',#40,#41,#42);
#40 = CARTESIAN_POINT('',(0.1,-5.3,1.595));
#41 = DIRECTION('',(0.,0.,1.));
#42 = DIRECTION('',(1.,0.,0.));
#43 = AXIS2_PLACEMENT_3D('',#44,#45,#46);
#44 = CARTESIAN_POINT('',(-0.23144,-3.382551,2.595));
#45 = DIRECTION('',(-0.,1.,1.110223024625E-16));
#46 = DIRECTION('',(1.,0.,0.));
#47 = AXIS2_PLACEMENT_3D('',#48,#49,#50);
#48 = CARTESIAN_POINT('',(0.1,-6.35,1.595));
#49 = DIRECTION('',(0.,0.,1.));
#50 = DIRECTION('',(1.,0.,0.));
#51 = AXIS2_PLACEMENT_3D('',#52,#53,#54);
#52 = CARTESIAN_POINT('',(3.15,1.986249,1.595));
#53 = DIRECTION('',(-0.,0.,1.));
#54 = DIRECTION('',(1.110223024625E-16,-1.,0.));
#55 = AXIS2_PLACEMENT_3D('',#56,#57,#58);
#56 = CARTESIAN_POINT('',(-7.42,-0.4975,1.595));
#57 = DIRECTION('',(-0.,0.,1.));
#58 = DIRECTION('',(1.110223024625E-16,-1.,0.));
#59 = AXIS2_PLACEMENT_3D('',#60,#61,#62);
#60 = CARTESIAN_POINT('',(-6.95,2.3625,1.595));
#61 = DIRECTION('',(0.,0.,1.));
#62 = DIRECTION('',(1.,0.,0.));
#63 = AXIS2_PLACEMENT_3D('',#64,#65,#66);
#64 = CARTESIAN_POINT('',(-2.77,-3.132488,1.595));
#65 = DIRECTION('',(0.,0.,1.));
#66 = DIRECTION('',(1.,0.,0.));
#67 = AXIS2_PLACEMENT_3D('',#68,#69,#70);
#68 = CARTESIAN_POINT('',(0.,0.,0.));
#69 = DIRECTION('',(0.,0.,1.));
#70 = DIRECTION('',(1.,0.,-0.));
#71 = ( GEOMETRIC_REPRESENTATION_CONTEXT(3) 
GLOBAL_UNCERTAINTY_ASSIGNED_CONTEXT((#75)) GLOBAL_UNIT_ASSIGNED_CONTEXT(
(#72,#73,#74)) REPRESENTATION_CONTEXT('Context #1',
  '3D Context with UNIT and UNCERTAINTY') );
#72 = ( LENGTH_UNIT() NAMED_UNIT(*) SI_UNIT(.MILLI.,.METRE.) );
#73 = ( NAMED_UNIT(*) PLANE_ANGLE_UNIT() SI_UNIT($,.RADIAN.) );
#74 = ( NAMED_UNIT(*) SI_UNIT($,.STERADIAN.) SOLID_ANGLE_UNIT() );
#75 = UNCERTAINTY_MEASURE_WITH_UNIT(LENGTH_MEASURE(1.E-07),#72,
  'distance_accuracy_value','confusion accuracy');
#76 = PRODUCT_RELATED_PRODUCT_CATEGORY('part',$,(#7));
#77 = SHAPE_DEFINITION_REPRESENTATION(#78,#84);
#78 = PRODUCT_DEFINITION_SHAPE('','',#79);
#79 = PRODUCT_DEFINITION('design','',#80,#83);
#80 = PRODUCT_DEFINITION_FORMATION('','',#81);
#81 = PRODUCT('C_0402_1005Metric','C_0402_1005Metric','',(#82));
#82 = PRODUCT_CONTEXT('',#2,'mechanical');
#83 = PRODUCT_DEFINITION_CONTEXT('part definition',#2,'design');
#84 = ADVANCED_BREP_SHAPE_REPRESENTATION('',(#11,#85),#939);
#85 = MANIFOLD_SOLID_BREP('',#86);
#86 = CLOSED_SHELL('',(#87,#163,#194,#219,#244,#268,#292,#317,#342,#359,
    #445,#477,#501,#526,#550,#575,#599,#624,#641,#727,#758,#783,#808,
    #832,#856,#881,#906,#923));
#87 = ADVANCED_FACE('',(#88),#158,.F.);
#88 = FACE_BOUND('',#89,.F.);
#89 = EDGE_LOOP('',(#90,#100,#109,#117,#126,#134,#143,#151));
#90 = ORIENTED_EDGE('',*,*,#91,.F.);
#91 = EDGE_CURVE('',#92,#94,#96,.T.);
#92 = VERTEX_POINT('',#93);
#93 = CARTESIAN_POINT('',(-0.5,-0.25,2.E-02));
#94 = VERTEX_POINT('',#95);
#95 = CARTESIAN_POINT('',(-0.5,-0.25,0.48));
#96 = LINE('',#97,#98);
#97 = CARTESIAN_POINT('',(-0.5,-0.25,0.));
#98 = VECTOR('',#99,1.);
#99 = DIRECTION('',(0.,0.,1.));
#100 = ORIENTED_EDGE('',*,*,#101,.T.);
#101 = EDGE_CURVE('',#92,#102,#104,.T.);
#102 = VERTEX_POINT('',#103);
#103 = CARTESIAN_POINT('',(-0.5,-0.23,0.));
#104 = CIRCLE('',#105,2.E-02);
#105 = AXIS2_PLACEMENT_3D('',#106,#107,#108);
#106 = CARTESIAN_POINT('',(-0.5,-0.23,2.E-02));
#107 = DIRECTION('',(1.,0.,-0.));
#108 = DIRECTION('',(0.,0.,1.));
#109 = ORIENTED_EDGE('',*,*,#110,.T.);
#110 = EDGE_CURVE('',#102,#111,#113,.T.);
#111 = VERTEX_POINT('',#112);
#112 = CARTESIAN_POINT('',(-0.5,0.23,0.));
#113 = LINE('',#114,#115);
#114 = CARTESIAN_POINT('',(-0.5,-0.25,0.));
#115 = VECTOR('',#116,1.);
#116 = DIRECTION('',(0.,1.,0.));
#117 = ORIENTED_EDGE('',*,*,#118,.F.);
#118 = EDGE_CURVE('',#119,#111,#121,.T.);
#119 = VERTEX_POINT('',#120);
#120 = CARTESIAN_POINT('',(-0.5,0.25,2.E-02));
#121 = CIRCLE('',#122,2.E-02);
#122 = AXIS2_PLACEMENT_3D('',#123,#124,#125);
#123 = CARTESIAN_POINT('',(-0.5,0.23,2.E-02));
#124 = DIRECTION('',(-1.,0.,0.));
#125 = DIRECTION('',(0.,0.,1.));
#126 = ORIENTED_EDGE('',*,*,#127,.T.);
#127 = EDGE_CURVE('',#119,#128,#130,.T.);
#128 = VERTEX_POINT('',#129);
#129 = CARTESIAN_POINT('',(-0.5,0.25,0.48));
#130 = LINE('',#131,#132);
#131 = CARTESIAN_POINT('',(-0.5,0.25,0.));
#132 = VECTOR('',#133,1.);
#133 = DIRECTION('',(0.,0.,1.));
#134 = ORIENTED_EDGE('',*,*,#135,.T.);
#135 = EDGE_CURVE('',#128,#136,#138,.T.);
#136 = VERTEX_POINT('',#137);
#137 = CARTESIAN_POINT('',(-0.5,0.23,0.5));
#138 = CIRCLE('',#139,2.E-02);
#139 = AXIS2_PLACEMENT_3D('',#140,#141,#142);
#140 = CARTESIAN_POINT('',(-0.5,0.23,0.48));
#141 = DIRECTION('',(1.,0.,-0.));
#142 = DIRECTION('',(0.,0.,1.));
#143 = ORIENTED_EDGE('',*,*,#144,.F.);
#144 = EDGE_CURVE('',#145,#136,#147,.T.);
#145 = VERTEX_POINT('',#146);
#146 = CARTESIAN_POINT('',(-0.5,-0.23,0.5));
#147 = LINE('',#148,#149);
#148 = CARTESIAN_POINT('',(-0.5,-0.25,0.5));
#149 = VECTOR('',#150,1.);
#150 = DIRECTION('',(0.,1.,0.));
#151 = ORIENTED_EDGE('',*,*,#152,.F.);
#152 = EDGE_CURVE('',#94,#145,#153,.T.);
#153 = CIRCLE('',#154,2.E-02);
#154 = AXIS2_PLACEMENT_3D('',#155,#156,#157);
#155 = CARTESIAN_POINT('',(-0.5,-0.23,0.48));
#156 = DIRECTION('',(-1.,0.,0.));
#157 = DIRECTION('',(0.,0.,1.));
#158 = PLANE('',#159);
#159 = AXIS2_PLACEMENT_3D('',#160,#161,#162);
#160 = CARTESIAN_POINT('',(-0.5,-0.25,0.));
#161 = DIRECTION('',(1.,0.,0.));
#162 = DIRECTION('',(0.,0.,1.));
#163 = ADVANCED_FACE('',(#164),#189,.F.);
#164 = FACE_BOUND('',#165,.F.);
#165 = EDGE_LOOP('',(#166,#176,#182,#183));
#166 = ORIENTED_EDGE('',*,*,#167,.F.);
#167 = EDGE_CURVE('',#168,#170,#172,.T.);
#168 = VERTEX_POINT('',#169);
#169 = CARTESIAN_POINT('',(-0.3,-0.25,2.E-02));
#170 = VERTEX_POINT('',#171);
#171 = CARTESIAN_POINT('',(-0.3,-0.25,0.48));
#172 = LINE('',#173,#174);
#173 = CARTESIAN_POINT('',(-0.3,-0.25,0.));
#174 = VECTOR('',#175,1.);
#175 = DIRECTION('',(0.,0.,1.));
#176 = ORIENTED_EDGE('',*,*,#177,.F.);
#177 = EDGE_CURVE('',#92,#168,#178,.T.);
#178 = LINE('',#179,#180);
#179 = CARTESIAN_POINT('',(-0.5,-0.25,2.E-02));
#180 = VECTOR('',#181,1.);
#181 = DIRECTION('',(1.,0.,0.));
#182 = ORIENTED_EDGE('',*,*,#91,.T.);
#183 = ORIENTED_EDGE('',*,*,#184,.T.);
#184 = EDGE_CURVE('',#94,#170,#185,.T.);
#185 = LINE('',#186,#187);
#186 = CARTESIAN_POINT('',(-0.5,-0.25,0.48));
#187 = VECTOR('',#188,1.);
#188 = DIRECTION('',(1.,0.,0.));
#189 = PLANE('',#190);
#190 = AXIS2_PLACEMENT_3D('',#191,#192,#193);
#191 = CARTESIAN_POINT('',(-0.5,-0.25,0.));
#192 = DIRECTION('',(0.,1.,0.));
#193 = DIRECTION('',(0.,-0.,1.));
#194 = ADVANCED_FACE('',(#195),#214,.T.);
#195 = FACE_BOUND('',#196,.T.);
#196 = EDGE_LOOP('',(#197,#198,#206,#213));
#197 = ORIENTED_EDGE('',*,*,#101,.T.);
#198 = ORIENTED_EDGE('',*,*,#199,.T.);
#199 = EDGE_CURVE('',#102,#200,#202,.T.);
#200 = VERTEX_POINT('',#201);
#201 = CARTESIAN_POINT('',(-0.3,-0.23,0.));
#202 = LINE('',#203,#204);
#203 = CARTESIAN_POINT('',(-0.5,-0.23,0.));
#204 = VECTOR('',#205,1.);
#205 = DIRECTION('',(1.,0.,0.));
#206 = ORIENTED_EDGE('',*,*,#207,.F.);
#207 = EDGE_CURVE('',#168,#200,#208,.T.);
#208 = CIRCLE('',#209,2.E-02);
#209 = AXIS2_PLACEMENT_3D('',#210,#211,#212);
#210 = CARTESIAN_POINT('',(-0.3,-0.23,2.E-02));
#211 = DIRECTION('',(1.,0.,-0.));
#212 = DIRECTION('',(0.,0.,1.));
#213 = ORIENTED_EDGE('',*,*,#177,.F.);
#214 = CYLINDRICAL_SURFACE('',#215,2.E-02);
#215 = AXIS2_PLACEMENT_3D('',#216,#217,#218);
#216 = CARTESIAN_POINT('',(-0.5,-0.23,2.E-02));
#217 = DIRECTION('',(1.,0.,0.));
#218 = DIRECTION('',(0.,-1.,0.));
#219 = ADVANCED_FACE('',(#220),#239,.T.);
#220 = FACE_BOUND('',#221,.T.);
#221 = EDGE_LOOP('',(#222,#223,#232,#238));
#222 = ORIENTED_EDGE('',*,*,#184,.T.);
#223 = ORIENTED_EDGE('',*,*,#224,.T.);
#224 = EDGE_CURVE('',#170,#225,#227,.T.);
#225 = VERTEX_POINT('',#226);
#226 = CARTESIAN_POINT('',(-0.3,-0.23,0.5));
#227 = CIRCLE('',#228,2.E-02);
#228 = AXIS2_PLACEMENT_3D('',#229,#230,#231);
#229 = CARTESIAN_POINT('',(-0.3,-0.23,0.48));
#230 = DIRECTION('',(-1.,0.,0.));
#231 = DIRECTION('',(0.,0.,1.));
#232 = ORIENTED_EDGE('',*,*,#233,.F.);
#233 = EDGE_CURVE('',#145,#225,#234,.T.);
#234 = LINE('',#235,#236);
#235 = CARTESIAN_POINT('',(-0.5,-0.23,0.5));
#236 = VECTOR('',#237,1.);
#237 = DIRECTION('',(1.,0.,0.));
#238 = ORIENTED_EDGE('',*,*,#152,.F.);
#239 = CYLINDRICAL_SURFACE('',#240,2.E-02);
#240 = AXIS2_PLACEMENT_3D('',#241,#242,#243);
#241 = CARTESIAN_POINT('',(-0.5,-0.23,0.48));
#242 = DIRECTION('',(1.,0.,0.));
#243 = DIRECTION('',(0.,-1.,0.));
#244 = ADVANCED_FACE('',(#245),#263,.F.);
#245 = FACE_BOUND('',#246,.F.);
#246 = EDGE_LOOP('',(#247,#248,#249,#257));
#247 = ORIENTED_EDGE('',*,*,#110,.F.);
#248 = ORIENTED_EDGE('',*,*,#199,.T.);
#249 = ORIENTED_EDGE('',*,*,#250,.T.);
#250 = EDGE_CURVE('',#200,#251,#253,.T.);
#251 = VERTEX_POINT('',#252);
#252 = CARTESIAN_POINT('',(-0.3,0.23,0.));
#253 = LINE('',#254,#255);
#254 = CARTESIAN_POINT('',(-0.3,-0.25,0.));
#255 = VECTOR('',#256,1.);
#256 = DIRECTION('',(0.,1.,0.));
#257 = ORIENTED_EDGE('',*,*,#258,.F.);
#258 = EDGE_CURVE('',#111,#251,#259,.T.);
#259 = LINE('',#260,#261);
#260 = CARTESIAN_POINT('',(-0.5,0.23,0.));
#261 = VECTOR('',#262,1.);
#262 = DIRECTION('',(1.,0.,0.));
#263 = PLANE('',#264);
#264 = AXIS2_PLACEMENT_3D('',#265,#266,#267);
#265 = CARTESIAN_POINT('',(-0.5,-0.25,0.));
#266 = DIRECTION('',(0.,0.,1.));
#267 = DIRECTION('',(1.,0.,-0.));
#268 = ADVANCED_FACE('',(#269),#287,.T.);
#269 = FACE_BOUND('',#270,.T.);
#270 = EDGE_LOOP('',(#271,#272,#273,#281));
#271 = ORIENTED_EDGE('',*,*,#144,.F.);
#272 = ORIENTED_EDGE('',*,*,#233,.T.);
#273 = ORIENTED_EDGE('',*,*,#274,.T.);
#274 = EDGE_CURVE('',#225,#275,#277,.T.);
#275 = VERTEX_POINT('',#276);
#276 = CARTESIAN_POINT('',(-0.3,0.23,0.5));
#277 = LINE('',#278,#279);
#278 = CARTESIAN_POINT('',(-0.3,-0.25,0.5));
#279 = VECTOR('',#280,1.);
#280 = DIRECTION('',(0.,1.,0.));
#281 = ORIENTED_EDGE('',*,*,#282,.F.);
#282 = EDGE_CURVE('',#136,#275,#283,.T.);
#283 = LINE('',#284,#285);
#284 = CARTESIAN_POINT('',(-0.5,0.23,0.5));
#285 = VECTOR('',#286,1.);
#286 = DIRECTION('',(1.,0.,0.));
#287 = PLANE('',#288);
#288 = AXIS2_PLACEMENT_3D('',#289,#290,#291);
#289 = CARTESIAN_POINT('',(-0.5,-0.25,0.5));
#290 = DIRECTION('',(0.,0.,1.));
#291 = DIRECTION('',(1.,0.,-0.));
#292 = ADVANCED_FACE('',(#293),#312,.T.);
#293 = FACE_BOUND('',#294,.T.);
#294 = EDGE_LOOP('',(#295,#303,#310,#311));
#295 = ORIENTED_EDGE('',*,*,#296,.T.);
#296 = EDGE_CURVE('',#119,#297,#299,.T.);
#297 = VERTEX_POINT('',#298);
#298 = CARTESIAN_POINT('',(-0.3,0.25,2.E-02));
#299 = LINE('',#300,#301);
#300 = CARTESIAN_POINT('',(-0.5,0.25,2.E-02));
#301 = VECTOR('',#302,1.);
#302 = DIRECTION('',(1.,0.,0.));
#303 = ORIENTED_EDGE('',*,*,#304,.T.);
#304 = EDGE_CURVE('',#297,#251,#305,.T.);
#305 = CIRCLE('',#306,2.E-02);
#306 = AXIS2_PLACEMENT_3D('',#307,#308,#309);
#307 = CARTESIAN_POINT('',(-0.3,0.23,2.E-02));
#308 = DIRECTION('',(-1.,0.,0.));
#309 = DIRECTION('',(0.,0.,1.));
#310 = ORIENTED_EDGE('',*,*,#258,.F.);
#311 = ORIENTED_EDGE('',*,*,#118,.F.);
#312 = CYLINDRICAL_SURFACE('',#313,2.E-02);
#313 = AXIS2_PLACEMENT_3D('',#314,#315,#316);
#314 = CARTESIAN_POINT('',(-0.5,0.23,2.E-02));
#315 = DIRECTION('',(1.,0.,0.));
#316 = DIRECTION('',(-0.,1.,0.));
#317 = ADVANCED_FACE('',(#318),#337,.T.);
#318 = FACE_BOUND('',#319,.T.);
#319 = EDGE_LOOP('',(#320,#321,#322,#331));
#320 = ORIENTED_EDGE('',*,*,#135,.T.);
#321 = ORIENTED_EDGE('',*,*,#282,.T.);
#322 = ORIENTED_EDGE('',*,*,#323,.F.);
#323 = EDGE_CURVE('',#324,#275,#326,.T.);
#324 = VERTEX_POINT('',#325);
#325 = CARTESIAN_POINT('',(-0.3,0.25,0.48));
#326 = CIRCLE('',#327,2.E-02);
#327 = AXIS2_PLACEMENT_3D('',#328,#329,#330);
#328 = CARTESIAN_POINT('',(-0.3,0.23,0.48));
#329 = DIRECTION('',(1.,0.,-0.));
#330 = DIRECTION('',(0.,0.,1.));
#331 = ORIENTED_EDGE('',*,*,#332,.F.);
#332 = EDGE_CURVE('',#128,#324,#333,.T.);
#333 = LINE('',#334,#335);
#334 = CARTESIAN_POINT('',(-0.5,0.25,0.48));
#335 = VECTOR('',#336,1.);
#336 = DIRECTION('',(1.,0.,0.));
#337 = CYLINDRICAL_SURFACE('',#338,2.E-02);
#338 = AXIS2_PLACEMENT_3D('',#339,#340,#341);
#339 = CARTESIAN_POINT('',(-0.5,0.23,0.48));
#340 = DIRECTION('',(1.,0.,0.));
#341 = DIRECTION('',(-0.,1.,0.));
#342 = ADVANCED_FACE('',(#343),#354,.T.);
#343 = FACE_BOUND('',#344,.T.);
#344 = EDGE_LOOP('',(#345,#351,#352,#353));
#345 = ORIENTED_EDGE('',*,*,#346,.F.);
#346 = EDGE_CURVE('',#297,#324,#347,.T.);
#347 = LINE('',#348,#349);
#348 = CARTESIAN_POINT('',(-0.3,0.25,0.));
#349 = VECTOR('',#350,1.);
#350 = DIRECTION('',(0.,0.,1.));
#351 = ORIENTED_EDGE('',*,*,#296,.F.);
#352 = ORIENTED_EDGE('',*,*,#127,.T.);
#353 = ORIENTED_EDGE('',*,*,#332,.T.);
#354 = PLANE('',#355);
#355 = AXIS2_PLACEMENT_3D('',#356,#357,#358);
#356 = CARTESIAN_POINT('',(-0.5,0.25,0.));
#357 = DIRECTION('',(0.,1.,0.));
#358 = DIRECTION('',(0.,-0.,1.));
#359 = ADVANCED_FACE('',(#360,#370),#440,.T.);
#360 = FACE_BOUND('',#361,.T.);
#361 = EDGE_LOOP('',(#362,#363,#364,#365,#366,#367,#368,#369));
#362 = ORIENTED_EDGE('',*,*,#167,.F.);
#363 = ORIENTED_EDGE('',*,*,#207,.T.);
#364 = ORIENTED_EDGE('',*,*,#250,.T.);
#365 = ORIENTED_EDGE('',*,*,#304,.F.);
#366 = ORIENTED_EDGE('',*,*,#346,.T.);
#367 = ORIENTED_EDGE('',*,*,#323,.T.);
#368 = ORIENTED_EDGE('',*,*,#274,.F.);
#369 = ORIENTED_EDGE('',*,*,#224,.F.);
#370 = FACE_BOUND('',#371,.T.);
#371 = EDGE_LOOP('',(#372,#383,#391,#400,#408,#417,#425,#434));
#372 = ORIENTED_EDGE('',*,*,#373,.F.);
#373 = EDGE_CURVE('',#374,#376,#378,.T.);
#374 = VERTEX_POINT('',#375);
#375 = CARTESIAN_POINT('',(-0.3,-0.23,4.E-02));
#376 = VERTEX_POINT('',#377);
#377 = CARTESIAN_POINT('',(-0.3,-0.21,2.E-02));
#378 = CIRCLE('',#379,2.E-02);
#379 = AXIS2_PLACEMENT_3D('',#380,#381,#382);
#380 = CARTESIAN_POINT('',(-0.3,-0.21,4.E-02));
#381 = DIRECTION('',(1.,0.,-0.));
#382 = DIRECTION('',(0.,0.,1.));
#383 = ORIENTED_EDGE('',*,*,#384,.T.);
#384 = EDGE_CURVE('',#374,#385,#387,.T.);
#385 = VERTEX_POINT('',#386);
#386 = CARTESIAN_POINT('',(-0.3,-0.23,0.46));
#387 = LINE('',#388,#389);
#388 = CARTESIAN_POINT('',(-0.3,-0.23,2.E-02));
#389 = VECTOR('',#390,1.);
#390 = DIRECTION('',(0.,0.,1.));
#391 = ORIENTED_EDGE('',*,*,#392,.T.);
#392 = EDGE_CURVE('',#385,#393,#395,.T.);
#393 = VERTEX_POINT('',#394);
#394 = CARTESIAN_POINT('',(-0.3,-0.21,0.48));
#395 = CIRCLE('',#396,2.E-02);
#396 = AXIS2_PLACEMENT_3D('',#397,#398,#399);
#397 = CARTESIAN_POINT('',(-0.3,-0.21,0.46));
#398 = DIRECTION('',(-1.,0.,0.));
#399 = DIRECTION('',(0.,0.,1.));
#400 = ORIENTED_EDGE('',*,*,#401,.T.);
#401 = EDGE_CURVE('',#393,#402,#404,.T.);
#402 = VERTEX_POINT('',#403);
#403 = CARTESIAN_POINT('',(-0.3,0.21,0.48));
#404 = LINE('',#405,#406);
#405 = CARTESIAN_POINT('',(-0.3,-0.23,0.48));
#406 = VECTOR('',#407,1.);
#407 = DIRECTION('',(0.,1.,0.));
#408 = ORIENTED_EDGE('',*,*,#409,.F.);
#409 = EDGE_CURVE('',#410,#402,#412,.T.);
#410 = VERTEX_POINT('',#411);
#411 = CARTESIAN_POINT('',(-0.3,0.23,0.46));
#412 = CIRCLE('',#413,2.E-02);
#413 = AXIS2_PLACEMENT_3D('',#414,#415,#416);
#414 = CARTESIAN_POINT('',(-0.3,0.21,0.46));
#415 = DIRECTION('',(1.,0.,-0.));
#416 = DIRECTION('',(0.,0.,1.));
#417 = ORIENTED_EDGE('',*,*,#418,.F.);
#418 = EDGE_CURVE('',#419,#410,#421,.T.);
#419 = VERTEX_POINT('',#420);
#420 = CARTESIAN_POINT('',(-0.3,0.23,4.E-02));
#421 = LINE('',#422,#423);
#422 = CARTESIAN_POINT('',(-0.3,0.23,2.E-02));
#423 = VECTOR('',#424,1.);
#424 = DIRECTION('',(0.,0.,1.));
#425 = ORIENTED_EDGE('',*,*,#426,.T.);
#426 = EDGE_CURVE('',#419,#427,#429,.T.);
#427 = VERTEX_POINT('',#428);
#428 = CARTESIAN_POINT('',(-0.3,0.21,2.E-02));
#429 = CIRCLE('',#430,2.E-02);
#430 = AXIS2_PLACEMENT_3D('',#431,#432,#433);
#431 = CARTESIAN_POINT('',(-0.3,0.21,4.E-02));
#432 = DIRECTION('',(-1.,0.,0.));
#433 = DIRECTION('',(0.,0.,1.));
#434 = ORIENTED_EDGE('',*,*,#435,.F.);
#435 = EDGE_CURVE('',#376,#427,#436,.T.);
#436 = LINE('',#437,#438);
#437 = CARTESIAN_POINT('',(-0.3,-0.23,2.E-02));
#438 = VECTOR('',#439,1.);
#439 = DIRECTION('',(0.,1.,0.));
#440 = PLANE('',#441);
#441 = AXIS2_PLACEMENT_3D('',#442,#443,#444);
#442 = CARTESIAN_POINT('',(-0.3,-0.25,0.));
#443 = DIRECTION('',(1.,0.,0.));
#444 = DIRECTION('',(0.,0.,1.));
#445 = ADVANCED_FACE('',(#446),#472,.T.);
#446 = FACE_BOUND('',#447,.T.);
#447 = EDGE_LOOP('',(#448,#449,#457,#466));
#448 = ORIENTED_EDGE('',*,*,#373,.T.);
#449 = ORIENTED_EDGE('',*,*,#450,.T.);
#450 = EDGE_CURVE('',#376,#451,#453,.T.);
#451 = VERTEX_POINT('',#452);
#452 = CARTESIAN_POINT('',(0.3,-0.21,2.E-02));
#453 = LINE('',#454,#455);
#454 = CARTESIAN_POINT('',(-0.3,-0.21,2.E-02));
#455 = VECTOR('',#456,1.);
#456 = DIRECTION('',(1.,0.,0.));
#457 = ORIENTED_EDGE('',*,*,#458,.F.);
#458 = EDGE_CURVE('',#459,#451,#461,.T.);
#459 = VERTEX_POINT('',#460);
#460 = CARTESIAN_POINT('',(0.3,-0.23,4.E-02));
#461 = CIRCLE('',#462,2.E-02);
#462 = AXIS2_PLACEMENT_3D('',#463,#464,#465);
#463 = CARTESIAN_POINT('',(0.3,-0.21,4.E-02));
#464 = DIRECTION('',(1.,0.,-0.));
#465 = DIRECTION('',(0.,0.,1.));
#466 = ORIENTED_EDGE('',*,*,#467,.F.);
#467 = EDGE_CURVE('',#374,#459,#468,.T.);
#468 = LINE('',#469,#470);
#469 = CARTESIAN_POINT('',(-0.3,-0.23,4.E-02));
#470 = VECTOR('',#471,1.);
#471 = DIRECTION('',(1.,0.,0.));
#472 = CYLINDRICAL_SURFACE('',#473,2.E-02);
#473 = AXIS2_PLACEMENT_3D('',#474,#475,#476);
#474 = CARTESIAN_POINT('',(-0.3,-0.21,4.E-02));
#475 = DIRECTION('',(1.,0.,0.));
#476 = DIRECTION('',(0.,-1.,0.));
#477 = ADVANCED_FACE('',(#478),#496,.F.);
#478 = FACE_BOUND('',#479,.F.);
#479 = EDGE_LOOP('',(#480,#481,#482,#490));
#480 = ORIENTED_EDGE('',*,*,#435,.F.);
#481 = ORIENTED_EDGE('',*,*,#450,.T.);
#482 = ORIENTED_EDGE('',*,*,#483,.T.);
#483 = EDGE_CURVE('',#451,#484,#486,.T.);
#484 = VERTEX_POINT('',#485);
#485 = CARTESIAN_POINT('',(0.3,0.21,2.E-02));
#486 = LINE('',#487,#488);
#487 = CARTESIAN_POINT('',(0.3,-0.23,2.E-02));
#488 = VECTOR('',#489,1.);
#489 = DIRECTION('',(0.,1.,0.));
#490 = ORIENTED_EDGE('',*,*,#491,.F.);
#491 = EDGE_CURVE('',#427,#484,#492,.T.);
#492 = LINE('',#493,#494);
#493 = CARTESIAN_POINT('',(-0.3,0.21,2.E-02));
#494 = VECTOR('',#495,1.);
#495 = DIRECTION('',(1.,0.,0.));
#496 = PLANE('',#497);
#497 = AXIS2_PLACEMENT_3D('',#498,#499,#500);
#498 = CARTESIAN_POINT('',(-0.3,-0.23,2.E-02));
#499 = DIRECTION('',(0.,0.,1.));
#500 = DIRECTION('',(1.,0.,-0.));
#501 = ADVANCED_FACE('',(#502),#521,.T.);
#502 = FACE_BOUND('',#503,.T.);
#503 = EDGE_LOOP('',(#504,#512,#519,#520));
#504 = ORIENTED_EDGE('',*,*,#505,.T.);
#505 = EDGE_CURVE('',#419,#506,#508,.T.);
#506 = VERTEX_POINT('',#507);
#507 = CARTESIAN_POINT('',(0.3,0.23,4.E-02));
#508 = LINE('',#509,#510);
#509 = CARTESIAN_POINT('',(-0.3,0.23,4.E-02));
#510 = VECTOR('',#511,1.);
#511 = DIRECTION('',(1.,0.,0.));
#512 = ORIENTED_EDGE('',*,*,#513,.T.);
#513 = EDGE_CURVE('',#506,#484,#514,.T.);
#514 = CIRCLE('',#515,2.E-02);
#515 = AXIS2_PLACEMENT_3D('',#516,#517,#518);
#516 = CARTESIAN_POINT('',(0.3,0.21,4.E-02));
#517 = DIRECTION('',(-1.,0.,0.));
#518 = DIRECTION('',(0.,0.,1.));
#519 = ORIENTED_EDGE('',*,*,#491,.F.);
#520 = ORIENTED_EDGE('',*,*,#426,.F.);
#521 = CYLINDRICAL_SURFACE('',#522,2.E-02);
#522 = AXIS2_PLACEMENT_3D('',#523,#524,#525);
#523 = CARTESIAN_POINT('',(-0.3,0.21,4.E-02));
#524 = DIRECTION('',(1.,0.,0.));
#525 = DIRECTION('',(-0.,1.,0.));
#526 = ADVANCED_FACE('',(#527),#545,.T.);
#527 = FACE_BOUND('',#528,.T.);
#528 = EDGE_LOOP('',(#529,#537,#538,#539));
#529 = ORIENTED_EDGE('',*,*,#530,.F.);
#530 = EDGE_CURVE('',#506,#531,#533,.T.);
#531 = VERTEX_POINT('',#532);
#532 = CARTESIAN_POINT('',(0.3,0.23,0.46));
#533 = LINE('',#534,#535);
#534 = CARTESIAN_POINT('',(0.3,0.23,2.E-02));
#535 = VECTOR('',#536,1.);
#536 = DIRECTION('',(0.,0.,1.));
#537 = ORIENTED_EDGE('',*,*,#505,.F.);
#538 = ORIENTED_EDGE('',*,*,#418,.T.);
#539 = ORIENTED_EDGE('',*,*,#540,.T.);
#540 = EDGE_CURVE('',#410,#531,#541,.T.);
#541 = LINE('',#542,#543);
#542 = CARTESIAN_POINT('',(-0.3,0.23,0.46));
#543 = VECTOR('',#544,1.);
#544 = DIRECTION('',(1.,0.,0.));
#545 = PLANE('',#546);
#546 = AXIS2_PLACEMENT_3D('',#547,#548,#549);
#547 = CARTESIAN_POINT('',(-0.3,0.23,2.E-02));
#548 = DIRECTION('',(0.,1.,0.));
#549 = DIRECTION('',(0.,-0.,1.));
#550 = ADVANCED_FACE('',(#551),#570,.T.);
#551 = FACE_BOUND('',#552,.T.);
#552 = EDGE_LOOP('',(#553,#554,#562,#569));
#553 = ORIENTED_EDGE('',*,*,#409,.T.);
#554 = ORIENTED_EDGE('',*,*,#555,.T.);
#555 = EDGE_CURVE('',#402,#556,#558,.T.);
#556 = VERTEX_POINT('',#557);
#557 = CARTESIAN_POINT('',(0.3,0.21,0.48));
#558 = LINE('',#559,#560);
#559 = CARTESIAN_POINT('',(-0.3,0.21,0.48));
#560 = VECTOR('',#561,1.);
#561 = DIRECTION('',(1.,0.,0.));
#562 = ORIENTED_EDGE('',*,*,#563,.F.);
#563 = EDGE_CURVE('',#531,#556,#564,.T.);
#564 = CIRCLE('',#565,2.E-02);
#565 = AXIS2_PLACEMENT_3D('',#566,#567,#568);
#566 = CARTESIAN_POINT('',(0.3,0.21,0.46));
#567 = DIRECTION('',(1.,0.,-0.));
#568 = DIRECTION('',(0.,0.,1.));
#569 = ORIENTED_EDGE('',*,*,#540,.F.);
#570 = CYLINDRICAL_SURFACE('',#571,2.E-02);
#571 = AXIS2_PLACEMENT_3D('',#572,#573,#574);
#572 = CARTESIAN_POINT('',(-0.3,0.21,0.46));
#573 = DIRECTION('',(1.,0.,0.));
#574 = DIRECTION('',(-0.,1.,0.));
#575 = ADVANCED_FACE('',(#576),#594,.T.);
#576 = FACE_BOUND('',#577,.T.);
#577 = EDGE_LOOP('',(#578,#579,#587,#593));
#578 = ORIENTED_EDGE('',*,*,#401,.F.);
#579 = ORIENTED_EDGE('',*,*,#580,.T.);
#580 = EDGE_CURVE('',#393,#581,#583,.T.);
#581 = VERTEX_POINT('',#582);
#582 = CARTESIAN_POINT('',(0.3,-0.21,0.48));
#583 = LINE('',#584,#585);
#584 = CARTESIAN_POINT('',(-0.3,-0.21,0.48));
#585 = VECTOR('',#586,1.);
#586 = DIRECTION('',(1.,0.,0.));
#587 = ORIENTED_EDGE('',*,*,#588,.T.);
#588 = EDGE_CURVE('',#581,#556,#589,.T.);
#589 = LINE('',#590,#591);
#590 = CARTESIAN_POINT('',(0.3,-0.23,0.48));
#591 = VECTOR('',#592,1.);
#592 = DIRECTION('',(0.,1.,0.));
#593 = ORIENTED_EDGE('',*,*,#555,.F.);
#594 = PLANE('',#595);
#595 = AXIS2_PLACEMENT_3D('',#596,#597,#598);
#596 = CARTESIAN_POINT('',(-0.3,-0.23,0.48));
#597 = DIRECTION('',(0.,0.,1.));
#598 = DIRECTION('',(1.,0.,-0.));
#599 = ADVANCED_FACE('',(#600),#619,.T.);
#600 = FACE_BOUND('',#601,.T.);
#601 = EDGE_LOOP('',(#602,#610,#617,#618));
#602 = ORIENTED_EDGE('',*,*,#603,.T.);
#603 = EDGE_CURVE('',#385,#604,#606,.T.);
#604 = VERTEX_POINT('',#605);
#605 = CARTESIAN_POINT('',(0.3,-0.23,0.46));
#606 = LINE('',#607,#608);
#607 = CARTESIAN_POINT('',(-0.3,-0.23,0.46));
#608 = VECTOR('',#609,1.);
#609 = DIRECTION('',(1.,0.,0.));
#610 = ORIENTED_EDGE('',*,*,#611,.T.);
#611 = EDGE_CURVE('',#604,#581,#612,.T.);
#612 = CIRCLE('',#613,2.E-02);
#613 = AXIS2_PLACEMENT_3D('',#614,#615,#616);
#614 = CARTESIAN_POINT('',(0.3,-0.21,0.46));
#615 = DIRECTION('',(-1.,0.,0.));
#616 = DIRECTION('',(0.,0.,1.));
#617 = ORIENTED_EDGE('',*,*,#580,.F.);
#618 = ORIENTED_EDGE('',*,*,#392,.F.);
#619 = CYLINDRICAL_SURFACE('',#620,2.E-02);
#620 = AXIS2_PLACEMENT_3D('',#621,#622,#623);
#621 = CARTESIAN_POINT('',(-0.3,-0.21,0.46));
#622 = DIRECTION('',(1.,0.,0.));
#623 = DIRECTION('',(0.,-1.,0.));
#624 = ADVANCED_FACE('',(#625),#636,.F.);
#625 = FACE_BOUND('',#626,.F.);
#626 = EDGE_LOOP('',(#627,#633,#634,#635));
#627 = ORIENTED_EDGE('',*,*,#628,.F.);
#628 = EDGE_CURVE('',#459,#604,#629,.T.);
#629 = LINE('',#630,#631);
#630 = CARTESIAN_POINT('',(0.3,-0.23,2.E-02));
#631 = VECTOR('',#632,1.);
#632 = DIRECTION('',(0.,0.,1.));
#633 = ORIENTED_EDGE('',*,*,#467,.F.);
#634 = ORIENTED_EDGE('',*,*,#384,.T.);
#635 = ORIENTED_EDGE('',*,*,#603,.T.);
#636 = PLANE('',#637);
#637 = AXIS2_PLACEMENT_3D('',#638,#639,#640);
#638 = CARTESIAN_POINT('',(-0.3,-0.23,2.E-02));
#639 = DIRECTION('',(0.,1.,0.));
#640 = DIRECTION('',(0.,-0.,1.));
#641 = ADVANCED_FACE('',(#642,#712),#722,.F.);
#642 = FACE_BOUND('',#643,.F.);
#643 = EDGE_LOOP('',(#644,#654,#663,#671,#680,#688,#697,#705));
#644 = ORIENTED_EDGE('',*,*,#645,.F.);
#645 = EDGE_CURVE('',#646,#648,#650,.T.);
#646 = VERTEX_POINT('',#647);
#647 = CARTESIAN_POINT('',(0.3,-0.25,2.E-02));
#648 = VERTEX_POINT('',#649);
#649 = CARTESIAN_POINT('',(0.3,-0.25,0.48));
#650 = LINE('',#651,#652);
#651 = CARTESIAN_POINT('',(0.3,-0.25,0.));
#652 = VECTOR('',#653,1.);
#653 = DIRECTION('',(0.,0.,1.));
#654 = ORIENTED_EDGE('',*,*,#655,.T.);
#655 = EDGE_CURVE('',#646,#656,#658,.T.);
#656 = VERTEX_POINT('',#657);
#657 = CARTESIAN_POINT('',(0.3,-0.23,0.));
#658 = CIRCLE('',#659,2.E-02);
#659 = AXIS2_PLACEMENT_3D('',#660,#661,#662);
#660 = CARTESIAN_POINT('',(0.3,-0.23,2.E-02));
#661 = DIRECTION('',(1.,0.,-0.));
#662 = DIRECTION('',(0.,0.,1.));
#663 = ORIENTED_EDGE('',*,*,#664,.T.);
#664 = EDGE_CURVE('',#656,#665,#667,.T.);
#665 = VERTEX_POINT('',#666);
#666 = CARTESIAN_POINT('',(0.3,0.23,0.));
#667 = LINE('',#668,#669);
#668 = CARTESIAN_POINT('',(0.3,-0.25,0.));
#669 = VECTOR('',#670,1.);
#670 = DIRECTION('',(0.,1.,0.));
#671 = ORIENTED_EDGE('',*,*,#672,.F.);
#672 = EDGE_CURVE('',#673,#665,#675,.T.);
#673 = VERTEX_POINT('',#674);
#674 = CARTESIAN_POINT('',(0.3,0.25,2.E-02));
#675 = CIRCLE('',#676,2.E-02);
#676 = AXIS2_PLACEMENT_3D('',#677,#678,#679);
#677 = CARTESIAN_POINT('',(0.3,0.23,2.E-02));
#678 = DIRECTION('',(-1.,0.,0.));
#679 = DIRECTION('',(0.,0.,1.));
#680 = ORIENTED_EDGE('',*,*,#681,.T.);
#681 = EDGE_CURVE('',#673,#682,#684,.T.);
#682 = VERTEX_POINT('',#683);
#683 = CARTESIAN_POINT('',(0.3,0.25,0.48));
#684 = LINE('',#685,#686);
#685 = CARTESIAN_POINT('',(0.3,0.25,0.));
#686 = VECTOR('',#687,1.);
#687 = DIRECTION('',(0.,0.,1.));
#688 = ORIENTED_EDGE('',*,*,#689,.T.);
#689 = EDGE_CURVE('',#682,#690,#692,.T.);
#690 = VERTEX_POINT('',#691);
#691 = CARTESIAN_POINT('',(0.3,0.23,0.5));
#692 = CIRCLE('',#693,2.E-02);
#693 = AXIS2_PLACEMENT_3D('',#694,#695,#696);
#694 = CARTESIAN_POINT('',(0.3,0.23,0.48));
#695 = DIRECTION('',(1.,0.,-0.));
#696 = DIRECTION('',(0.,0.,1.));
#697 = ORIENTED_EDGE('',*,*,#698,.F.);
#698 = EDGE_CURVE('',#699,#690,#701,.T.);
#699 = VERTEX_POINT('',#700);
#700 = CARTESIAN_POINT('',(0.3,-0.23,0.5));
#701 = LINE('',#702,#703);
#702 = CARTESIAN_POINT('',(0.3,-0.25,0.5));
#703 = VECTOR('',#704,1.);
#704 = DIRECTION('',(0.,1.,0.));
#705 = ORIENTED_EDGE('',*,*,#706,.F.);
#706 = EDGE_CURVE('',#648,#699,#707,.T.);
#707 = CIRCLE('',#708,2.E-02);
#708 = AXIS2_PLACEMENT_3D('',#709,#710,#711);
#709 = CARTESIAN_POINT('',(0.3,-0.23,0.48));
#710 = DIRECTION('',(-1.,0.,0.));
#711 = DIRECTION('',(0.,0.,1.));
#712 = FACE_BOUND('',#713,.F.);
#713 = EDGE_LOOP('',(#714,#715,#716,#717,#718,#719,#720,#721));
#714 = ORIENTED_EDGE('',*,*,#458,.F.);
#715 = ORIENTED_EDGE('',*,*,#628,.T.);
#716 = ORIENTED_EDGE('',*,*,#611,.T.);
#717 = ORIENTED_EDGE('',*,*,#588,.T.);
#718 = ORIENTED_EDGE('',*,*,#563,.F.);
#719 = ORIENTED_EDGE('',*,*,#530,.F.);
#720 = ORIENTED_EDGE('',*,*,#513,.T.);
#721 = ORIENTED_EDGE('',*,*,#483,.F.);
#722 = PLANE('',#723);
#723 = AXIS2_PLACEMENT_3D('',#724,#725,#726);
#724 = CARTESIAN_POINT('',(0.3,-0.25,0.));
#725 = DIRECTION('',(1.,0.,0.));
#726 = DIRECTION('',(0.,0.,1.));
#727 = ADVANCED_FACE('',(#728),#753,.F.);
#728 = FACE_BOUND('',#729,.F.);
#729 = EDGE_LOOP('',(#730,#740,#746,#747));
#730 = ORIENTED_EDGE('',*,*,#731,.F.);
#731 = EDGE_CURVE('',#732,#734,#736,.T.);
#732 = VERTEX_POINT('',#733);
#733 = CARTESIAN_POINT('',(0.5,-0.25,2.E-02));
#734 = VERTEX_POINT('',#735);
#735 = CARTESIAN_POINT('',(0.5,-0.25,0.48));
#736 = LINE('',#737,#738);
#737 = CARTESIAN_POINT('',(0.5,-0.25,0.));
#738 = VECTOR('',#739,1.);
#739 = DIRECTION('',(0.,0.,1.));
#740 = ORIENTED_EDGE('',*,*,#741,.F.);
#741 = EDGE_CURVE('',#646,#732,#742,.T.);
#742 = LINE('',#743,#744);
#743 = CARTESIAN_POINT('',(0.3,-0.25,2.E-02));
#744 = VECTOR('',#745,1.);
#745 = DIRECTION('',(1.,0.,0.));
#746 = ORIENTED_EDGE('',*,*,#645,.T.);
#747 = ORIENTED_EDGE('',*,*,#748,.T.);
#748 = EDGE_CURVE('',#648,#734,#749,.T.);
#749 = LINE('',#750,#751);
#750 = CARTESIAN_POINT('',(0.3,-0.25,0.48));
#751 = VECTOR('',#752,1.);
#752 = DIRECTION('',(1.,0.,0.));
#753 = PLANE('',#754);
#754 = AXIS2_PLACEMENT_3D('',#755,#756,#757);
#755 = CARTESIAN_POINT('',(0.3,-0.25,0.));
#756 = DIRECTION('',(0.,1.,0.));
#757 = DIRECTION('',(0.,-0.,1.));
#758 = ADVANCED_FACE('',(#759),#778,.T.);
#759 = FACE_BOUND('',#760,.T.);
#760 = EDGE_LOOP('',(#761,#762,#770,#777));
#761 = ORIENTED_EDGE('',*,*,#655,.T.);
#762 = ORIENTED_EDGE('',*,*,#763,.T.);
#763 = EDGE_CURVE('',#656,#764,#766,.T.);
#764 = VERTEX_POINT('',#765);
#765 = CARTESIAN_POINT('',(0.5,-0.23,0.));
#766 = LINE('',#767,#768);
#767 = CARTESIAN_POINT('',(0.3,-0.23,0.));
#768 = VECTOR('',#769,1.);
#769 = DIRECTION('',(1.,0.,0.));
#770 = ORIENTED_EDGE('',*,*,#771,.F.);
#771 = EDGE_CURVE('',#732,#764,#772,.T.);
#772 = CIRCLE('',#773,2.E-02);
#773 = AXIS2_PLACEMENT_3D('',#774,#775,#776);
#774 = CARTESIAN_POINT('',(0.5,-0.23,2.E-02));
#775 = DIRECTION('',(1.,0.,-0.));
#776 = DIRECTION('',(0.,0.,1.));
#777 = ORIENTED_EDGE('',*,*,#741,.F.);
#778 = CYLINDRICAL_SURFACE('',#779,2.E-02);
#779 = AXIS2_PLACEMENT_3D('',#780,#781,#782);
#780 = CARTESIAN_POINT('',(0.3,-0.23,2.E-02));
#781 = DIRECTION('',(1.,0.,0.));
#782 = DIRECTION('',(0.,-1.,0.));
#783 = ADVANCED_FACE('',(#784),#803,.T.);
#784 = FACE_BOUND('',#785,.T.);
#785 = EDGE_LOOP('',(#786,#787,#796,#802));
#786 = ORIENTED_EDGE('',*,*,#748,.T.);
#787 = ORIENTED_EDGE('',*,*,#788,.T.);
#788 = EDGE_CURVE('',#734,#789,#791,.T.);
#789 = VERTEX_POINT('',#790);
#790 = CARTESIAN_POINT('',(0.5,-0.23,0.5));
#791 = CIRCLE('',#792,2.E-02);
#792 = AXIS2_PLACEMENT_3D('',#793,#794,#795);
#793 = CARTESIAN_POINT('',(0.5,-0.23,0.48));
#794 = DIRECTION('',(-1.,0.,0.));
#795 = DIRECTION('',(0.,0.,1.));
#796 = ORIENTED_EDGE('',*,*,#797,.F.);
#797 = EDGE_CURVE('',#699,#789,#798,.T.);
#798 = LINE('',#799,#800);
#799 = CARTESIAN_POINT('',(0.3,-0.23,0.5));
#800 = VECTOR('',#801,1.);
#801 = DIRECTION('',(1.,0.,0.));
#802 = ORIENTED_EDGE('',*,*,#706,.F.);
#803 = CYLINDRICAL_SURFACE('',#804,2.E-02);
#804 = AXIS2_PLACEMENT_3D('',#805,#806,#807);
#805 = CARTESIAN_POINT('',(0.3,-0.23,0.48));
#806 = DIRECTION('',(1.,0.,0.));
#807 = DIRECTION('',(0.,-1.,0.));
#808 = ADVANCED_FACE('',(#809),#827,.F.);
#809 = FACE_BOUND('',#810,.F.);
#810 = EDGE_LOOP('',(#811,#812,#813,#821));
#811 = ORIENTED_EDGE('',*,*,#664,.F.);
#812 = ORIENTED_EDGE('',*,*,#763,.T.);
#813 = ORIENTED_EDGE('',*,*,#814,.T.);
#814 = EDGE_CURVE('',#764,#815,#817,.T.);
#815 = VERTEX_POINT('',#816);
#816 = CARTESIAN_POINT('',(0.5,0.23,0.));
#817 = LINE('',#818,#819);
#818 = CARTESIAN_POINT('',(0.5,-0.25,0.));
#819 = VECTOR('',#820,1.);
#820 = DIRECTION('',(0.,1.,0.));
#821 = ORIENTED_EDGE('',*,*,#822,.F.);
#822 = EDGE_CURVE('',#665,#815,#823,.T.);
#823 = LINE('',#824,#825);
#824 = CARTESIAN_POINT('',(0.3,0.23,0.));
#825 = VECTOR('',#826,1.);
#826 = DIRECTION('',(1.,0.,0.));
#827 = PLANE('',#828);
#828 = AXIS2_PLACEMENT_3D('',#829,#830,#831);
#829 = CARTESIAN_POINT('',(0.3,-0.25,0.));
#830 = DIRECTION('',(0.,0.,1.));
#831 = DIRECTION('',(1.,0.,-0.));
#832 = ADVANCED_FACE('',(#833),#851,.T.);
#833 = FACE_BOUND('',#834,.T.);
#834 = EDGE_LOOP('',(#835,#836,#837,#845));
#835 = ORIENTED_EDGE('',*,*,#698,.F.);
#836 = ORIENTED_EDGE('',*,*,#797,.T.);
#837 = ORIENTED_EDGE('',*,*,#838,.T.);
#838 = EDGE_CURVE('',#789,#839,#841,.T.);
#839 = VERTEX_POINT('',#840);
#840 = CARTESIAN_POINT('',(0.5,0.23,0.5));
#841 = LINE('',#842,#843);
#842 = CARTESIAN_POINT('',(0.5,-0.25,0.5));
#843 = VECTOR('',#844,1.);
#844 = DIRECTION('',(0.,1.,0.));
#845 = ORIENTED_EDGE('',*,*,#846,.F.);
#846 = EDGE_CURVE('',#690,#839,#847,.T.);
#847 = LINE('',#848,#849);
#848 = CARTESIAN_POINT('',(0.3,0.23,0.5));
#849 = VECTOR('',#850,1.);
#850 = DIRECTION('',(1.,0.,0.));
#851 = PLANE('',#852);
#852 = AXIS2_PLACEMENT_3D('',#853,#854,#855);
#853 = CARTESIAN_POINT('',(0.3,-0.25,0.5));
#854 = DIRECTION('',(0.,0.,1.));
#855 = DIRECTION('',(1.,0.,-0.));
#856 = ADVANCED_FACE('',(#857),#876,.T.);
#857 = FACE_BOUND('',#858,.T.);
#858 = EDGE_LOOP('',(#859,#867,#874,#875));
#859 = ORIENTED_EDGE('',*,*,#860,.T.);
#860 = EDGE_CURVE('',#673,#861,#863,.T.);
#861 = VERTEX_POINT('',#862);
#862 = CARTESIAN_POINT('',(0.5,0.25,2.E-02));
#863 = LINE('',#864,#865);
#864 = CARTESIAN_POINT('',(0.3,0.25,2.E-02));
#865 = VECTOR('',#866,1.);
#866 = DIRECTION('',(1.,0.,0.));
#867 = ORIENTED_EDGE('',*,*,#868,.T.);
#868 = EDGE_CURVE('',#861,#815,#869,.T.);
#869 = CIRCLE('',#870,2.E-02);
#870 = AXIS2_PLACEMENT_3D('',#871,#872,#873);
#871 = CARTESIAN_POINT('',(0.5,0.23,2.E-02));
#872 = DIRECTION('',(-1.,0.,0.));
#873 = DIRECTION('',(0.,0.,1.));
#874 = ORIENTED_EDGE('',*,*,#822,.F.);
#875 = ORIENTED_EDGE('',*,*,#672,.F.);
#876 = CYLINDRICAL_SURFACE('',#877,2.E-02);
#877 = AXIS2_PLACEMENT_3D('',#878,#879,#880);
#878 = CARTESIAN_POINT('',(0.3,0.23,2.E-02));
#879 = DIRECTION('',(1.,0.,0.));
#880 = DIRECTION('',(-0.,1.,0.));
#881 = ADVANCED_FACE('',(#882),#901,.T.);
#882 = FACE_BOUND('',#883,.T.);
#883 = EDGE_LOOP('',(#884,#885,#886,#895));
#884 = ORIENTED_EDGE('',*,*,#689,.T.);
#885 = ORIENTED_EDGE('',*,*,#846,.T.);
#886 = ORIENTED_EDGE('',*,*,#887,.F.);
#887 = EDGE_CURVE('',#888,#839,#890,.T.);
#888 = VERTEX_POINT('',#889);
#889 = CARTESIAN_POINT('',(0.5,0.25,0.48));
#890 = CIRCLE('',#891,2.E-02);
#891 = AXIS2_PLACEMENT_3D('',#892,#893,#894);
#892 = CARTESIAN_POINT('',(0.5,0.23,0.48));
#893 = DIRECTION('',(1.,0.,-0.));
#894 = DIRECTION('',(0.,0.,1.));
#895 = ORIENTED_EDGE('',*,*,#896,.F.);
#896 = EDGE_CURVE('',#682,#888,#897,.T.);
#897 = LINE('',#898,#899);
#898 = CARTESIAN_POINT('',(0.3,0.25,0.48));
#899 = VECTOR('',#900,1.);
#900 = DIRECTION('',(1.,0.,0.));
#901 = CYLINDRICAL_SURFACE('',#902,2.E-02);
#902 = AXIS2_PLACEMENT_3D('',#903,#904,#905);
#903 = CARTESIAN_POINT('',(0.3,0.23,0.48));
#904 = DIRECTION('',(1.,0.,0.));
#905 = DIRECTION('',(-0.,1.,0.));
#906 = ADVANCED_FACE('',(#907),#918,.T.);
#907 = FACE_BOUND('',#908,.T.);
#908 = EDGE_LOOP('',(#909,#915,#916,#917));
#909 = ORIENTED_EDGE('',*,*,#910,.F.);
#910 = EDGE_CURVE('',#861,#888,#911,.T.);
#911 = LINE('',#912,#913);
#912 = CARTESIAN_POINT('',(0.5,0.25,0.));
#913 = VECTOR('',#914,1.);
#914 = DIRECTION('',(0.,0.,1.));
#915 = ORIENTED_EDGE('',*,*,#860,.F.);
#916 = ORIENTED_EDGE('',*,*,#681,.T.);
#917 = ORIENTED_EDGE('',*,*,#896,.T.);
#918 = PLANE('',#919);
#919 = AXIS2_PLACEMENT_3D('',#920,#921,#922);
#920 = CARTESIAN_POINT('',(0.3,0.25,0.));
#921 = DIRECTION('',(0.,1.,0.));
#922 = DIRECTION('',(0.,-0.,1.));
#923 = ADVANCED_FACE('',(#924),#934,.T.);
#924 = FACE_BOUND('',#925,.T.);
#925 = EDGE_LOOP('',(#926,#927,#928,#929,#930,#931,#932,#933));
#926 = ORIENTED_EDGE('',*,*,#731,.F.);
#927 = ORIENTED_EDGE('',*,*,#771,.T.);
#928 = ORIENTED_EDGE('',*,*,#814,.T.);
#929 = ORIENTED_EDGE('',*,*,#868,.F.);
#930 = ORIENTED_EDGE('',*,*,#910,.T.);
#931 = ORIENTED_EDGE('',*,*,#887,.T.);
#932 = ORIENTED_EDGE('',*,*,#838,.F.);
#933 = ORIENTED_EDGE('',*,*,#788,.F.);
#934 = PLANE('',#935);
#935 = AXIS2_PLACEMENT_3D('',#936,#937,#938);
#936 = CARTESIAN_POINT('',(0.5,-0.25,0.));
#937 = DIRECTION('',(1.,0.,0.));
#938 = DIRECTION('',(0.,0.,1.));
#939 = ( GEOMETRIC_REPRESENTATION_CONTEXT(3) 
GLOBAL_UNCERTAINTY_ASSIGNED_CONTEXT((#943)) GLOBAL_UNIT_ASSIGNED_CONTEXT
((#940,#941,#942)) REPRESENTATION_CONTEXT('Context #1',
  '3D Context with UNIT and UNCERTAINTY') );
#940 = ( LENGTH_UNIT() NAMED_UNIT(*) SI_UNIT(.MILLI.,.METRE.) );
#941 = ( NAMED_UNIT(*) PLANE_ANGLE_UNIT() SI_UNIT($,.RADIAN.) );
#942 = ( NAMED_UNIT(*) SI_UNIT($,.STERADIAN.) SOLID_ANGLE_UNIT() );
#943 = UNCERTAINTY_MEASURE_WITH_UNIT(LENGTH_MEASURE(1.E-07),#940,
  'distance_accuracy_value','confusion accuracy');
#944 = CONTEXT_DEPENDENT_SHAPE_REPRESENTATION(#945,#947);
#945 = ( REPRESENTATION_RELATIONSHIP('','',#84,#10) 
REPRESENTATION_RELATIONSHIP_WITH_TRANSFORMATION(#946) 
SHAPE_REPRESENTATION_RELATIONSHIP() );
#946 = ITEM_DEFINED_TRANSFORMATION('','',#11,#15);
#947 = PRODUCT_DEFINITION_SHAPE('Placement','Placement of an item',#948
  );
#948 = NEXT_ASSEMBLY_USAGE_OCCURRENCE('1','C7','',#5,#79,$);
#949 = PRODUCT_RELATED_PRODUCT_CATEGORY('part',$,(#81));
#950 = SHAPE_DEFINITION_REPRESENTATION(#951,#957);
#951 = PRODUCT_DEFINITION_SHAPE('','',#952);
#952 = PRODUCT_DEFINITION('design','',#953,#956);
#953 = PRODUCT_DEFINITION_FORMATION('','',#954);
#954 = PRODUCT('Texas_S-PVQFN-N14','Texas_S-PVQFN-N14','',(#955));
#955 = PRODUCT_CONTEXT('',#2,'mechanical');
#956 = PRODUCT_DEFINITION_CONTEXT('part definition',#2,'design');
#957 = ADVANCED_BREP_SHAPE_REPRESENTATION('',(#11,#958),#4128);
#958 = MANIFOLD_SOLID_BREP('',#959);
#959 = CLOSED_SHELL('',(#960,#1008,#1039,#1063,#1087,#1111,#1128,#1637,
    #1714,#1853,#1893,#1933,#1958,#1983,#2016,#2049,#2089,#2129,#2154,
    #2179,#2212,#2245,#2384,#2424,#2464,#2489,#2514,#2547,#2580,#2620,
    #2660,#2685,#2710,#2743,#2776,#2816,#2856,#2881,#2906,#2939,#2972,
    #3035,#3075,#3115,#3140,#3165,#3198,#3231,#3271,#3311,#3336,#3361,
    #3394,#3427,#3450,#3467,#3484,#3501,#3518,#3535,#3552,#3569,#3586,
    #3598,#3615,#3627,#3644,#3656,#3673,#3685,#3702,#3719,#3736,#3753,
    #3770,#3787,#3799,#3816,#3828,#3845,#3857,#3874,#3886,#3903,#3915,
    #3932,#3944,#3961,#3978,#3995,#4007,#4024,#4036,#4053,#4065,#4082,
    #4094,#4119));
#960 = ADVANCED_FACE('',(#961),#1003,.F.);
#961 = FACE_BOUND('',#962,.F.);
#962 = EDGE_LOOP('',(#963,#973,#981,#989,#997));
#963 = ORIENTED_EDGE('',*,*,#964,.T.);
#964 = EDGE_CURVE('',#965,#967,#969,.T.);
#965 = VERTEX_POINT('',#966);
#966 = CARTESIAN_POINT('',(-1.025,1.015,0.));
#967 = VERTEX_POINT('',#968);
#968 = CARTESIAN_POINT('',(-1.025,-1.025,0.));
#969 = LINE('',#970,#971);
#970 = CARTESIAN_POINT('',(-1.025,1.015,0.));
#971 = VECTOR('',#972,1.);
#972 = DIRECTION('',(-2.22044604925E-16,-1.,0.));
#973 = ORIENTED_EDGE('',*,*,#974,.T.);
#974 = EDGE_CURVE('',#967,#975,#977,.T.);
#975 = VERTEX_POINT('',#976);
#976 = CARTESIAN_POINT('',(1.025,-1.025,0.));
#977 = LINE('',#978,#979);
#978 = CARTESIAN_POINT('',(-1.025,-1.025,0.));
#979 = VECTOR('',#980,1.);
#980 = DIRECTION('',(1.,-1.137301634982E-16,0.));
#981 = ORIENTED_EDGE('',*,*,#982,.T.);
#982 = EDGE_CURVE('',#975,#983,#985,.T.);
#983 = VERTEX_POINT('',#984);
#984 = CARTESIAN_POINT('',(1.025,1.025,0.));
#985 = LINE('',#986,#987);
#986 = CARTESIAN_POINT('',(1.025,-1.025,0.));
#987 = VECTOR('',#988,1.);
#988 = DIRECTION('',(2.22044604925E-16,1.,0.));
#989 = ORIENTED_EDGE('',*,*,#990,.T.);
#990 = EDGE_CURVE('',#983,#991,#993,.T.);
#991 = VERTEX_POINT('',#992);
#992 = CARTESIAN_POINT('',(-1.015,1.025,0.));
#993 = LINE('',#994,#995);
#994 = CARTESIAN_POINT('',(1.025,1.025,0.));
#995 = VECTOR('',#996,1.);
#996 = DIRECTION('',(-1.,2.22044604925E-16,0.));
#997 = ORIENTED_EDGE('',*,*,#998,.T.);
#998 = EDGE_CURVE('',#991,#965,#999,.T.);
#999 = LINE('',#1000,#1001);
#1000 = CARTESIAN_POINT('',(-1.015,1.025,0.));
#1001 = VECTOR('',#1002,1.);
#1002 = DIRECTION('',(-0.707106781187,-0.707106781187,0.));
#1003 = PLANE('',#1004);
#1004 = AXIS2_PLACEMENT_3D('',#1005,#1006,#1007);
#1005 = CARTESIAN_POINT('',(7.352840070471E-04,-7.352840070472E-04,0.));
#1006 = DIRECTION('',(0.,0.,1.));
#1007 = DIRECTION('',(-2.22044604925E-16,-1.,0.));
#1008 = ADVANCED_FACE('',(#1009),#1034,.F.);
#1009 = FACE_BOUND('',#1010,.F.);
#1010 = EDGE_LOOP('',(#1011,#1012,#1020,#1028));
#1011 = ORIENTED_EDGE('',*,*,#964,.F.);
#1012 = ORIENTED_EDGE('',*,*,#1013,.T.);
#1013 = EDGE_CURVE('',#965,#1014,#1016,.T.);
#1014 = VERTEX_POINT('',#1015);
#1015 = CARTESIAN_POINT('',(-1.025,1.015,2.E-02));
#1016 = LINE('',#1017,#1018);
#1017 = CARTESIAN_POINT('',(-1.025,1.015,0.));
#1018 = VECTOR('',#1019,1.);
#1019 = DIRECTION('',(0.,0.,1.));
#1020 = ORIENTED_EDGE('',*,*,#1021,.F.);
#1021 = EDGE_CURVE('',#1022,#1014,#1024,.T.);
#1022 = VERTEX_POINT('',#1023);
#1023 = CARTESIAN_POINT('',(-1.025,-1.025,2.E-02));
#1024 = LINE('',#1025,#1026);
#1025 = CARTESIAN_POINT('',(-1.025,1.5775,2.E-02));
#1026 = VECTOR('',#1027,1.);
#1027 = DIRECTION('',(2.22044604925E-16,1.,0.));
#1028 = ORIENTED_EDGE('',*,*,#1029,.F.);
#1029 = EDGE_CURVE('',#967,#1022,#1030,.T.);
#1030 = LINE('',#1031,#1032);
#1031 = CARTESIAN_POINT('',(-1.025,-1.025,0.));
#1032 = VECTOR('',#1033,1.);
#1033 = DIRECTION('',(0.,0.,1.));
#1034 = PLANE('',#1035);
#1035 = AXIS2_PLACEMENT_3D('',#1036,#1037,#1038);
#1036 = CARTESIAN_POINT('',(-1.025,1.015,0.));
#1037 = DIRECTION('',(1.,-2.22044604925E-16,0.));
#1038 = DIRECTION('',(-2.22044604925E-16,-1.,0.));
#1039 = ADVANCED_FACE('',(#1040),#1058,.F.);
#1040 = FACE_BOUND('',#1041,.F.);
#1041 = EDGE_LOOP('',(#1042,#1043,#1044,#1052));
#1042 = ORIENTED_EDGE('',*,*,#974,.F.);
#1043 = ORIENTED_EDGE('',*,*,#1029,.T.);
#1044 = ORIENTED_EDGE('',*,*,#1045,.F.);
#1045 = EDGE_CURVE('',#1046,#1022,#1048,.T.);
#1046 = VERTEX_POINT('',#1047);
#1047 = CARTESIAN_POINT('',(1.025,-1.025,2.E-02));
#1048 = LINE('',#1049,#1050);
#1049 = CARTESIAN_POINT('',(-1.5825,-1.025,2.E-02));
#1050 = VECTOR('',#1051,1.);
#1051 = DIRECTION('',(-1.,1.137301634982E-16,0.));
#1052 = ORIENTED_EDGE('',*,*,#1053,.F.);
#1053 = EDGE_CURVE('',#975,#1046,#1054,.T.);
#1054 = LINE('',#1055,#1056);
#1055 = CARTESIAN_POINT('',(1.025,-1.025,0.));
#1056 = VECTOR('',#1057,1.);
#1057 = DIRECTION('',(0.,0.,1.));
#1058 = PLANE('',#1059);
#1059 = AXIS2_PLACEMENT_3D('',#1060,#1061,#1062);
#1060 = CARTESIAN_POINT('',(-1.025,-1.025,0.));
#1061 = DIRECTION('',(1.137301634982E-16,1.,0.));
#1062 = DIRECTION('',(1.,-1.137301634982E-16,0.));
#1063 = ADVANCED_FACE('',(#1064),#1082,.F.);
#1064 = FACE_BOUND('',#1065,.F.);
#1065 = EDGE_LOOP('',(#1066,#1067,#1068,#1076));
#1066 = ORIENTED_EDGE('',*,*,#982,.F.);
#1067 = ORIENTED_EDGE('',*,*,#1053,.T.);
#1068 = ORIENTED_EDGE('',*,*,#1069,.F.);
#1069 = EDGE_CURVE('',#1070,#1046,#1072,.T.);
#1070 = VERTEX_POINT('',#1071);
#1071 = CARTESIAN_POINT('',(1.025,1.025,2.E-02));
#1072 = LINE('',#1073,#1074);
#1073 = CARTESIAN_POINT('',(1.025,0.5575,2.E-02));
#1074 = VECTOR('',#1075,1.);
#1075 = DIRECTION('',(-2.22044604925E-16,-1.,0.));
#1076 = ORIENTED_EDGE('',*,*,#1077,.F.);
#1077 = EDGE_CURVE('',#983,#1070,#1078,.T.);
#1078 = LINE('',#1079,#1080);
#1079 = CARTESIAN_POINT('',(1.025,1.025,0.));
#1080 = VECTOR('',#1081,1.);
#1081 = DIRECTION('',(0.,0.,1.));
#1082 = PLANE('',#1083);
#1083 = AXIS2_PLACEMENT_3D('',#1084,#1085,#1086);
#1084 = CARTESIAN_POINT('',(1.025,-1.025,0.));
#1085 = DIRECTION('',(-1.,2.22044604925E-16,0.));
#1086 = DIRECTION('',(2.22044604925E-16,1.,0.));
#1087 = ADVANCED_FACE('',(#1088),#1106,.F.);
#1088 = FACE_BOUND('',#1089,.F.);
#1089 = EDGE_LOOP('',(#1090,#1091,#1092,#1100));
#1090 = ORIENTED_EDGE('',*,*,#990,.F.);
#1091 = ORIENTED_EDGE('',*,*,#1077,.T.);
#1092 = ORIENTED_EDGE('',*,*,#1093,.F.);
#1093 = EDGE_CURVE('',#1094,#1070,#1096,.T.);
#1094 = VERTEX_POINT('',#1095);
#1095 = CARTESIAN_POINT('',(-1.015,1.025,2.E-02));
#1096 = LINE('',#1097,#1098);
#1097 = CARTESIAN_POINT('',(-0.5575,1.025,2.E-02));
#1098 = VECTOR('',#1099,1.);
#1099 = DIRECTION('',(1.,-2.22044604925E-16,0.));
#1100 = ORIENTED_EDGE('',*,*,#1101,.F.);
#1101 = EDGE_CURVE('',#991,#1094,#1102,.T.);
#1102 = LINE('',#1103,#1104);
#1103 = CARTESIAN_POINT('',(-1.015,1.025,0.));
#1104 = VECTOR('',#1105,1.);
#1105 = DIRECTION('',(0.,0.,1.));
#1106 = PLANE('',#1107);
#1107 = AXIS2_PLACEMENT_3D('',#1108,#1109,#1110);
#1108 = CARTESIAN_POINT('',(1.025,1.025,0.));
#1109 = DIRECTION('',(-2.22044604925E-16,-1.,0.));
#1110 = DIRECTION('',(-1.,2.22044604925E-16,0.));
#1111 = ADVANCED_FACE('',(#1112),#1123,.F.);
#1112 = FACE_BOUND('',#1113,.F.);
#1113 = EDGE_LOOP('',(#1114,#1115,#1116,#1122));
#1114 = ORIENTED_EDGE('',*,*,#998,.F.);
#1115 = ORIENTED_EDGE('',*,*,#1101,.T.);
#1116 = ORIENTED_EDGE('',*,*,#1117,.F.);
#1117 = EDGE_CURVE('',#1014,#1094,#1118,.T.);
#1118 = LINE('',#1119,#1120);
#1119 = CARTESIAN_POINT('',(-1.0175,1.0225,2.E-02));
#1120 = VECTOR('',#1121,1.);
#1121 = DIRECTION('',(0.707106781187,0.707106781187,0.));
#1122 = ORIENTED_EDGE('',*,*,#1013,.F.);
#1123 = PLANE('',#1124);
#1124 = AXIS2_PLACEMENT_3D('',#1125,#1126,#1127);
#1125 = CARTESIAN_POINT('',(-1.015,1.025,0.));
#1126 = DIRECTION('',(0.707106781187,-0.707106781187,0.));
#1127 = DIRECTION('',(-0.707106781187,-0.707106781187,0.));
#1128 = ADVANCED_FACE('',(#1129,#1625),#1632,.F.);
#1129 = FACE_BOUND('',#1130,.F.);
#1130 = EDGE_LOOP('',(#1131,#1141,#1149,#1157,#1166,#1174,#1182,#1190,
    #1199,#1207,#1215,#1223,#1232,#1240,#1248,#1256,#1265,#1273,#1281,
    #1289,#1298,#1306,#1314,#1322,#1330,#1339,#1347,#1355,#1363,#1372,
    #1380,#1388,#1396,#1404,#1413,#1421,#1429,#1437,#1446,#1454,#1462,
    #1470,#1479,#1487,#1495,#1503,#1512,#1520,#1528,#1536,#1545,#1553,
    #1561,#1569,#1577,#1586,#1594,#1602,#1610,#1619));
#1131 = ORIENTED_EDGE('',*,*,#1132,.F.);
#1132 = EDGE_CURVE('',#1133,#1135,#1137,.T.);
#1133 = VERTEX_POINT('',#1134);
#1134 = CARTESIAN_POINT('',(-2.14,2.14,2.E-02));
#1135 = VERTEX_POINT('',#1136);
#1136 = CARTESIAN_POINT('',(-0.89,2.14,2.E-02));
#1137 = LINE('',#1138,#1139);
#1138 = CARTESIAN_POINT('',(-2.14,2.14,2.E-02));
#1139 = VECTOR('',#1140,1.);
#1140 = DIRECTION('',(1.,-2.22044604925E-16,0.));
#1141 = ORIENTED_EDGE('',*,*,#1142,.T.);
#1142 = EDGE_CURVE('',#1133,#1143,#1145,.T.);
#1143 = VERTEX_POINT('',#1144);
#1144 = CARTESIAN_POINT('',(-2.14,1.14,2.E-02));
#1145 = LINE('',#1146,#1147);
#1146 = CARTESIAN_POINT('',(-2.14,2.14,2.E-02));
#1147 = VECTOR('',#1148,1.);
#1148 = DIRECTION('',(-2.22044604925E-16,-1.,0.));
#1149 = ORIENTED_EDGE('',*,*,#1150,.T.);
#1150 = EDGE_CURVE('',#1143,#1151,#1153,.T.);
#1151 = VERTEX_POINT('',#1152);
#1152 = CARTESIAN_POINT('',(-1.89,1.14,2.E-02));
#1153 = LINE('',#1154,#1155);
#1154 = CARTESIAN_POINT('',(-2.015,1.14,2.E-02));
#1155 = VECTOR('',#1156,1.);
#1156 = DIRECTION('',(1.,-4.669739647545E-16,0.));
#1157 = ORIENTED_EDGE('',*,*,#1158,.T.);
#1158 = EDGE_CURVE('',#1151,#1159,#1161,.T.);
#1159 = VERTEX_POINT('',#1160);
#1160 = CARTESIAN_POINT('',(-1.89,0.86,2.E-02));
#1161 = CIRCLE('',#1162,0.14);
#1162 = AXIS2_PLACEMENT_3D('',#1163,#1164,#1165);
#1163 = CARTESIAN_POINT('',(-1.89,1.,2.E-02));
#1164 = DIRECTION('',(-0.,0.,-1.));
#1165 = DIRECTION('',(-4.669739647545E-16,-1.,0.));
#1166 = ORIENTED_EDGE('',*,*,#1167,.T.);
#1167 = EDGE_CURVE('',#1159,#1168,#1170,.T.);
#1168 = VERTEX_POINT('',#1169);
#1169 = CARTESIAN_POINT('',(-2.14,0.86,2.E-02));
#1170 = LINE('',#1171,#1172);
#1171 = CARTESIAN_POINT('',(-2.145,0.86,2.E-02));
#1172 = VECTOR('',#1173,1.);
#1173 = DIRECTION('',(-1.,4.669739647545E-16,0.));
#1174 = ORIENTED_EDGE('',*,*,#1175,.T.);
#1175 = EDGE_CURVE('',#1168,#1176,#1178,.T.);
#1176 = VERTEX_POINT('',#1177);
#1177 = CARTESIAN_POINT('',(-2.14,0.64,2.E-02));
#1178 = LINE('',#1179,#1180);
#1179 = CARTESIAN_POINT('',(-2.14,2.14,2.E-02));
#1180 = VECTOR('',#1181,1.);
#1181 = DIRECTION('',(-2.22044604925E-16,-1.,0.));
#1182 = ORIENTED_EDGE('',*,*,#1183,.T.);
#1183 = EDGE_CURVE('',#1176,#1184,#1186,.T.);
#1184 = VERTEX_POINT('',#1185);
#1185 = CARTESIAN_POINT('',(-1.89,0.64,2.E-02));
#1186 = LINE('',#1187,#1188);
#1187 = CARTESIAN_POINT('',(-2.015,0.64,2.E-02));
#1188 = VECTOR('',#1189,1.);
#1189 = DIRECTION('',(1.,-4.669739647545E-16,0.));
#1190 = ORIENTED_EDGE('',*,*,#1191,.T.);
#1191 = EDGE_CURVE('',#1184,#1192,#1194,.T.);
#1192 = VERTEX_POINT('',#1193);
#1193 = CARTESIAN_POINT('',(-1.89,0.36,2.E-02));
#1194 = CIRCLE('',#1195,0.14);
#1195 = AXIS2_PLACEMENT_3D('',#1196,#1197,#1198);
#1196 = CARTESIAN_POINT('',(-1.89,0.5,2.E-02));
#1197 = DIRECTION('',(-0.,0.,-1.));
#1198 = DIRECTION('',(-4.669739647545E-16,-1.,0.));
#1199 = ORIENTED_EDGE('',*,*,#1200,.T.);
#1200 = EDGE_CURVE('',#1192,#1201,#1203,.T.);
#1201 = VERTEX_POINT('',#1202);
#1202 = CARTESIAN_POINT('',(-2.14,0.36,2.E-02));
#1203 = LINE('',#1204,#1205);
#1204 = CARTESIAN_POINT('',(-2.145,0.36,2.E-02));
#1205 = VECTOR('',#1206,1.);
#1206 = DIRECTION('',(-1.,4.669739647545E-16,0.));
#1207 = ORIENTED_EDGE('',*,*,#1208,.T.);
#1208 = EDGE_CURVE('',#1201,#1209,#1211,.T.);
#1209 = VERTEX_POINT('',#1210);
#1210 = CARTESIAN_POINT('',(-2.14,0.14,2.E-02));
#1211 = LINE('',#1212,#1213);
#1212 = CARTESIAN_POINT('',(-2.14,2.14,2.E-02));
#1213 = VECTOR('',#1214,1.);
#1214 = DIRECTION('',(-2.22044604925E-16,-1.,0.));
#1215 = ORIENTED_EDGE('',*,*,#1216,.T.);
#1216 = EDGE_CURVE('',#1209,#1217,#1219,.T.);
#1217 = VERTEX_POINT('',#1218);
#1218 = CARTESIAN_POINT('',(-1.89,0.14,2.E-02));
#1219 = LINE('',#1220,#1221);
#1220 = CARTESIAN_POINT('',(-2.015,0.14,2.E-02));
#1221 = VECTOR('',#1222,1.);
#1222 = DIRECTION('',(1.,-4.669739647545E-16,0.));
#1223 = ORIENTED_EDGE('',*,*,#1224,.T.);
#1224 = EDGE_CURVE('',#1217,#1225,#1227,.T.);
#1225 = VERTEX_POINT('',#1226);
#1226 = CARTESIAN_POINT('',(-1.89,-0.14,2.E-02));
#1227 = CIRCLE('',#1228,0.14);
#1228 = AXIS2_PLACEMENT_3D('',#1229,#1230,#1231);
#1229 = CARTESIAN_POINT('',(-1.89,5.584421813865E-16,2.E-02));
#1230 = DIRECTION('',(-0.,0.,-1.));
#1231 = DIRECTION('',(-4.669739647545E-16,-1.,0.));
#1232 = ORIENTED_EDGE('',*,*,#1233,.T.);
#1233 = EDGE_CURVE('',#1225,#1234,#1236,.T.);
#1234 = VERTEX_POINT('',#1235);
#1235 = CARTESIAN_POINT('',(-2.14,-0.14,2.E-02));
#1236 = LINE('',#1237,#1238);
#1237 = CARTESIAN_POINT('',(-2.145,-0.14,2.E-02));
#1238 = VECTOR('',#1239,1.);
#1239 = DIRECTION('',(-1.,4.669739647545E-16,0.));
#1240 = ORIENTED_EDGE('',*,*,#1241,.T.);
#1241 = EDGE_CURVE('',#1234,#1242,#1244,.T.);
#1242 = VERTEX_POINT('',#1243);
#1243 = CARTESIAN_POINT('',(-2.14,-0.36,2.E-02));
#1244 = LINE('',#1245,#1246);
#1245 = CARTESIAN_POINT('',(-2.14,2.14,2.E-02));
#1246 = VECTOR('',#1247,1.);
#1247 = DIRECTION('',(-2.22044604925E-16,-1.,0.));
#1248 = ORIENTED_EDGE('',*,*,#1249,.T.);
#1249 = EDGE_CURVE('',#1242,#1250,#1252,.T.);
#1250 = VERTEX_POINT('',#1251);
#1251 = CARTESIAN_POINT('',(-1.89,-0.36,2.E-02));
#1252 = LINE('',#1253,#1254);
#1253 = CARTESIAN_POINT('',(-2.015,-0.36,2.E-02));
#1254 = VECTOR('',#1255,1.);
#1255 = DIRECTION('',(1.,-4.669739647545E-16,0.));
#1256 = ORIENTED_EDGE('',*,*,#1257,.T.);
#1257 = EDGE_CURVE('',#1250,#1258,#1260,.T.);
#1258 = VERTEX_POINT('',#1259);
#1259 = CARTESIAN_POINT('',(-1.89,-0.64,2.E-02));
#1260 = CIRCLE('',#1261,0.14);
#1261 = AXIS2_PLACEMENT_3D('',#1262,#1263,#1264);
#1262 = CARTESIAN_POINT('',(-1.89,-0.5,2.E-02));
#1263 = DIRECTION('',(-0.,0.,-1.));
#1264 = DIRECTION('',(-4.669739647545E-16,-1.,0.));
#1265 = ORIENTED_EDGE('',*,*,#1266,.T.);
#1266 = EDGE_CURVE('',#1258,#1267,#1269,.T.);
#1267 = VERTEX_POINT('',#1268);
#1268 = CARTESIAN_POINT('',(-2.14,-0.64,2.E-02));
#1269 = LINE('',#1270,#1271);
#1270 = CARTESIAN_POINT('',(-2.145,-0.64,2.E-02));
#1271 = VECTOR('',#1272,1.);
#1272 = DIRECTION('',(-1.,4.669739647545E-16,0.));
#1273 = ORIENTED_EDGE('',*,*,#1274,.T.);
#1274 = EDGE_CURVE('',#1267,#1275,#1277,.T.);
#1275 = VERTEX_POINT('',#1276);
#1276 = CARTESIAN_POINT('',(-2.14,-0.86,2.E-02));
#1277 = LINE('',#1278,#1279);
#1278 = CARTESIAN_POINT('',(-2.14,2.14,2.E-02));
#1279 = VECTOR('',#1280,1.);
#1280 = DIRECTION('',(-2.22044604925E-16,-1.,0.));
#1281 = ORIENTED_EDGE('',*,*,#1282,.T.);
#1282 = EDGE_CURVE('',#1275,#1283,#1285,.T.);
#1283 = VERTEX_POINT('',#1284);
#1284 = CARTESIAN_POINT('',(-1.89,-0.86,2.E-02));
#1285 = LINE('',#1286,#1287);
#1286 = CARTESIAN_POINT('',(-2.015,-0.86,2.E-02));
#1287 = VECTOR('',#1288,1.);
#1288 = DIRECTION('',(1.,-4.669739647545E-16,0.));
#1289 = ORIENTED_EDGE('',*,*,#1290,.T.);
#1290 = EDGE_CURVE('',#1283,#1291,#1293,.T.);
#1291 = VERTEX_POINT('',#1292);
#1292 = CARTESIAN_POINT('',(-1.89,-1.14,2.E-02));
#1293 = CIRCLE('',#1294,0.14);
#1294 = AXIS2_PLACEMENT_3D('',#1295,#1296,#1297);
#1295 = CARTESIAN_POINT('',(-1.89,-1.,2.E-02));
#1296 = DIRECTION('',(-0.,0.,-1.));
#1297 = DIRECTION('',(-4.669739647545E-16,-1.,0.));
#1298 = ORIENTED_EDGE('',*,*,#1299,.T.);
#1299 = EDGE_CURVE('',#1291,#1300,#1302,.T.);
#1300 = VERTEX_POINT('',#1301);
#1301 = CARTESIAN_POINT('',(-2.14,-1.14,2.E-02));
#1302 = LINE('',#1303,#1304);
#1303 = CARTESIAN_POINT('',(-2.145,-1.14,2.E-02));
#1304 = VECTOR('',#1305,1.);
#1305 = DIRECTION('',(-1.,4.669739647545E-16,0.));
#1306 = ORIENTED_EDGE('',*,*,#1307,.T.);
#1307 = EDGE_CURVE('',#1300,#1308,#1310,.T.);
#1308 = VERTEX_POINT('',#1309);
#1309 = CARTESIAN_POINT('',(-2.14,-2.14,2.E-02));
#1310 = LINE('',#1311,#1312);
#1311 = CARTESIAN_POINT('',(-2.14,2.14,2.E-02));
#1312 = VECTOR('',#1313,1.);
#1313 = DIRECTION('',(-2.22044604925E-16,-1.,0.));
#1314 = ORIENTED_EDGE('',*,*,#1315,.T.);
#1315 = EDGE_CURVE('',#1308,#1316,#1318,.T.);
#1316 = VERTEX_POINT('',#1317);
#1317 = CARTESIAN_POINT('',(-0.89,-2.14,2.E-02));
#1318 = LINE('',#1319,#1320);
#1319 = CARTESIAN_POINT('',(-2.14,-2.14,2.E-02));
#1320 = VECTOR('',#1321,1.);
#1321 = DIRECTION('',(1.,-2.22044604925E-16,0.));
#1322 = ORIENTED_EDGE('',*,*,#1323,.T.);
#1323 = EDGE_CURVE('',#1316,#1324,#1326,.T.);
#1324 = VERTEX_POINT('',#1325);
#1325 = CARTESIAN_POINT('',(-0.89,-1.89,2.E-02));
#1326 = LINE('',#1327,#1328);
#1327 = CARTESIAN_POINT('',(-0.89,0.125,2.E-02));
#1328 = VECTOR('',#1329,1.);
#1329 = DIRECTION('',(5.665538897648E-16,1.,0.));
#1330 = ORIENTED_EDGE('',*,*,#1331,.T.);
#1331 = EDGE_CURVE('',#1324,#1332,#1334,.T.);
#1332 = VERTEX_POINT('',#1333);
#1333 = CARTESIAN_POINT('',(-0.61,-1.89,2.E-02));
#1334 = CIRCLE('',#1335,0.14);
#1335 = AXIS2_PLACEMENT_3D('',#1336,#1337,#1338);
#1336 = CARTESIAN_POINT('',(-0.75,-1.89,2.E-02));
#1337 = DIRECTION('',(0.,-0.,-1.));
#1338 = DIRECTION('',(1.,-5.665538897648E-16,0.));
#1339 = ORIENTED_EDGE('',*,*,#1340,.T.);
#1340 = EDGE_CURVE('',#1332,#1341,#1343,.T.);
#1341 = VERTEX_POINT('',#1342);
#1342 = CARTESIAN_POINT('',(-0.61,-2.14,2.E-02));
#1343 = LINE('',#1344,#1345);
#1344 = CARTESIAN_POINT('',(-0.61,-5.E-03,2.E-02));
#1345 = VECTOR('',#1346,1.);
#1346 = DIRECTION('',(-5.665538897648E-16,-1.,0.));
#1347 = ORIENTED_EDGE('',*,*,#1348,.T.);
#1348 = EDGE_CURVE('',#1341,#1349,#1351,.T.);
#1349 = VERTEX_POINT('',#1350);
#1350 = CARTESIAN_POINT('',(0.61,-2.14,2.E-02));
#1351 = LINE('',#1352,#1353);
#1352 = CARTESIAN_POINT('',(-2.14,-2.14,2.E-02));
#1353 = VECTOR('',#1354,1.);
#1354 = DIRECTION('',(1.,-2.22044604925E-16,0.));
#1355 = ORIENTED_EDGE('',*,*,#1356,.T.);
#1356 = EDGE_CURVE('',#1349,#1357,#1359,.T.);
#1357 = VERTEX_POINT('',#1358);
#1358 = CARTESIAN_POINT('',(0.61,-1.89,2.E-02));
#1359 = LINE('',#1360,#1361);
#1360 = CARTESIAN_POINT('',(0.61,0.125,2.E-02));
#1361 = VECTOR('',#1362,1.);
#1362 = DIRECTION('',(5.665538897648E-16,1.,0.));
#1363 = ORIENTED_EDGE('',*,*,#1364,.T.);
#1364 = EDGE_CURVE('',#1357,#1365,#1367,.T.);
#1365 = VERTEX_POINT('',#1366);
#1366 = CARTESIAN_POINT('',(0.89,-1.89,2.E-02));
#1367 = CIRCLE('',#1368,0.14);
#1368 = AXIS2_PLACEMENT_3D('',#1369,#1370,#1371);
#1369 = CARTESIAN_POINT('',(0.75,-1.89,2.E-02));
#1370 = DIRECTION('',(0.,-0.,-1.));
#1371 = DIRECTION('',(1.,-5.665538897648E-16,0.));
#1372 = ORIENTED_EDGE('',*,*,#1373,.T.);
#1373 = EDGE_CURVE('',#1365,#1374,#1376,.T.);
#1374 = VERTEX_POINT('',#1375);
#1375 = CARTESIAN_POINT('',(0.89,-2.14,2.E-02));
#1376 = LINE('',#1377,#1378);
#1377 = CARTESIAN_POINT('',(0.89,-5.000000000001E-03,2.E-02));
#1378 = VECTOR('',#1379,1.);
#1379 = DIRECTION('',(-5.665538897648E-16,-1.,0.));
#1380 = ORIENTED_EDGE('',*,*,#1381,.T.);
#1381 = EDGE_CURVE('',#1374,#1382,#1384,.T.);
#1382 = VERTEX_POINT('',#1383);
#1383 = CARTESIAN_POINT('',(2.14,-2.14,2.E-02));
#1384 = LINE('',#1385,#1386);
#1385 = CARTESIAN_POINT('',(-2.14,-2.14,2.E-02));
#1386 = VECTOR('',#1387,1.);
#1387 = DIRECTION('',(1.,-2.22044604925E-16,0.));
#1388 = ORIENTED_EDGE('',*,*,#1389,.F.);
#1389 = EDGE_CURVE('',#1390,#1382,#1392,.T.);
#1390 = VERTEX_POINT('',#1391);
#1391 = CARTESIAN_POINT('',(2.14,-1.14,2.E-02));
#1392 = LINE('',#1393,#1394);
#1393 = CARTESIAN_POINT('',(2.14,2.14,2.E-02));
#1394 = VECTOR('',#1395,1.);
#1395 = DIRECTION('',(-2.22044604925E-16,-1.,0.));
#1396 = ORIENTED_EDGE('',*,*,#1397,.T.);
#1397 = EDGE_CURVE('',#1390,#1398,#1400,.T.);
#1398 = VERTEX_POINT('',#1399);
#1399 = CARTESIAN_POINT('',(1.89,-1.14,2.E-02));
#1400 = LINE('',#1401,#1402);
#1401 = CARTESIAN_POINT('',(-0.125,-1.14,2.E-02));
#1402 = VECTOR('',#1403,1.);
#1403 = DIRECTION('',(-1.,3.445092848398E-16,0.));
#1404 = ORIENTED_EDGE('',*,*,#1405,.T.);
#1405 = EDGE_CURVE('',#1398,#1406,#1408,.T.);
#1406 = VERTEX_POINT('',#1407);
#1407 = CARTESIAN_POINT('',(1.89,-0.86,2.E-02));
#1408 = CIRCLE('',#1409,0.14);
#1409 = AXIS2_PLACEMENT_3D('',#1410,#1411,#1412);
#1410 = CARTESIAN_POINT('',(1.89,-1.,2.E-02));
#1411 = DIRECTION('',(0.,0.,-1.));
#1412 = DIRECTION('',(3.445092848398E-16,1.,0.));
#1413 = ORIENTED_EDGE('',*,*,#1414,.T.);
#1414 = EDGE_CURVE('',#1406,#1415,#1417,.T.);
#1415 = VERTEX_POINT('',#1416);
#1416 = CARTESIAN_POINT('',(2.14,-0.86,2.E-02));
#1417 = LINE('',#1418,#1419);
#1418 = CARTESIAN_POINT('',(4.999999999999E-03,-0.86,2.E-02));
#1419 = VECTOR('',#1420,1.);
#1420 = DIRECTION('',(1.,-3.445092848398E-16,0.));
#1421 = ORIENTED_EDGE('',*,*,#1422,.F.);
#1422 = EDGE_CURVE('',#1423,#1415,#1425,.T.);
#1423 = VERTEX_POINT('',#1424);
#1424 = CARTESIAN_POINT('',(2.14,-0.64,2.E-02));
#1425 = LINE('',#1426,#1427);
#1426 = CARTESIAN_POINT('',(2.14,2.14,2.E-02));
#1427 = VECTOR('',#1428,1.);
#1428 = DIRECTION('',(-2.22044604925E-16,-1.,0.));
#1429 = ORIENTED_EDGE('',*,*,#1430,.T.);
#1430 = EDGE_CURVE('',#1423,#1431,#1433,.T.);
#1431 = VERTEX_POINT('',#1432);
#1432 = CARTESIAN_POINT('',(1.89,-0.64,2.E-02));
#1433 = LINE('',#1434,#1435);
#1434 = CARTESIAN_POINT('',(-0.125,-0.64,2.E-02));
#1435 = VECTOR('',#1436,1.);
#1436 = DIRECTION('',(-1.,3.445092848398E-16,0.));
#1437 = ORIENTED_EDGE('',*,*,#1438,.T.);
#1438 = EDGE_CURVE('',#1431,#1439,#1441,.T.);
#1439 = VERTEX_POINT('',#1440);
#1440 = CARTESIAN_POINT('',(1.89,-0.36,2.E-02));
#1441 = CIRCLE('',#1442,0.14);
#1442 = AXIS2_PLACEMENT_3D('',#1443,#1444,#1445);
#1443 = CARTESIAN_POINT('',(1.89,-0.5,2.E-02));
#1444 = DIRECTION('',(0.,0.,-1.));
#1445 = DIRECTION('',(3.445092848398E-16,1.,0.));
#1446 = ORIENTED_EDGE('',*,*,#1447,.T.);
#1447 = EDGE_CURVE('',#1439,#1448,#1450,.T.);
#1448 = VERTEX_POINT('',#1449);
#1449 = CARTESIAN_POINT('',(2.14,-0.36,2.E-02));
#1450 = LINE('',#1451,#1452);
#1451 = CARTESIAN_POINT('',(5.E-03,-0.36,2.E-02));
#1452 = VECTOR('',#1453,1.);
#1453 = DIRECTION('',(1.,-3.445092848398E-16,0.));
#1454 = ORIENTED_EDGE('',*,*,#1455,.F.);
#1455 = EDGE_CURVE('',#1456,#1448,#1458,.T.);
#1456 = VERTEX_POINT('',#1457);
#1457 = CARTESIAN_POINT('',(2.14,-0.14,2.E-02));
#1458 = LINE('',#1459,#1460);
#1459 = CARTESIAN_POINT('',(2.14,2.14,2.E-02));
#1460 = VECTOR('',#1461,1.);
#1461 = DIRECTION('',(-2.22044604925E-16,-1.,0.));
#1462 = ORIENTED_EDGE('',*,*,#1463,.T.);
#1463 = EDGE_CURVE('',#1456,#1464,#1466,.T.);
#1464 = VERTEX_POINT('',#1465);
#1465 = CARTESIAN_POINT('',(1.89,-0.14,2.E-02));
#1466 = LINE('',#1467,#1468);
#1467 = CARTESIAN_POINT('',(-0.125,-0.14,2.E-02));
#1468 = VECTOR('',#1469,1.);
#1469 = DIRECTION('',(-1.,3.445092848398E-16,0.));
#1470 = ORIENTED_EDGE('',*,*,#1471,.T.);
#1471 = EDGE_CURVE('',#1464,#1472,#1474,.T.);
#1472 = VERTEX_POINT('',#1473);
#1473 = CARTESIAN_POINT('',(1.89,0.14,2.E-02));
#1474 = CIRCLE('',#1475,0.14);
#1475 = AXIS2_PLACEMENT_3D('',#1476,#1477,#1478);
#1476 = CARTESIAN_POINT('',(1.89,-3.641531520771E-16,2.E-02));
#1477 = DIRECTION('',(0.,0.,-1.));
#1478 = DIRECTION('',(3.445092848398E-16,1.,0.));
#1479 = ORIENTED_EDGE('',*,*,#1480,.T.);
#1480 = EDGE_CURVE('',#1472,#1481,#1483,.T.);
#1481 = VERTEX_POINT('',#1482);
#1482 = CARTESIAN_POINT('',(2.14,0.14,2.E-02));
#1483 = LINE('',#1484,#1485);
#1484 = CARTESIAN_POINT('',(5.E-03,0.14,2.E-02));
#1485 = VECTOR('',#1486,1.);
#1486 = DIRECTION('',(1.,-3.445092848398E-16,0.));
#1487 = ORIENTED_EDGE('',*,*,#1488,.F.);
#1488 = EDGE_CURVE('',#1489,#1481,#1491,.T.);
#1489 = VERTEX_POINT('',#1490);
#1490 = CARTESIAN_POINT('',(2.14,0.36,2.E-02));
#1491 = LINE('',#1492,#1493);
#1492 = CARTESIAN_POINT('',(2.14,2.14,2.E-02));
#1493 = VECTOR('',#1494,1.);
#1494 = DIRECTION('',(-2.22044604925E-16,-1.,0.));
#1495 = ORIENTED_EDGE('',*,*,#1496,.T.);
#1496 = EDGE_CURVE('',#1489,#1497,#1499,.T.);
#1497 = VERTEX_POINT('',#1498);
#1498 = CARTESIAN_POINT('',(1.89,0.36,2.E-02));
#1499 = LINE('',#1500,#1501);
#1500 = CARTESIAN_POINT('',(-0.125,0.36,2.E-02));
#1501 = VECTOR('',#1502,1.);
#1502 = DIRECTION('',(-1.,3.445092848398E-16,0.));
#1503 = ORIENTED_EDGE('',*,*,#1504,.T.);
#1504 = EDGE_CURVE('',#1497,#1505,#1507,.T.);
#1505 = VERTEX_POINT('',#1506);
#1506 = CARTESIAN_POINT('',(1.89,0.64,2.E-02));
#1507 = CIRCLE('',#1508,0.14);
#1508 = AXIS2_PLACEMENT_3D('',#1509,#1510,#1511);
#1509 = CARTESIAN_POINT('',(1.89,0.5,2.E-02));
#1510 = DIRECTION('',(0.,0.,-1.));
#1511 = DIRECTION('',(3.445092848398E-16,1.,0.));
#1512 = ORIENTED_EDGE('',*,*,#1513,.T.);
#1513 = EDGE_CURVE('',#1505,#1514,#1516,.T.);
#1514 = VERTEX_POINT('',#1515);
#1515 = CARTESIAN_POINT('',(2.14,0.64,2.E-02));
#1516 = LINE('',#1517,#1518);
#1517 = CARTESIAN_POINT('',(5.E-03,0.64,2.E-02));
#1518 = VECTOR('',#1519,1.);
#1519 = DIRECTION('',(1.,-3.445092848398E-16,0.));
#1520 = ORIENTED_EDGE('',*,*,#1521,.F.);
#1521 = EDGE_CURVE('',#1522,#1514,#1524,.T.);
#1522 = VERTEX_POINT('',#1523);
#1523 = CARTESIAN_POINT('',(2.14,0.86,2.E-02));
#1524 = LINE('',#1525,#1526);
#1525 = CARTESIAN_POINT('',(2.14,2.14,2.E-02));
#1526 = VECTOR('',#1527,1.);
#1527 = DIRECTION('',(-2.22044604925E-16,-1.,0.));
#1528 = ORIENTED_EDGE('',*,*,#1529,.T.);
#1529 = EDGE_CURVE('',#1522,#1530,#1532,.T.);
#1530 = VERTEX_POINT('',#1531);
#1531 = CARTESIAN_POINT('',(1.89,0.86,2.E-02));
#1532 = LINE('',#1533,#1534);
#1533 = CARTESIAN_POINT('',(-0.125,0.86,2.E-02));
#1534 = VECTOR('',#1535,1.);
#1535 = DIRECTION('',(-1.,3.445092848398E-16,0.));
#1536 = ORIENTED_EDGE('',*,*,#1537,.T.);
#1537 = EDGE_CURVE('',#1530,#1538,#1540,.T.);
#1538 = VERTEX_POINT('',#1539);
#1539 = CARTESIAN_POINT('',(1.89,1.14,2.E-02));
#1540 = CIRCLE('',#1541,0.14);
#1541 = AXIS2_PLACEMENT_3D('',#1542,#1543,#1544);
#1542 = CARTESIAN_POINT('',(1.89,1.,2.E-02));
#1543 = DIRECTION('',(0.,0.,-1.));
#1544 = DIRECTION('',(3.445092848398E-16,1.,0.));
#1545 = ORIENTED_EDGE('',*,*,#1546,.T.);
#1546 = EDGE_CURVE('',#1538,#1547,#1549,.T.);
#1547 = VERTEX_POINT('',#1548);
#1548 = CARTESIAN_POINT('',(2.14,1.14,2.E-02));
#1549 = LINE('',#1550,#1551);
#1550 = CARTESIAN_POINT('',(5.E-03,1.14,2.E-02));
#1551 = VECTOR('',#1552,1.);
#1552 = DIRECTION('',(1.,-3.445092848398E-16,0.));
#1553 = ORIENTED_EDGE('',*,*,#1554,.F.);
#1554 = EDGE_CURVE('',#1555,#1547,#1557,.T.);
#1555 = VERTEX_POINT('',#1556);
#1556 = CARTESIAN_POINT('',(2.14,2.14,2.E-02));
#1557 = LINE('',#1558,#1559);
#1558 = CARTESIAN_POINT('',(2.14,2.14,2.E-02));
#1559 = VECTOR('',#1560,1.);
#1560 = DIRECTION('',(-2.22044604925E-16,-1.,0.));
#1561 = ORIENTED_EDGE('',*,*,#1562,.F.);
#1562 = EDGE_CURVE('',#1563,#1555,#1565,.T.);
#1563 = VERTEX_POINT('',#1564);
#1564 = CARTESIAN_POINT('',(0.89,2.14,2.E-02));
#1565 = LINE('',#1566,#1567);
#1566 = CARTESIAN_POINT('',(-2.14,2.14,2.E-02));
#1567 = VECTOR('',#1568,1.);
#1568 = DIRECTION('',(1.,-2.22044604925E-16,0.));
#1569 = ORIENTED_EDGE('',*,*,#1570,.T.);
#1570 = EDGE_CURVE('',#1563,#1571,#1573,.T.);
#1571 = VERTEX_POINT('',#1572);
#1572 = CARTESIAN_POINT('',(0.89,1.89,2.E-02));
#1573 = LINE('',#1574,#1575);
#1574 = CARTESIAN_POINT('',(0.89,2.015,2.E-02));
#1575 = VECTOR('',#1576,1.);
#1576 = DIRECTION('',(-4.555315873023E-16,-1.,0.));
#1577 = ORIENTED_EDGE('',*,*,#1578,.T.);
#1578 = EDGE_CURVE('',#1571,#1579,#1581,.T.);
#1579 = VERTEX_POINT('',#1580);
#1580 = CARTESIAN_POINT('',(0.61,1.89,2.E-02));
#1581 = CIRCLE('',#1582,0.14);
#1582 = AXIS2_PLACEMENT_3D('',#1583,#1584,#1585);
#1583 = CARTESIAN_POINT('',(0.75,1.89,2.E-02));
#1584 = DIRECTION('',(0.,0.,-1.));
#1585 = DIRECTION('',(-1.,4.555315873023E-16,0.));
#1586 = ORIENTED_EDGE('',*,*,#1587,.T.);
#1587 = EDGE_CURVE('',#1579,#1588,#1590,.T.);
#1588 = VERTEX_POINT('',#1589);
#1589 = CARTESIAN_POINT('',(0.61,2.14,2.E-02));
#1590 = LINE('',#1591,#1592);
#1591 = CARTESIAN_POINT('',(0.61,2.145,2.E-02));
#1592 = VECTOR('',#1593,1.);
#1593 = DIRECTION('',(4.555315873023E-16,1.,0.));
#1594 = ORIENTED_EDGE('',*,*,#1595,.F.);
#1595 = EDGE_CURVE('',#1596,#1588,#1598,.T.);
#1596 = VERTEX_POINT('',#1597);
#1597 = CARTESIAN_POINT('',(-0.61,2.14,2.E-02));
#1598 = LINE('',#1599,#1600);
#1599 = CARTESIAN_POINT('',(-2.14,2.14,2.E-02));
#1600 = VECTOR('',#1601,1.);
#1601 = DIRECTION('',(1.,-2.22044604925E-16,0.));
#1602 = ORIENTED_EDGE('',*,*,#1603,.T.);
#1603 = EDGE_CURVE('',#1596,#1604,#1606,.T.);
#1604 = VERTEX_POINT('',#1605);
#1605 = CARTESIAN_POINT('',(-0.61,1.89,2.E-02));
#1606 = LINE('',#1607,#1608);
#1607 = CARTESIAN_POINT('',(-0.61,2.015,2.E-02));
#1608 = VECTOR('',#1609,1.);
#1609 = DIRECTION('',(-4.555315873023E-16,-1.,0.));
#1610 = ORIENTED_EDGE('',*,*,#1611,.T.);
#1611 = EDGE_CURVE('',#1604,#1612,#1614,.T.);
#1612 = VERTEX_POINT('',#1613);
#1613 = CARTESIAN_POINT('',(-0.89,1.89,2.E-02));
#1614 = CIRCLE('',#1615,0.14);
#1615 = AXIS2_PLACEMENT_3D('',#1616,#1617,#1618);
#1616 = CARTESIAN_POINT('',(-0.75,1.89,2.E-02));
#1617 = DIRECTION('',(0.,0.,-1.));
#1618 = DIRECTION('',(-1.,4.555315873023E-16,0.));
#1619 = ORIENTED_EDGE('',*,*,#1620,.T.);
#1620 = EDGE_CURVE('',#1612,#1135,#1621,.T.);
#1621 = LINE('',#1622,#1623);
#1622 = CARTESIAN_POINT('',(-0.89,2.145,2.E-02));
#1623 = VECTOR('',#1624,1.);
#1624 = DIRECTION('',(4.555315873023E-16,1.,0.));
#1625 = FACE_BOUND('',#1626,.F.);
#1626 = EDGE_LOOP('',(#1627,#1628,#1629,#1630,#1631));
#1627 = ORIENTED_EDGE('',*,*,#1093,.T.);
#1628 = ORIENTED_EDGE('',*,*,#1069,.T.);
#1629 = ORIENTED_EDGE('',*,*,#1045,.T.);
#1630 = ORIENTED_EDGE('',*,*,#1021,.T.);
#1631 = ORIENTED_EDGE('',*,*,#1117,.T.);
#1632 = PLANE('',#1633);
#1633 = AXIS2_PLACEMENT_3D('',#1634,#1635,#1636);
#1634 = CARTESIAN_POINT('',(-2.14,2.14,2.E-02));
#1635 = DIRECTION('',(0.,0.,1.));
#1636 = DIRECTION('',(-2.22044604925E-16,-1.,0.));
#1637 = ADVANCED_FACE('',(#1638),#1709,.F.);
#1638 = FACE_BOUND('',#1639,.F.);
#1639 = EDGE_LOOP('',(#1640,#1650,#1656,#1657,#1665,#1673,#1679,#1680,
    #1688,#1696,#1702,#1703));
#1640 = ORIENTED_EDGE('',*,*,#1641,.F.);
#1641 = EDGE_CURVE('',#1642,#1644,#1646,.T.);
#1642 = VERTEX_POINT('',#1643);
#1643 = CARTESIAN_POINT('',(-2.14,2.14,0.92));
#1644 = VERTEX_POINT('',#1645);
#1645 = CARTESIAN_POINT('',(2.14,2.14,0.92));
#1646 = LINE('',#1647,#1648);
#1647 = CARTESIAN_POINT('',(-2.14,2.14,0.92));
#1648 = VECTOR('',#1649,1.);
#1649 = DIRECTION('',(1.,-2.22044604925E-16,0.));
#1650 = ORIENTED_EDGE('',*,*,#1651,.F.);
#1651 = EDGE_CURVE('',#1133,#1642,#1652,.T.);
#1652 = LINE('',#1653,#1654);
#1653 = CARTESIAN_POINT('',(-2.14,2.14,2.E-02));
#1654 = VECTOR('',#1655,1.);
#1655 = DIRECTION('',(0.,0.,1.));
#1656 = ORIENTED_EDGE('',*,*,#1132,.T.);
#1657 = ORIENTED_EDGE('',*,*,#1658,.T.);
#1658 = EDGE_CURVE('',#1135,#1659,#1661,.T.);
#1659 = VERTEX_POINT('',#1660);
#1660 = CARTESIAN_POINT('',(-0.89,2.14,0.2));
#1661 = LINE('',#1662,#1663);
#1662 = CARTESIAN_POINT('',(-0.89,2.14,1.E-02));
#1663 = VECTOR('',#1664,1.);
#1664 = DIRECTION('',(0.,0.,1.));
#1665 = ORIENTED_EDGE('',*,*,#1666,.F.);
#1666 = EDGE_CURVE('',#1667,#1659,#1669,.T.);
#1667 = VERTEX_POINT('',#1668);
#1668 = CARTESIAN_POINT('',(-0.61,2.14,0.2));
#1669 = LINE('',#1670,#1671);
#1670 = CARTESIAN_POINT('',(-1.445,2.14,0.2));
#1671 = VECTOR('',#1672,1.);
#1672 = DIRECTION('',(-1.,2.22044604925E-16,0.));
#1673 = ORIENTED_EDGE('',*,*,#1674,.T.);
#1674 = EDGE_CURVE('',#1667,#1596,#1675,.T.);
#1675 = LINE('',#1676,#1677);
#1676 = CARTESIAN_POINT('',(-0.61,2.14,1.E-02));
#1677 = VECTOR('',#1678,1.);
#1678 = DIRECTION('',(-0.,0.,-1.));
#1679 = ORIENTED_EDGE('',*,*,#1595,.T.);
#1680 = ORIENTED_EDGE('',*,*,#1681,.T.);
#1681 = EDGE_CURVE('',#1588,#1682,#1684,.T.);
#1682 = VERTEX_POINT('',#1683);
#1683 = CARTESIAN_POINT('',(0.61,2.14,0.2));
#1684 = LINE('',#1685,#1686);
#1685 = CARTESIAN_POINT('',(0.61,2.14,1.E-02));
#1686 = VECTOR('',#1687,1.);
#1687 = DIRECTION('',(0.,0.,1.));
#1688 = ORIENTED_EDGE('',*,*,#1689,.F.);
#1689 = EDGE_CURVE('',#1690,#1682,#1692,.T.);
#1690 = VERTEX_POINT('',#1691);
#1691 = CARTESIAN_POINT('',(0.89,2.14,0.2));
#1692 = LINE('',#1693,#1694);
#1693 = CARTESIAN_POINT('',(-0.695,2.14,0.2));
#1694 = VECTOR('',#1695,1.);
#1695 = DIRECTION('',(-1.,2.22044604925E-16,0.));
#1696 = ORIENTED_EDGE('',*,*,#1697,.T.);
#1697 = EDGE_CURVE('',#1690,#1563,#1698,.T.);
#1698 = LINE('',#1699,#1700);
#1699 = CARTESIAN_POINT('',(0.89,2.14,1.E-02));
#1700 = VECTOR('',#1701,1.);
#1701 = DIRECTION('',(-0.,0.,-1.));
#1702 = ORIENTED_EDGE('',*,*,#1562,.T.);
#1703 = ORIENTED_EDGE('',*,*,#1704,.T.);
#1704 = EDGE_CURVE('',#1555,#1644,#1705,.T.);
#1705 = LINE('',#1706,#1707);
#1706 = CARTESIAN_POINT('',(2.14,2.14,2.E-02));
#1707 = VECTOR('',#1708,1.);
#1708 = DIRECTION('',(0.,0.,1.));
#1709 = PLANE('',#1710);
#1710 = AXIS2_PLACEMENT_3D('',#1711,#1712,#1713);
#1711 = CARTESIAN_POINT('',(-2.14,2.14,2.E-02));
#1712 = DIRECTION('',(-2.22044604925E-16,-1.,0.));
#1713 = DIRECTION('',(0.,0.,1.));
#1714 = ADVANCED_FACE('',(#1715),#1848,.F.);
#1715 = FACE_BOUND('',#1716,.F.);
#1716 = EDGE_LOOP('',(#1717,#1718,#1719,#1727,#1733,#1734,#1742,#1750,
    #1756,#1757,#1765,#1773,#1779,#1780,#1788,#1796,#1802,#1803,#1811,
    #1819,#1825,#1826,#1834,#1842));
#1717 = ORIENTED_EDGE('',*,*,#1142,.F.);
#1718 = ORIENTED_EDGE('',*,*,#1651,.T.);
#1719 = ORIENTED_EDGE('',*,*,#1720,.T.);
#1720 = EDGE_CURVE('',#1642,#1721,#1723,.T.);
#1721 = VERTEX_POINT('',#1722);
#1722 = CARTESIAN_POINT('',(-2.14,-2.14,0.92));
#1723 = LINE('',#1724,#1725);
#1724 = CARTESIAN_POINT('',(-2.14,2.14,0.92));
#1725 = VECTOR('',#1726,1.);
#1726 = DIRECTION('',(-2.22044604925E-16,-1.,0.));
#1727 = ORIENTED_EDGE('',*,*,#1728,.F.);
#1728 = EDGE_CURVE('',#1308,#1721,#1729,.T.);
#1729 = LINE('',#1730,#1731);
#1730 = CARTESIAN_POINT('',(-2.14,-2.14,2.E-02));
#1731 = VECTOR('',#1732,1.);
#1732 = DIRECTION('',(0.,0.,1.));
#1733 = ORIENTED_EDGE('',*,*,#1307,.F.);
#1734 = ORIENTED_EDGE('',*,*,#1735,.T.);
#1735 = EDGE_CURVE('',#1300,#1736,#1738,.T.);
#1736 = VERTEX_POINT('',#1737);
#1737 = CARTESIAN_POINT('',(-2.14,-1.14,0.2));
#1738 = LINE('',#1739,#1740);
#1739 = CARTESIAN_POINT('',(-2.14,-1.14,1.E-02));
#1740 = VECTOR('',#1741,1.);
#1741 = DIRECTION('',(0.,0.,1.));
#1742 = ORIENTED_EDGE('',*,*,#1743,.F.);
#1743 = EDGE_CURVE('',#1744,#1736,#1746,.T.);
#1744 = VERTEX_POINT('',#1745);
#1745 = CARTESIAN_POINT('',(-2.14,-0.86,0.2));
#1746 = LINE('',#1747,#1748);
#1747 = CARTESIAN_POINT('',(-2.14,0.57,0.2));
#1748 = VECTOR('',#1749,1.);
#1749 = DIRECTION('',(-2.22044604925E-16,-1.,0.));
#1750 = ORIENTED_EDGE('',*,*,#1751,.T.);
#1751 = EDGE_CURVE('',#1744,#1275,#1752,.T.);
#1752 = LINE('',#1753,#1754);
#1753 = CARTESIAN_POINT('',(-2.14,-0.86,1.E-02));
#1754 = VECTOR('',#1755,1.);
#1755 = DIRECTION('',(0.,-0.,-1.));
#1756 = ORIENTED_EDGE('',*,*,#1274,.F.);
#1757 = ORIENTED_EDGE('',*,*,#1758,.T.);
#1758 = EDGE_CURVE('',#1267,#1759,#1761,.T.);
#1759 = VERTEX_POINT('',#1760);
#1760 = CARTESIAN_POINT('',(-2.14,-0.64,0.2));
#1761 = LINE('',#1762,#1763);
#1762 = CARTESIAN_POINT('',(-2.14,-0.64,1.E-02));
#1763 = VECTOR('',#1764,1.);
#1764 = DIRECTION('',(0.,0.,1.));
#1765 = ORIENTED_EDGE('',*,*,#1766,.F.);
#1766 = EDGE_CURVE('',#1767,#1759,#1769,.T.);
#1767 = VERTEX_POINT('',#1768);
#1768 = CARTESIAN_POINT('',(-2.14,-0.36,0.2));
#1769 = LINE('',#1770,#1771);
#1770 = CARTESIAN_POINT('',(-2.14,0.82,0.2));
#1771 = VECTOR('',#1772,1.);
#1772 = DIRECTION('',(-2.22044604925E-16,-1.,0.));
#1773 = ORIENTED_EDGE('',*,*,#1774,.T.);
#1774 = EDGE_CURVE('',#1767,#1242,#1775,.T.);
#1775 = LINE('',#1776,#1777);
#1776 = CARTESIAN_POINT('',(-2.14,-0.36,1.E-02));
#1777 = VECTOR('',#1778,1.);
#1778 = DIRECTION('',(0.,-0.,-1.));
#1779 = ORIENTED_EDGE('',*,*,#1241,.F.);
#1780 = ORIENTED_EDGE('',*,*,#1781,.T.);
#1781 = EDGE_CURVE('',#1234,#1782,#1784,.T.);
#1782 = VERTEX_POINT('',#1783);
#1783 = CARTESIAN_POINT('',(-2.14,-0.14,0.2));
#1784 = LINE('',#1785,#1786);
#1785 = CARTESIAN_POINT('',(-2.14,-0.14,1.E-02));
#1786 = VECTOR('',#1787,1.);
#1787 = DIRECTION('',(0.,0.,1.));
#1788 = ORIENTED_EDGE('',*,*,#1789,.F.);
#1789 = EDGE_CURVE('',#1790,#1782,#1792,.T.);
#1790 = VERTEX_POINT('',#1791);
#1791 = CARTESIAN_POINT('',(-2.14,0.14,0.2));
#1792 = LINE('',#1793,#1794);
#1793 = CARTESIAN_POINT('',(-2.14,1.07,0.2));
#1794 = VECTOR('',#1795,1.);
#1795 = DIRECTION('',(-2.22044604925E-16,-1.,0.));
#1796 = ORIENTED_EDGE('',*,*,#1797,.T.);
#1797 = EDGE_CURVE('',#1790,#1209,#1798,.T.);
#1798 = LINE('',#1799,#1800);
#1799 = CARTESIAN_POINT('',(-2.14,0.14,1.E-02));
#1800 = VECTOR('',#1801,1.);
#1801 = DIRECTION('',(0.,-0.,-1.));
#1802 = ORIENTED_EDGE('',*,*,#1208,.F.);
#1803 = ORIENTED_EDGE('',*,*,#1804,.T.);
#1804 = EDGE_CURVE('',#1201,#1805,#1807,.T.);
#1805 = VERTEX_POINT('',#1806);
#1806 = CARTESIAN_POINT('',(-2.14,0.36,0.2));
#1807 = LINE('',#1808,#1809);
#1808 = CARTESIAN_POINT('',(-2.14,0.36,1.E-02));
#1809 = VECTOR('',#1810,1.);
#1810 = DIRECTION('',(0.,0.,1.));
#1811 = ORIENTED_EDGE('',*,*,#1812,.F.);
#1812 = EDGE_CURVE('',#1813,#1805,#1815,.T.);
#1813 = VERTEX_POINT('',#1814);
#1814 = CARTESIAN_POINT('',(-2.14,0.64,0.2));
#1815 = LINE('',#1816,#1817);
#1816 = CARTESIAN_POINT('',(-2.14,1.32,0.2));
#1817 = VECTOR('',#1818,1.);
#1818 = DIRECTION('',(-2.22044604925E-16,-1.,0.));
#1819 = ORIENTED_EDGE('',*,*,#1820,.T.);
#1820 = EDGE_CURVE('',#1813,#1176,#1821,.T.);
#1821 = LINE('',#1822,#1823);
#1822 = CARTESIAN_POINT('',(-2.14,0.64,1.E-02));
#1823 = VECTOR('',#1824,1.);
#1824 = DIRECTION('',(0.,-0.,-1.));
#1825 = ORIENTED_EDGE('',*,*,#1175,.F.);
#1826 = ORIENTED_EDGE('',*,*,#1827,.T.);
#1827 = EDGE_CURVE('',#1168,#1828,#1830,.T.);
#1828 = VERTEX_POINT('',#1829);
#1829 = CARTESIAN_POINT('',(-2.14,0.86,0.2));
#1830 = LINE('',#1831,#1832);
#1831 = CARTESIAN_POINT('',(-2.14,0.86,1.E-02));
#1832 = VECTOR('',#1833,1.);
#1833 = DIRECTION('',(0.,0.,1.));
#1834 = ORIENTED_EDGE('',*,*,#1835,.F.);
#1835 = EDGE_CURVE('',#1836,#1828,#1838,.T.);
#1836 = VERTEX_POINT('',#1837);
#1837 = CARTESIAN_POINT('',(-2.14,1.14,0.2));
#1838 = LINE('',#1839,#1840);
#1839 = CARTESIAN_POINT('',(-2.14,1.57,0.2));
#1840 = VECTOR('',#1841,1.);
#1841 = DIRECTION('',(-2.22044604925E-16,-1.,0.));
#1842 = ORIENTED_EDGE('',*,*,#1843,.T.);
#1843 = EDGE_CURVE('',#1836,#1143,#1844,.T.);
#1844 = LINE('',#1845,#1846);
#1845 = CARTESIAN_POINT('',(-2.14,1.14,1.E-02));
#1846 = VECTOR('',#1847,1.);
#1847 = DIRECTION('',(0.,-0.,-1.));
#1848 = PLANE('',#1849);
#1849 = AXIS2_PLACEMENT_3D('',#1850,#1851,#1852);
#1850 = CARTESIAN_POINT('',(-2.14,2.14,2.E-02));
#1851 = DIRECTION('',(1.,-2.22044604925E-16,0.));
#1852 = DIRECTION('',(0.,0.,1.));
#1853 = ADVANCED_FACE('',(#1854),#1888,.F.);
#1854 = FACE_BOUND('',#1855,.F.);
#1855 = EDGE_LOOP('',(#1856,#1866,#1874,#1880,#1881,#1882));
#1856 = ORIENTED_EDGE('',*,*,#1857,.F.);
#1857 = EDGE_CURVE('',#1858,#1860,#1862,.T.);
#1858 = VERTEX_POINT('',#1859);
#1859 = CARTESIAN_POINT('',(-0.89,2.15,0.));
#1860 = VERTEX_POINT('',#1861);
#1861 = CARTESIAN_POINT('',(-0.89,1.89,0.));
#1862 = LINE('',#1863,#1864);
#1863 = CARTESIAN_POINT('',(-0.89,2.15,0.));
#1864 = VECTOR('',#1865,1.);
#1865 = DIRECTION('',(-4.555315873023E-16,-1.,0.));
#1866 = ORIENTED_EDGE('',*,*,#1867,.T.);
#1867 = EDGE_CURVE('',#1858,#1868,#1870,.T.);
#1868 = VERTEX_POINT('',#1869);
#1869 = CARTESIAN_POINT('',(-0.89,2.15,0.2));
#1870 = LINE('',#1871,#1872);
#1871 = CARTESIAN_POINT('',(-0.89,2.15,0.));
#1872 = VECTOR('',#1873,1.);
#1873 = DIRECTION('',(0.,0.,1.));
#1874 = ORIENTED_EDGE('',*,*,#1875,.T.);
#1875 = EDGE_CURVE('',#1868,#1659,#1876,.T.);
#1876 = LINE('',#1877,#1878);
#1877 = CARTESIAN_POINT('',(-0.89,2.15,0.2));
#1878 = VECTOR('',#1879,1.);
#1879 = DIRECTION('',(-4.555315873023E-16,-1.,0.));
#1880 = ORIENTED_EDGE('',*,*,#1658,.F.);
#1881 = ORIENTED_EDGE('',*,*,#1620,.F.);
#1882 = ORIENTED_EDGE('',*,*,#1883,.F.);
#1883 = EDGE_CURVE('',#1860,#1612,#1884,.T.);
#1884 = LINE('',#1885,#1886);
#1885 = CARTESIAN_POINT('',(-0.89,1.89,0.));
#1886 = VECTOR('',#1887,1.);
#1887 = DIRECTION('',(0.,0.,1.));
#1888 = PLANE('',#1889);
#1889 = AXIS2_PLACEMENT_3D('',#1890,#1891,#1892);
#1890 = CARTESIAN_POINT('',(-0.89,2.15,0.));
#1891 = DIRECTION('',(1.,-4.555315873023E-16,0.));
#1892 = DIRECTION('',(-4.555315873023E-16,-1.,0.));
#1893 = ADVANCED_FACE('',(#1894),#1928,.F.);
#1894 = FACE_BOUND('',#1895,.F.);
#1895 = EDGE_LOOP('',(#1896,#1906,#1912,#1913,#1914,#1922));
#1896 = ORIENTED_EDGE('',*,*,#1897,.F.);
#1897 = EDGE_CURVE('',#1898,#1900,#1902,.T.);
#1898 = VERTEX_POINT('',#1899);
#1899 = CARTESIAN_POINT('',(-1.89,1.14,0.));
#1900 = VERTEX_POINT('',#1901);
#1901 = CARTESIAN_POINT('',(-2.15,1.14,0.));
#1902 = LINE('',#1903,#1904);
#1903 = CARTESIAN_POINT('',(-1.89,1.14,0.));
#1904 = VECTOR('',#1905,1.);
#1905 = DIRECTION('',(-1.,4.669739647545E-16,0.));
#1906 = ORIENTED_EDGE('',*,*,#1907,.T.);
#1907 = EDGE_CURVE('',#1898,#1151,#1908,.T.);
#1908 = LINE('',#1909,#1910);
#1909 = CARTESIAN_POINT('',(-1.89,1.14,0.));
#1910 = VECTOR('',#1911,1.);
#1911 = DIRECTION('',(0.,0.,1.));
#1912 = ORIENTED_EDGE('',*,*,#1150,.F.);
#1913 = ORIENTED_EDGE('',*,*,#1843,.F.);
#1914 = ORIENTED_EDGE('',*,*,#1915,.T.);
#1915 = EDGE_CURVE('',#1836,#1916,#1918,.T.);
#1916 = VERTEX_POINT('',#1917);
#1917 = CARTESIAN_POINT('',(-2.15,1.14,0.2));
#1918 = LINE('',#1919,#1920);
#1919 = CARTESIAN_POINT('',(-1.89,1.14,0.2));
#1920 = VECTOR('',#1921,1.);
#1921 = DIRECTION('',(-1.,4.669739647545E-16,0.));
#1922 = ORIENTED_EDGE('',*,*,#1923,.F.);
#1923 = EDGE_CURVE('',#1900,#1916,#1924,.T.);
#1924 = LINE('',#1925,#1926);
#1925 = CARTESIAN_POINT('',(-2.15,1.14,0.));
#1926 = VECTOR('',#1927,1.);
#1927 = DIRECTION('',(0.,0.,1.));
#1928 = PLANE('',#1929);
#1929 = AXIS2_PLACEMENT_3D('',#1930,#1931,#1932);
#1930 = CARTESIAN_POINT('',(-1.89,1.14,0.));
#1931 = DIRECTION('',(-4.669739647545E-16,-1.,0.));
#1932 = DIRECTION('',(-1.,4.669739647545E-16,0.));
#1933 = ADVANCED_FACE('',(#1934),#1953,.T.);
#1934 = FACE_BOUND('',#1935,.T.);
#1935 = EDGE_LOOP('',(#1936,#1944,#1945,#1946));
#1936 = ORIENTED_EDGE('',*,*,#1937,.T.);
#1937 = EDGE_CURVE('',#1938,#1604,#1940,.T.);
#1938 = VERTEX_POINT('',#1939);
#1939 = CARTESIAN_POINT('',(-0.61,1.89,0.));
#1940 = LINE('',#1941,#1942);
#1941 = CARTESIAN_POINT('',(-0.61,1.89,0.));
#1942 = VECTOR('',#1943,1.);
#1943 = DIRECTION('',(0.,0.,1.));
#1944 = ORIENTED_EDGE('',*,*,#1611,.T.);
#1945 = ORIENTED_EDGE('',*,*,#1883,.F.);
#1946 = ORIENTED_EDGE('',*,*,#1947,.T.);
#1947 = EDGE_CURVE('',#1860,#1938,#1948,.T.);
#1948 = CIRCLE('',#1949,0.14);
#1949 = AXIS2_PLACEMENT_3D('',#1950,#1951,#1952);
#1950 = CARTESIAN_POINT('',(-0.75,1.89,0.));
#1951 = DIRECTION('',(0.,0.,1.));
#1952 = DIRECTION('',(-1.,4.555315873023E-16,0.));
#1953 = CYLINDRICAL_SURFACE('',#1954,0.14);
#1954 = AXIS2_PLACEMENT_3D('',#1955,#1956,#1957);
#1955 = CARTESIAN_POINT('',(-0.75,1.89,0.));
#1956 = DIRECTION('',(0.,0.,-1.));
#1957 = DIRECTION('',(-1.,4.555315873023E-16,0.));
#1958 = ADVANCED_FACE('',(#1959),#1978,.T.);
#1959 = FACE_BOUND('',#1960,.T.);
#1960 = EDGE_LOOP('',(#1961,#1962,#1963,#1971));
#1961 = ORIENTED_EDGE('',*,*,#1907,.T.);
#1962 = ORIENTED_EDGE('',*,*,#1158,.T.);
#1963 = ORIENTED_EDGE('',*,*,#1964,.F.);
#1964 = EDGE_CURVE('',#1965,#1159,#1967,.T.);
#1965 = VERTEX_POINT('',#1966);
#1966 = CARTESIAN_POINT('',(-1.89,0.86,0.));
#1967 = LINE('',#1968,#1969);
#1968 = CARTESIAN_POINT('',(-1.89,0.86,0.));
#1969 = VECTOR('',#1970,1.);
#1970 = DIRECTION('',(0.,0.,1.));
#1971 = ORIENTED_EDGE('',*,*,#1972,.T.);
#1972 = EDGE_CURVE('',#1965,#1898,#1973,.T.);
#1973 = CIRCLE('',#1974,0.14);
#1974 = AXIS2_PLACEMENT_3D('',#1975,#1976,#1977);
#1975 = CARTESIAN_POINT('',(-1.89,1.,0.));
#1976 = DIRECTION('',(0.,0.,1.));
#1977 = DIRECTION('',(-4.669739647545E-16,-1.,0.));
#1978 = CYLINDRICAL_SURFACE('',#1979,0.14);
#1979 = AXIS2_PLACEMENT_3D('',#1980,#1981,#1982);
#1980 = CARTESIAN_POINT('',(-1.89,1.,0.));
#1981 = DIRECTION('',(0.,0.,-1.));
#1982 = DIRECTION('',(-4.669739647545E-16,-1.,-0.));
#1983 = ADVANCED_FACE('',(#1984),#2011,.F.);
#1984 = FACE_BOUND('',#1985,.F.);
#1985 = EDGE_LOOP('',(#1986,#1994,#1995,#1996,#1997,#2005));
#1986 = ORIENTED_EDGE('',*,*,#1987,.F.);
#1987 = EDGE_CURVE('',#1938,#1988,#1990,.T.);
#1988 = VERTEX_POINT('',#1989);
#1989 = CARTESIAN_POINT('',(-0.61,2.15,0.));
#1990 = LINE('',#1991,#1992);
#1991 = CARTESIAN_POINT('',(-0.61,1.89,0.));
#1992 = VECTOR('',#1993,1.);
#1993 = DIRECTION('',(4.555315873023E-16,1.,0.));
#1994 = ORIENTED_EDGE('',*,*,#1937,.T.);
#1995 = ORIENTED_EDGE('',*,*,#1603,.F.);
#1996 = ORIENTED_EDGE('',*,*,#1674,.F.);
#1997 = ORIENTED_EDGE('',*,*,#1998,.T.);
#1998 = EDGE_CURVE('',#1667,#1999,#2001,.T.);
#1999 = VERTEX_POINT('',#2000);
#2000 = CARTESIAN_POINT('',(-0.61,2.15,0.2));
#2001 = LINE('',#2002,#2003);
#2002 = CARTESIAN_POINT('',(-0.61,1.89,0.2));
#2003 = VECTOR('',#2004,1.);
#2004 = DIRECTION('',(4.555315873023E-16,1.,0.));
#2005 = ORIENTED_EDGE('',*,*,#2006,.F.);
#2006 = EDGE_CURVE('',#1988,#1999,#2007,.T.);
#2007 = LINE('',#2008,#2009);
#2008 = CARTESIAN_POINT('',(-0.61,2.15,0.));
#2009 = VECTOR('',#2010,1.);
#2010 = DIRECTION('',(0.,0.,1.));
#2011 = PLANE('',#2012);
#2012 = AXIS2_PLACEMENT_3D('',#2013,#2014,#2015);
#2013 = CARTESIAN_POINT('',(-0.61,1.89,0.));
#2014 = DIRECTION('',(-1.,4.555315873023E-16,0.));
#2015 = DIRECTION('',(4.555315873023E-16,1.,0.));
#2016 = ADVANCED_FACE('',(#2017),#2044,.F.);
#2017 = FACE_BOUND('',#2018,.F.);
#2018 = EDGE_LOOP('',(#2019,#2027,#2035,#2041,#2042,#2043));
#2019 = ORIENTED_EDGE('',*,*,#2020,.F.);
#2020 = EDGE_CURVE('',#2021,#1965,#2023,.T.);
#2021 = VERTEX_POINT('',#2022);
#2022 = CARTESIAN_POINT('',(-2.15,0.86,0.));
#2023 = LINE('',#2024,#2025);
#2024 = CARTESIAN_POINT('',(-2.15,0.86,0.));
#2025 = VECTOR('',#2026,1.);
#2026 = DIRECTION('',(1.,-4.669739647545E-16,0.));
#2027 = ORIENTED_EDGE('',*,*,#2028,.T.);
#2028 = EDGE_CURVE('',#2021,#2029,#2031,.T.);
#2029 = VERTEX_POINT('',#2030);
#2030 = CARTESIAN_POINT('',(-2.15,0.86,0.2));
#2031 = LINE('',#2032,#2033);
#2032 = CARTESIAN_POINT('',(-2.15,0.86,0.));
#2033 = VECTOR('',#2034,1.);
#2034 = DIRECTION('',(0.,0.,1.));
#2035 = ORIENTED_EDGE('',*,*,#2036,.T.);
#2036 = EDGE_CURVE('',#2029,#1828,#2037,.T.);
#2037 = LINE('',#2038,#2039);
#2038 = CARTESIAN_POINT('',(-2.15,0.86,0.2));
#2039 = VECTOR('',#2040,1.);
#2040 = DIRECTION('',(1.,-4.669739647545E-16,0.));
#2041 = ORIENTED_EDGE('',*,*,#1827,.F.);
#2042 = ORIENTED_EDGE('',*,*,#1167,.F.);
#2043 = ORIENTED_EDGE('',*,*,#1964,.F.);
#2044 = PLANE('',#2045);
#2045 = AXIS2_PLACEMENT_3D('',#2046,#2047,#2048);
#2046 = CARTESIAN_POINT('',(-2.15,0.86,0.));
#2047 = DIRECTION('',(4.669739647545E-16,1.,0.));
#2048 = DIRECTION('',(1.,-4.669739647545E-16,0.));
#2049 = ADVANCED_FACE('',(#2050),#2084,.F.);
#2050 = FACE_BOUND('',#2051,.F.);
#2051 = EDGE_LOOP('',(#2052,#2062,#2070,#2076,#2077,#2078));
#2052 = ORIENTED_EDGE('',*,*,#2053,.F.);
#2053 = EDGE_CURVE('',#2054,#2056,#2058,.T.);
#2054 = VERTEX_POINT('',#2055);
#2055 = CARTESIAN_POINT('',(0.61,2.15,0.));
#2056 = VERTEX_POINT('',#2057);
#2057 = CARTESIAN_POINT('',(0.61,1.89,0.));
#2058 = LINE('',#2059,#2060);
#2059 = CARTESIAN_POINT('',(0.61,2.15,0.));
#2060 = VECTOR('',#2061,1.);
#2061 = DIRECTION('',(-4.555315873023E-16,-1.,0.));
#2062 = ORIENTED_EDGE('',*,*,#2063,.T.);
#2063 = EDGE_CURVE('',#2054,#2064,#2066,.T.);
#2064 = VERTEX_POINT('',#2065);
#2065 = CARTESIAN_POINT('',(0.61,2.15,0.2));
#2066 = LINE('',#2067,#2068);
#2067 = CARTESIAN_POINT('',(0.61,2.15,0.));
#2068 = VECTOR('',#2069,1.);
#2069 = DIRECTION('',(0.,0.,1.));
#2070 = ORIENTED_EDGE('',*,*,#2071,.T.);
#2071 = EDGE_CURVE('',#2064,#1682,#2072,.T.);
#2072 = LINE('',#2073,#2074);
#2073 = CARTESIAN_POINT('',(0.61,2.15,0.2));
#2074 = VECTOR('',#2075,1.);
#2075 = DIRECTION('',(-4.555315873023E-16,-1.,0.));
#2076 = ORIENTED_EDGE('',*,*,#1681,.F.);
#2077 = ORIENTED_EDGE('',*,*,#1587,.F.);
#2078 = ORIENTED_EDGE('',*,*,#2079,.F.);
#2079 = EDGE_CURVE('',#2056,#1579,#2080,.T.);
#2080 = LINE('',#2081,#2082);
#2081 = CARTESIAN_POINT('',(0.61,1.89,0.));
#2082 = VECTOR('',#2083,1.);
#2083 = DIRECTION('',(0.,0.,1.));
#2084 = PLANE('',#2085);
#2085 = AXIS2_PLACEMENT_3D('',#2086,#2087,#2088);
#2086 = CARTESIAN_POINT('',(0.61,2.15,0.));
#2087 = DIRECTION('',(1.,-4.555315873023E-16,0.));
#2088 = DIRECTION('',(-4.555315873023E-16,-1.,0.));
#2089 = ADVANCED_FACE('',(#2090),#2124,.F.);
#2090 = FACE_BOUND('',#2091,.F.);
#2091 = EDGE_LOOP('',(#2092,#2102,#2108,#2109,#2110,#2118));
#2092 = ORIENTED_EDGE('',*,*,#2093,.F.);
#2093 = EDGE_CURVE('',#2094,#2096,#2098,.T.);
#2094 = VERTEX_POINT('',#2095);
#2095 = CARTESIAN_POINT('',(-1.89,0.64,0.));
#2096 = VERTEX_POINT('',#2097);
#2097 = CARTESIAN_POINT('',(-2.15,0.64,0.));
#2098 = LINE('',#2099,#2100);
#2099 = CARTESIAN_POINT('',(-1.89,0.64,0.));
#2100 = VECTOR('',#2101,1.);
#2101 = DIRECTION('',(-1.,4.669739647545E-16,0.));
#2102 = ORIENTED_EDGE('',*,*,#2103,.T.);
#2103 = EDGE_CURVE('',#2094,#1184,#2104,.T.);
#2104 = LINE('',#2105,#2106);
#2105 = CARTESIAN_POINT('',(-1.89,0.64,0.));
#2106 = VECTOR('',#2107,1.);
#2107 = DIRECTION('',(0.,0.,1.));
#2108 = ORIENTED_EDGE('',*,*,#1183,.F.);
#2109 = ORIENTED_EDGE('',*,*,#1820,.F.);
#2110 = ORIENTED_EDGE('',*,*,#2111,.T.);
#2111 = EDGE_CURVE('',#1813,#2112,#2114,.T.);
#2112 = VERTEX_POINT('',#2113);
#2113 = CARTESIAN_POINT('',(-2.15,0.64,0.2));
#2114 = LINE('',#2115,#2116);
#2115 = CARTESIAN_POINT('',(-1.89,0.64,0.2));
#2116 = VECTOR('',#2117,1.);
#2117 = DIRECTION('',(-1.,4.669739647545E-16,0.));
#2118 = ORIENTED_EDGE('',*,*,#2119,.F.);
#2119 = EDGE_CURVE('',#2096,#2112,#2120,.T.);
#2120 = LINE('',#2121,#2122);
#2121 = CARTESIAN_POINT('',(-2.15,0.64,0.));
#2122 = VECTOR('',#2123,1.);
#2123 = DIRECTION('',(0.,0.,1.));
#2124 = PLANE('',#2125);
#2125 = AXIS2_PLACEMENT_3D('',#2126,#2127,#2128);
#2126 = CARTESIAN_POINT('',(-1.89,0.64,0.));
#2127 = DIRECTION('',(-4.669739647545E-16,-1.,0.));
#2128 = DIRECTION('',(-1.,4.669739647545E-16,0.));
#2129 = ADVANCED_FACE('',(#2130),#2149,.T.);
#2130 = FACE_BOUND('',#2131,.T.);
#2131 = EDGE_LOOP('',(#2132,#2140,#2141,#2142));
#2132 = ORIENTED_EDGE('',*,*,#2133,.T.);
#2133 = EDGE_CURVE('',#2134,#1571,#2136,.T.);
#2134 = VERTEX_POINT('',#2135);
#2135 = CARTESIAN_POINT('',(0.89,1.89,0.));
#2136 = LINE('',#2137,#2138);
#2137 = CARTESIAN_POINT('',(0.89,1.89,0.));
#2138 = VECTOR('',#2139,1.);
#2139 = DIRECTION('',(0.,0.,1.));
#2140 = ORIENTED_EDGE('',*,*,#1578,.T.);
#2141 = ORIENTED_EDGE('',*,*,#2079,.F.);
#2142 = ORIENTED_EDGE('',*,*,#2143,.T.);
#2143 = EDGE_CURVE('',#2056,#2134,#2144,.T.);
#2144 = CIRCLE('',#2145,0.14);
#2145 = AXIS2_PLACEMENT_3D('',#2146,#2147,#2148);
#2146 = CARTESIAN_POINT('',(0.75,1.89,0.));
#2147 = DIRECTION('',(0.,0.,1.));
#2148 = DIRECTION('',(-1.,4.555315873023E-16,0.));
#2149 = CYLINDRICAL_SURFACE('',#2150,0.14);
#2150 = AXIS2_PLACEMENT_3D('',#2151,#2152,#2153);
#2151 = CARTESIAN_POINT('',(0.75,1.89,0.));
#2152 = DIRECTION('',(0.,0.,-1.));
#2153 = DIRECTION('',(-1.,4.555315873023E-16,0.));
#2154 = ADVANCED_FACE('',(#2155),#2174,.T.);
#2155 = FACE_BOUND('',#2156,.T.);
#2156 = EDGE_LOOP('',(#2157,#2158,#2159,#2167));
#2157 = ORIENTED_EDGE('',*,*,#2103,.T.);
#2158 = ORIENTED_EDGE('',*,*,#1191,.T.);
#2159 = ORIENTED_EDGE('',*,*,#2160,.F.);
#2160 = EDGE_CURVE('',#2161,#1192,#2163,.T.);
#2161 = VERTEX_POINT('',#2162);
#2162 = CARTESIAN_POINT('',(-1.89,0.36,0.));
#2163 = LINE('',#2164,#2165);
#2164 = CARTESIAN_POINT('',(-1.89,0.36,0.));
#2165 = VECTOR('',#2166,1.);
#2166 = DIRECTION('',(0.,0.,1.));
#2167 = ORIENTED_EDGE('',*,*,#2168,.T.);
#2168 = EDGE_CURVE('',#2161,#2094,#2169,.T.);
#2169 = CIRCLE('',#2170,0.14);
#2170 = AXIS2_PLACEMENT_3D('',#2171,#2172,#2173);
#2171 = CARTESIAN_POINT('',(-1.89,0.5,0.));
#2172 = DIRECTION('',(0.,0.,1.));
#2173 = DIRECTION('',(-4.669739647545E-16,-1.,0.));
#2174 = CYLINDRICAL_SURFACE('',#2175,0.14);
#2175 = AXIS2_PLACEMENT_3D('',#2176,#2177,#2178);
#2176 = CARTESIAN_POINT('',(-1.89,0.5,0.));
#2177 = DIRECTION('',(0.,0.,-1.));
#2178 = DIRECTION('',(-4.669739647545E-16,-1.,-0.));
#2179 = ADVANCED_FACE('',(#2180),#2207,.F.);
#2180 = FACE_BOUND('',#2181,.F.);
#2181 = EDGE_LOOP('',(#2182,#2190,#2191,#2192,#2193,#2201));
#2182 = ORIENTED_EDGE('',*,*,#2183,.F.);
#2183 = EDGE_CURVE('',#2134,#2184,#2186,.T.);
#2184 = VERTEX_POINT('',#2185);
#2185 = CARTESIAN_POINT('',(0.89,2.15,0.));
#2186 = LINE('',#2187,#2188);
#2187 = CARTESIAN_POINT('',(0.89,1.89,0.));
#2188 = VECTOR('',#2189,1.);
#2189 = DIRECTION('',(4.555315873023E-16,1.,0.));
#2190 = ORIENTED_EDGE('',*,*,#2133,.T.);
#2191 = ORIENTED_EDGE('',*,*,#1570,.F.);
#2192 = ORIENTED_EDGE('',*,*,#1697,.F.);
#2193 = ORIENTED_EDGE('',*,*,#2194,.T.);
#2194 = EDGE_CURVE('',#1690,#2195,#2197,.T.);
#2195 = VERTEX_POINT('',#2196);
#2196 = CARTESIAN_POINT('',(0.89,2.15,0.2));
#2197 = LINE('',#2198,#2199);
#2198 = CARTESIAN_POINT('',(0.89,1.89,0.2));
#2199 = VECTOR('',#2200,1.);
#2200 = DIRECTION('',(4.555315873023E-16,1.,0.));
#2201 = ORIENTED_EDGE('',*,*,#2202,.F.);
#2202 = EDGE_CURVE('',#2184,#2195,#2203,.T.);
#2203 = LINE('',#2204,#2205);
#2204 = CARTESIAN_POINT('',(0.89,2.15,0.));
#2205 = VECTOR('',#2206,1.);
#2206 = DIRECTION('',(0.,0.,1.));
#2207 = PLANE('',#2208);
#2208 = AXIS2_PLACEMENT_3D('',#2209,#2210,#2211);
#2209 = CARTESIAN_POINT('',(0.89,1.89,0.));
#2210 = DIRECTION('',(-1.,4.555315873023E-16,0.));
#2211 = DIRECTION('',(4.555315873023E-16,1.,0.));
#2212 = ADVANCED_FACE('',(#2213),#2240,.F.);
#2213 = FACE_BOUND('',#2214,.F.);
#2214 = EDGE_LOOP('',(#2215,#2223,#2231,#2237,#2238,#2239));
#2215 = ORIENTED_EDGE('',*,*,#2216,.F.);
#2216 = EDGE_CURVE('',#2217,#2161,#2219,.T.);
#2217 = VERTEX_POINT('',#2218);
#2218 = CARTESIAN_POINT('',(-2.15,0.36,0.));
#2219 = LINE('',#2220,#2221);
#2220 = CARTESIAN_POINT('',(-2.15,0.36,0.));
#2221 = VECTOR('',#2222,1.);
#2222 = DIRECTION('',(1.,-4.669739647545E-16,0.));
#2223 = ORIENTED_EDGE('',*,*,#2224,.T.);
#2224 = EDGE_CURVE('',#2217,#2225,#2227,.T.);
#2225 = VERTEX_POINT('',#2226);
#2226 = CARTESIAN_POINT('',(-2.15,0.36,0.2));
#2227 = LINE('',#2228,#2229);
#2228 = CARTESIAN_POINT('',(-2.15,0.36,0.));
#2229 = VECTOR('',#2230,1.);
#2230 = DIRECTION('',(0.,0.,1.));
#2231 = ORIENTED_EDGE('',*,*,#2232,.T.);
#2232 = EDGE_CURVE('',#2225,#1805,#2233,.T.);
#2233 = LINE('',#2234,#2235);
#2234 = CARTESIAN_POINT('',(-2.15,0.36,0.2));
#2235 = VECTOR('',#2236,1.);
#2236 = DIRECTION('',(1.,-4.669739647545E-16,0.));
#2237 = ORIENTED_EDGE('',*,*,#1804,.F.);
#2238 = ORIENTED_EDGE('',*,*,#1200,.F.);
#2239 = ORIENTED_EDGE('',*,*,#2160,.F.);
#2240 = PLANE('',#2241);
#2241 = AXIS2_PLACEMENT_3D('',#2242,#2243,#2244);
#2242 = CARTESIAN_POINT('',(-2.15,0.36,0.));
#2243 = DIRECTION('',(4.669739647545E-16,1.,0.));
#2244 = DIRECTION('',(1.,-4.669739647545E-16,0.));
#2245 = ADVANCED_FACE('',(#2246),#2379,.T.);
#2246 = FACE_BOUND('',#2247,.T.);
#2247 = EDGE_LOOP('',(#2248,#2249,#2250,#2258,#2264,#2265,#2273,#2281,
    #2287,#2288,#2296,#2304,#2310,#2311,#2319,#2327,#2333,#2334,#2342,
    #2350,#2356,#2357,#2365,#2373));
#2248 = ORIENTED_EDGE('',*,*,#1554,.F.);
#2249 = ORIENTED_EDGE('',*,*,#1704,.T.);
#2250 = ORIENTED_EDGE('',*,*,#2251,.T.);
#2251 = EDGE_CURVE('',#1644,#2252,#2254,.T.);
#2252 = VERTEX_POINT('',#2253);
#2253 = CARTESIAN_POINT('',(2.14,-2.14,0.92));
#2254 = LINE('',#2255,#2256);
#2255 = CARTESIAN_POINT('',(2.14,2.14,0.92));
#2256 = VECTOR('',#2257,1.);
#2257 = DIRECTION('',(-2.22044604925E-16,-1.,0.));
#2258 = ORIENTED_EDGE('',*,*,#2259,.F.);
#2259 = EDGE_CURVE('',#1382,#2252,#2260,.T.);
#2260 = LINE('',#2261,#2262);
#2261 = CARTESIAN_POINT('',(2.14,-2.14,2.E-02));
#2262 = VECTOR('',#2263,1.);
#2263 = DIRECTION('',(0.,0.,1.));
#2264 = ORIENTED_EDGE('',*,*,#1389,.F.);
#2265 = ORIENTED_EDGE('',*,*,#2266,.T.);
#2266 = EDGE_CURVE('',#1390,#2267,#2269,.T.);
#2267 = VERTEX_POINT('',#2268);
#2268 = CARTESIAN_POINT('',(2.14,-1.14,0.2));
#2269 = LINE('',#2270,#2271);
#2270 = CARTESIAN_POINT('',(2.14,-1.14,1.E-02));
#2271 = VECTOR('',#2272,1.);
#2272 = DIRECTION('',(0.,0.,1.));
#2273 = ORIENTED_EDGE('',*,*,#2274,.F.);
#2274 = EDGE_CURVE('',#2275,#2267,#2277,.T.);
#2275 = VERTEX_POINT('',#2276);
#2276 = CARTESIAN_POINT('',(2.14,-0.86,0.2));
#2277 = LINE('',#2278,#2279);
#2278 = CARTESIAN_POINT('',(2.14,0.57,0.2));
#2279 = VECTOR('',#2280,1.);
#2280 = DIRECTION('',(-2.22044604925E-16,-1.,0.));
#2281 = ORIENTED_EDGE('',*,*,#2282,.T.);
#2282 = EDGE_CURVE('',#2275,#1415,#2283,.T.);
#2283 = LINE('',#2284,#2285);
#2284 = CARTESIAN_POINT('',(2.14,-0.86,1.E-02));
#2285 = VECTOR('',#2286,1.);
#2286 = DIRECTION('',(0.,-0.,-1.));
#2287 = ORIENTED_EDGE('',*,*,#1422,.F.);
#2288 = ORIENTED_EDGE('',*,*,#2289,.T.);
#2289 = EDGE_CURVE('',#1423,#2290,#2292,.T.);
#2290 = VERTEX_POINT('',#2291);
#2291 = CARTESIAN_POINT('',(2.14,-0.64,0.2));
#2292 = LINE('',#2293,#2294);
#2293 = CARTESIAN_POINT('',(2.14,-0.64,1.E-02));
#2294 = VECTOR('',#2295,1.);
#2295 = DIRECTION('',(0.,0.,1.));
#2296 = ORIENTED_EDGE('',*,*,#2297,.F.);
#2297 = EDGE_CURVE('',#2298,#2290,#2300,.T.);
#2298 = VERTEX_POINT('',#2299);
#2299 = CARTESIAN_POINT('',(2.14,-0.36,0.2));
#2300 = LINE('',#2301,#2302);
#2301 = CARTESIAN_POINT('',(2.14,0.82,0.2));
#2302 = VECTOR('',#2303,1.);
#2303 = DIRECTION('',(-2.22044604925E-16,-1.,0.));
#2304 = ORIENTED_EDGE('',*,*,#2305,.T.);
#2305 = EDGE_CURVE('',#2298,#1448,#2306,.T.);
#2306 = LINE('',#2307,#2308);
#2307 = CARTESIAN_POINT('',(2.14,-0.36,1.E-02));
#2308 = VECTOR('',#2309,1.);
#2309 = DIRECTION('',(0.,-0.,-1.));
#2310 = ORIENTED_EDGE('',*,*,#1455,.F.);
#2311 = ORIENTED_EDGE('',*,*,#2312,.T.);
#2312 = EDGE_CURVE('',#1456,#2313,#2315,.T.);
#2313 = VERTEX_POINT('',#2314);
#2314 = CARTESIAN_POINT('',(2.14,-0.14,0.2));
#2315 = LINE('',#2316,#2317);
#2316 = CARTESIAN_POINT('',(2.14,-0.14,1.E-02));
#2317 = VECTOR('',#2318,1.);
#2318 = DIRECTION('',(0.,0.,1.));
#2319 = ORIENTED_EDGE('',*,*,#2320,.F.);
#2320 = EDGE_CURVE('',#2321,#2313,#2323,.T.);
#2321 = VERTEX_POINT('',#2322);
#2322 = CARTESIAN_POINT('',(2.14,0.14,0.2));
#2323 = LINE('',#2324,#2325);
#2324 = CARTESIAN_POINT('',(2.14,1.07,0.2));
#2325 = VECTOR('',#2326,1.);
#2326 = DIRECTION('',(-2.22044604925E-16,-1.,0.));
#2327 = ORIENTED_EDGE('',*,*,#2328,.T.);
#2328 = EDGE_CURVE('',#2321,#1481,#2329,.T.);
#2329 = LINE('',#2330,#2331);
#2330 = CARTESIAN_POINT('',(2.14,0.14,1.E-02));
#2331 = VECTOR('',#2332,1.);
#2332 = DIRECTION('',(0.,-0.,-1.));
#2333 = ORIENTED_EDGE('',*,*,#1488,.F.);
#2334 = ORIENTED_EDGE('',*,*,#2335,.T.);
#2335 = EDGE_CURVE('',#1489,#2336,#2338,.T.);
#2336 = VERTEX_POINT('',#2337);
#2337 = CARTESIAN_POINT('',(2.14,0.36,0.2));
#2338 = LINE('',#2339,#2340);
#2339 = CARTESIAN_POINT('',(2.14,0.36,1.E-02));
#2340 = VECTOR('',#2341,1.);
#2341 = DIRECTION('',(0.,0.,1.));
#2342 = ORIENTED_EDGE('',*,*,#2343,.F.);
#2343 = EDGE_CURVE('',#2344,#2336,#2346,.T.);
#2344 = VERTEX_POINT('',#2345);
#2345 = CARTESIAN_POINT('',(2.14,0.64,0.2));
#2346 = LINE('',#2347,#2348);
#2347 = CARTESIAN_POINT('',(2.14,1.32,0.2));
#2348 = VECTOR('',#2349,1.);
#2349 = DIRECTION('',(-2.22044604925E-16,-1.,0.));
#2350 = ORIENTED_EDGE('',*,*,#2351,.T.);
#2351 = EDGE_CURVE('',#2344,#1514,#2352,.T.);
#2352 = LINE('',#2353,#2354);
#2353 = CARTESIAN_POINT('',(2.14,0.64,1.E-02));
#2354 = VECTOR('',#2355,1.);
#2355 = DIRECTION('',(0.,-0.,-1.));
#2356 = ORIENTED_EDGE('',*,*,#1521,.F.);
#2357 = ORIENTED_EDGE('',*,*,#2358,.T.);
#2358 = EDGE_CURVE('',#1522,#2359,#2361,.T.);
#2359 = VERTEX_POINT('',#2360);
#2360 = CARTESIAN_POINT('',(2.14,0.86,0.2));
#2361 = LINE('',#2362,#2363);
#2362 = CARTESIAN_POINT('',(2.14,0.86,1.E-02));
#2363 = VECTOR('',#2364,1.);
#2364 = DIRECTION('',(0.,0.,1.));
#2365 = ORIENTED_EDGE('',*,*,#2366,.F.);
#2366 = EDGE_CURVE('',#2367,#2359,#2369,.T.);
#2367 = VERTEX_POINT('',#2368);
#2368 = CARTESIAN_POINT('',(2.14,1.14,0.2));
#2369 = LINE('',#2370,#2371);
#2370 = CARTESIAN_POINT('',(2.14,1.57,0.2));
#2371 = VECTOR('',#2372,1.);
#2372 = DIRECTION('',(-2.22044604925E-16,-1.,0.));
#2373 = ORIENTED_EDGE('',*,*,#2374,.T.);
#2374 = EDGE_CURVE('',#2367,#1547,#2375,.T.);
#2375 = LINE('',#2376,#2377);
#2376 = CARTESIAN_POINT('',(2.14,1.14,1.E-02));
#2377 = VECTOR('',#2378,1.);
#2378 = DIRECTION('',(0.,-0.,-1.));
#2379 = PLANE('',#2380);
#2380 = AXIS2_PLACEMENT_3D('',#2381,#2382,#2383);
#2381 = CARTESIAN_POINT('',(2.14,2.14,2.E-02));
#2382 = DIRECTION('',(1.,-2.22044604925E-16,0.));
#2383 = DIRECTION('',(0.,0.,1.));
#2384 = ADVANCED_FACE('',(#2385),#2419,.F.);
#2385 = FACE_BOUND('',#2386,.F.);
#2386 = EDGE_LOOP('',(#2387,#2397,#2403,#2404,#2405,#2413));
#2387 = ORIENTED_EDGE('',*,*,#2388,.F.);
#2388 = EDGE_CURVE('',#2389,#2391,#2393,.T.);
#2389 = VERTEX_POINT('',#2390);
#2390 = CARTESIAN_POINT('',(-1.89,0.14,0.));
#2391 = VERTEX_POINT('',#2392);
#2392 = CARTESIAN_POINT('',(-2.15,0.14,0.));
#2393 = LINE('',#2394,#2395);
#2394 = CARTESIAN_POINT('',(-1.89,0.14,0.));
#2395 = VECTOR('',#2396,1.);
#2396 = DIRECTION('',(-1.,4.669739647545E-16,0.));
#2397 = ORIENTED_EDGE('',*,*,#2398,.T.);
#2398 = EDGE_CURVE('',#2389,#1217,#2399,.T.);
#2399 = LINE('',#2400,#2401);
#2400 = CARTESIAN_POINT('',(-1.89,0.14,0.));
#2401 = VECTOR('',#2402,1.);
#2402 = DIRECTION('',(0.,0.,1.));
#2403 = ORIENTED_EDGE('',*,*,#1216,.F.);
#2404 = ORIENTED_EDGE('',*,*,#1797,.F.);
#2405 = ORIENTED_EDGE('',*,*,#2406,.T.);
#2406 = EDGE_CURVE('',#1790,#2407,#2409,.T.);
#2407 = VERTEX_POINT('',#2408);
#2408 = CARTESIAN_POINT('',(-2.15,0.14,0.2));
#2409 = LINE('',#2410,#2411);
#2410 = CARTESIAN_POINT('',(-1.89,0.14,0.2));
#2411 = VECTOR('',#2412,1.);
#2412 = DIRECTION('',(-1.,4.669739647545E-16,0.));
#2413 = ORIENTED_EDGE('',*,*,#2414,.F.);
#2414 = EDGE_CURVE('',#2391,#2407,#2415,.T.);
#2415 = LINE('',#2416,#2417);
#2416 = CARTESIAN_POINT('',(-2.15,0.14,0.));
#2417 = VECTOR('',#2418,1.);
#2418 = DIRECTION('',(0.,0.,1.));
#2419 = PLANE('',#2420);
#2420 = AXIS2_PLACEMENT_3D('',#2421,#2422,#2423);
#2421 = CARTESIAN_POINT('',(-1.89,0.14,0.));
#2422 = DIRECTION('',(-4.669739647545E-16,-1.,0.));
#2423 = DIRECTION('',(-1.,4.669739647545E-16,0.));
#2424 = ADVANCED_FACE('',(#2425),#2459,.F.);
#2425 = FACE_BOUND('',#2426,.F.);
#2426 = EDGE_LOOP('',(#2427,#2437,#2445,#2451,#2452,#2453));
#2427 = ORIENTED_EDGE('',*,*,#2428,.F.);
#2428 = EDGE_CURVE('',#2429,#2431,#2433,.T.);
#2429 = VERTEX_POINT('',#2430);
#2430 = CARTESIAN_POINT('',(2.15,1.14,0.));
#2431 = VERTEX_POINT('',#2432);
#2432 = CARTESIAN_POINT('',(1.89,1.14,0.));
#2433 = LINE('',#2434,#2435);
#2434 = CARTESIAN_POINT('',(2.15,1.14,0.));
#2435 = VECTOR('',#2436,1.);
#2436 = DIRECTION('',(-1.,3.445092848398E-16,0.));
#2437 = ORIENTED_EDGE('',*,*,#2438,.T.);
#2438 = EDGE_CURVE('',#2429,#2439,#2441,.T.);
#2439 = VERTEX_POINT('',#2440);
#2440 = CARTESIAN_POINT('',(2.15,1.14,0.2));
#2441 = LINE('',#2442,#2443);
#2442 = CARTESIAN_POINT('',(2.15,1.14,0.));
#2443 = VECTOR('',#2444,1.);
#2444 = DIRECTION('',(0.,0.,1.));
#2445 = ORIENTED_EDGE('',*,*,#2446,.T.);
#2446 = EDGE_CURVE('',#2439,#2367,#2447,.T.);
#2447 = LINE('',#2448,#2449);
#2448 = CARTESIAN_POINT('',(2.15,1.14,0.2));
#2449 = VECTOR('',#2450,1.);
#2450 = DIRECTION('',(-1.,3.445092848398E-16,0.));
#2451 = ORIENTED_EDGE('',*,*,#2374,.T.);
#2452 = ORIENTED_EDGE('',*,*,#1546,.F.);
#2453 = ORIENTED_EDGE('',*,*,#2454,.F.);
#2454 = EDGE_CURVE('',#2431,#1538,#2455,.T.);
#2455 = LINE('',#2456,#2457);
#2456 = CARTESIAN_POINT('',(1.89,1.14,0.));
#2457 = VECTOR('',#2458,1.);
#2458 = DIRECTION('',(0.,0.,1.));
#2459 = PLANE('',#2460);
#2460 = AXIS2_PLACEMENT_3D('',#2461,#2462,#2463);
#2461 = CARTESIAN_POINT('',(2.15,1.14,0.));
#2462 = DIRECTION('',(-3.445092848398E-16,-1.,0.));
#2463 = DIRECTION('',(-1.,3.445092848398E-16,0.));
#2464 = ADVANCED_FACE('',(#2465),#2484,.T.);
#2465 = FACE_BOUND('',#2466,.T.);
#2466 = EDGE_LOOP('',(#2467,#2468,#2469,#2477));
#2467 = ORIENTED_EDGE('',*,*,#2398,.T.);
#2468 = ORIENTED_EDGE('',*,*,#1224,.T.);
#2469 = ORIENTED_EDGE('',*,*,#2470,.F.);
#2470 = EDGE_CURVE('',#2471,#1225,#2473,.T.);
#2471 = VERTEX_POINT('',#2472);
#2472 = CARTESIAN_POINT('',(-1.89,-0.14,0.));
#2473 = LINE('',#2474,#2475);
#2474 = CARTESIAN_POINT('',(-1.89,-0.14,0.));
#2475 = VECTOR('',#2476,1.);
#2476 = DIRECTION('',(0.,0.,1.));
#2477 = ORIENTED_EDGE('',*,*,#2478,.T.);
#2478 = EDGE_CURVE('',#2471,#2389,#2479,.T.);
#2479 = CIRCLE('',#2480,0.14);
#2480 = AXIS2_PLACEMENT_3D('',#2481,#2482,#2483);
#2481 = CARTESIAN_POINT('',(-1.89,6.106226635438E-16,0.));
#2482 = DIRECTION('',(0.,0.,1.));
#2483 = DIRECTION('',(-4.669739647545E-16,-1.,0.));
#2484 = CYLINDRICAL_SURFACE('',#2485,0.14);
#2485 = AXIS2_PLACEMENT_3D('',#2486,#2487,#2488);
#2486 = CARTESIAN_POINT('',(-1.89,6.106226635438E-16,0.));
#2487 = DIRECTION('',(0.,0.,-1.));
#2488 = DIRECTION('',(-4.669739647545E-16,-1.,-0.));
#2489 = ADVANCED_FACE('',(#2490),#2509,.T.);
#2490 = FACE_BOUND('',#2491,.T.);
#2491 = EDGE_LOOP('',(#2492,#2500,#2501,#2502));
#2492 = ORIENTED_EDGE('',*,*,#2493,.T.);
#2493 = EDGE_CURVE('',#2494,#1530,#2496,.T.);
#2494 = VERTEX_POINT('',#2495);
#2495 = CARTESIAN_POINT('',(1.89,0.86,0.));
#2496 = LINE('',#2497,#2498);
#2497 = CARTESIAN_POINT('',(1.89,0.86,0.));
#2498 = VECTOR('',#2499,1.);
#2499 = DIRECTION('',(0.,0.,1.));
#2500 = ORIENTED_EDGE('',*,*,#1537,.T.);
#2501 = ORIENTED_EDGE('',*,*,#2454,.F.);
#2502 = ORIENTED_EDGE('',*,*,#2503,.T.);
#2503 = EDGE_CURVE('',#2431,#2494,#2504,.T.);
#2504 = CIRCLE('',#2505,0.14);
#2505 = AXIS2_PLACEMENT_3D('',#2506,#2507,#2508);
#2506 = CARTESIAN_POINT('',(1.89,1.,0.));
#2507 = DIRECTION('',(0.,-0.,1.));
#2508 = DIRECTION('',(3.445092848398E-16,1.,0.));
#2509 = CYLINDRICAL_SURFACE('',#2510,0.14);
#2510 = AXIS2_PLACEMENT_3D('',#2511,#2512,#2513);
#2511 = CARTESIAN_POINT('',(1.89,1.,0.));
#2512 = DIRECTION('',(0.,-0.,-1.));
#2513 = DIRECTION('',(3.445092848398E-16,1.,0.));
#2514 = ADVANCED_FACE('',(#2515),#2542,.F.);
#2515 = FACE_BOUND('',#2516,.F.);
#2516 = EDGE_LOOP('',(#2517,#2525,#2533,#2539,#2540,#2541));
#2517 = ORIENTED_EDGE('',*,*,#2518,.F.);
#2518 = EDGE_CURVE('',#2519,#2471,#2521,.T.);
#2519 = VERTEX_POINT('',#2520);
#2520 = CARTESIAN_POINT('',(-2.15,-0.14,0.));
#2521 = LINE('',#2522,#2523);
#2522 = CARTESIAN_POINT('',(-2.15,-0.14,0.));
#2523 = VECTOR('',#2524,1.);
#2524 = DIRECTION('',(1.,-4.669739647545E-16,0.));
#2525 = ORIENTED_EDGE('',*,*,#2526,.T.);
#2526 = EDGE_CURVE('',#2519,#2527,#2529,.T.);
#2527 = VERTEX_POINT('',#2528);
#2528 = CARTESIAN_POINT('',(-2.15,-0.14,0.2));
#2529 = LINE('',#2530,#2531);
#2530 = CARTESIAN_POINT('',(-2.15,-0.14,0.));
#2531 = VECTOR('',#2532,1.);
#2532 = DIRECTION('',(0.,0.,1.));
#2533 = ORIENTED_EDGE('',*,*,#2534,.T.);
#2534 = EDGE_CURVE('',#2527,#1782,#2535,.T.);
#2535 = LINE('',#2536,#2537);
#2536 = CARTESIAN_POINT('',(-2.15,-0.14,0.2));
#2537 = VECTOR('',#2538,1.);
#2538 = DIRECTION('',(1.,-4.669739647545E-16,0.));
#2539 = ORIENTED_EDGE('',*,*,#1781,.F.);
#2540 = ORIENTED_EDGE('',*,*,#1233,.F.);
#2541 = ORIENTED_EDGE('',*,*,#2470,.F.);
#2542 = PLANE('',#2543);
#2543 = AXIS2_PLACEMENT_3D('',#2544,#2545,#2546);
#2544 = CARTESIAN_POINT('',(-2.15,-0.14,0.));
#2545 = DIRECTION('',(4.669739647545E-16,1.,0.));
#2546 = DIRECTION('',(1.,-4.669739647545E-16,0.));
#2547 = ADVANCED_FACE('',(#2548),#2575,.F.);
#2548 = FACE_BOUND('',#2549,.F.);
#2549 = EDGE_LOOP('',(#2550,#2558,#2559,#2560,#2561,#2569));
#2550 = ORIENTED_EDGE('',*,*,#2551,.F.);
#2551 = EDGE_CURVE('',#2494,#2552,#2554,.T.);
#2552 = VERTEX_POINT('',#2553);
#2553 = CARTESIAN_POINT('',(2.15,0.86,0.));
#2554 = LINE('',#2555,#2556);
#2555 = CARTESIAN_POINT('',(1.89,0.86,0.));
#2556 = VECTOR('',#2557,1.);
#2557 = DIRECTION('',(1.,-3.445092848398E-16,0.));
#2558 = ORIENTED_EDGE('',*,*,#2493,.T.);
#2559 = ORIENTED_EDGE('',*,*,#1529,.F.);
#2560 = ORIENTED_EDGE('',*,*,#2358,.T.);
#2561 = ORIENTED_EDGE('',*,*,#2562,.T.);
#2562 = EDGE_CURVE('',#2359,#2563,#2565,.T.);
#2563 = VERTEX_POINT('',#2564);
#2564 = CARTESIAN_POINT('',(2.15,0.86,0.2));
#2565 = LINE('',#2566,#2567);
#2566 = CARTESIAN_POINT('',(1.89,0.86,0.2));
#2567 = VECTOR('',#2568,1.);
#2568 = DIRECTION('',(1.,-3.445092848398E-16,0.));
#2569 = ORIENTED_EDGE('',*,*,#2570,.F.);
#2570 = EDGE_CURVE('',#2552,#2563,#2571,.T.);
#2571 = LINE('',#2572,#2573);
#2572 = CARTESIAN_POINT('',(2.15,0.86,0.));
#2573 = VECTOR('',#2574,1.);
#2574 = DIRECTION('',(0.,0.,1.));
#2575 = PLANE('',#2576);
#2576 = AXIS2_PLACEMENT_3D('',#2577,#2578,#2579);
#2577 = CARTESIAN_POINT('',(1.89,0.86,0.));
#2578 = DIRECTION('',(3.445092848398E-16,1.,0.));
#2579 = DIRECTION('',(1.,-3.445092848398E-16,0.));
#2580 = ADVANCED_FACE('',(#2581),#2615,.F.);
#2581 = FACE_BOUND('',#2582,.F.);
#2582 = EDGE_LOOP('',(#2583,#2593,#2599,#2600,#2601,#2609));
#2583 = ORIENTED_EDGE('',*,*,#2584,.F.);
#2584 = EDGE_CURVE('',#2585,#2587,#2589,.T.);
#2585 = VERTEX_POINT('',#2586);
#2586 = CARTESIAN_POINT('',(-1.89,-0.36,0.));
#2587 = VERTEX_POINT('',#2588);
#2588 = CARTESIAN_POINT('',(-2.15,-0.36,0.));
#2589 = LINE('',#2590,#2591);
#2590 = CARTESIAN_POINT('',(-1.89,-0.36,0.));
#2591 = VECTOR('',#2592,1.);
#2592 = DIRECTION('',(-1.,4.669739647545E-16,0.));
#2593 = ORIENTED_EDGE('',*,*,#2594,.T.);
#2594 = EDGE_CURVE('',#2585,#1250,#2595,.T.);
#2595 = LINE('',#2596,#2597);
#2596 = CARTESIAN_POINT('',(-1.89,-0.36,0.));
#2597 = VECTOR('',#2598,1.);
#2598 = DIRECTION('',(0.,0.,1.));
#2599 = ORIENTED_EDGE('',*,*,#1249,.F.);
#2600 = ORIENTED_EDGE('',*,*,#1774,.F.);
#2601 = ORIENTED_EDGE('',*,*,#2602,.T.);
#2602 = EDGE_CURVE('',#1767,#2603,#2605,.T.);
#2603 = VERTEX_POINT('',#2604);
#2604 = CARTESIAN_POINT('',(-2.15,-0.36,0.2));
#2605 = LINE('',#2606,#2607);
#2606 = CARTESIAN_POINT('',(-1.89,-0.36,0.2));
#2607 = VECTOR('',#2608,1.);
#2608 = DIRECTION('',(-1.,4.669739647545E-16,0.));
#2609 = ORIENTED_EDGE('',*,*,#2610,.F.);
#2610 = EDGE_CURVE('',#2587,#2603,#2611,.T.);
#2611 = LINE('',#2612,#2613);
#2612 = CARTESIAN_POINT('',(-2.15,-0.36,0.));
#2613 = VECTOR('',#2614,1.);
#2614 = DIRECTION('',(0.,0.,1.));
#2615 = PLANE('',#2616);
#2616 = AXIS2_PLACEMENT_3D('',#2617,#2618,#2619);
#2617 = CARTESIAN_POINT('',(-1.89,-0.36,0.));
#2618 = DIRECTION('',(-4.669739647545E-16,-1.,0.));
#2619 = DIRECTION('',(-1.,4.669739647545E-16,0.));
#2620 = ADVANCED_FACE('',(#2621),#2655,.F.);
#2621 = FACE_BOUND('',#2622,.F.);
#2622 = EDGE_LOOP('',(#2623,#2633,#2641,#2647,#2648,#2649));
#2623 = ORIENTED_EDGE('',*,*,#2624,.F.);
#2624 = EDGE_CURVE('',#2625,#2627,#2629,.T.);
#2625 = VERTEX_POINT('',#2626);
#2626 = CARTESIAN_POINT('',(2.15,0.64,0.));
#2627 = VERTEX_POINT('',#2628);
#2628 = CARTESIAN_POINT('',(1.89,0.64,0.));
#2629 = LINE('',#2630,#2631);
#2630 = CARTESIAN_POINT('',(2.15,0.64,0.));
#2631 = VECTOR('',#2632,1.);
#2632 = DIRECTION('',(-1.,3.445092848398E-16,0.));
#2633 = ORIENTED_EDGE('',*,*,#2634,.T.);
#2634 = EDGE_CURVE('',#2625,#2635,#2637,.T.);
#2635 = VERTEX_POINT('',#2636);
#2636 = CARTESIAN_POINT('',(2.15,0.64,0.2));
#2637 = LINE('',#2638,#2639);
#2638 = CARTESIAN_POINT('',(2.15,0.64,0.));
#2639 = VECTOR('',#2640,1.);
#2640 = DIRECTION('',(0.,0.,1.));
#2641 = ORIENTED_EDGE('',*,*,#2642,.T.);
#2642 = EDGE_CURVE('',#2635,#2344,#2643,.T.);
#2643 = LINE('',#2644,#2645);
#2644 = CARTESIAN_POINT('',(2.15,0.64,0.2));
#2645 = VECTOR('',#2646,1.);
#2646 = DIRECTION('',(-1.,3.445092848398E-16,0.));
#2647 = ORIENTED_EDGE('',*,*,#2351,.T.);
#2648 = ORIENTED_EDGE('',*,*,#1513,.F.);
#2649 = ORIENTED_EDGE('',*,*,#2650,.F.);
#2650 = EDGE_CURVE('',#2627,#1505,#2651,.T.);
#2651 = LINE('',#2652,#2653);
#2652 = CARTESIAN_POINT('',(1.89,0.64,0.));
#2653 = VECTOR('',#2654,1.);
#2654 = DIRECTION('',(0.,0.,1.));
#2655 = PLANE('',#2656);
#2656 = AXIS2_PLACEMENT_3D('',#2657,#2658,#2659);
#2657 = CARTESIAN_POINT('',(2.15,0.64,0.));
#2658 = DIRECTION('',(-3.445092848398E-16,-1.,0.));
#2659 = DIRECTION('',(-1.,3.445092848398E-16,0.));
#2660 = ADVANCED_FACE('',(#2661),#2680,.T.);
#2661 = FACE_BOUND('',#2662,.T.);
#2662 = EDGE_LOOP('',(#2663,#2664,#2665,#2673));
#2663 = ORIENTED_EDGE('',*,*,#2594,.T.);
#2664 = ORIENTED_EDGE('',*,*,#1257,.T.);
#2665 = ORIENTED_EDGE('',*,*,#2666,.F.);
#2666 = EDGE_CURVE('',#2667,#1258,#2669,.T.);
#2667 = VERTEX_POINT('',#2668);
#2668 = CARTESIAN_POINT('',(-1.89,-0.64,0.));
#2669 = LINE('',#2670,#2671);
#2670 = CARTESIAN_POINT('',(-1.89,-0.64,0.));
#2671 = VECTOR('',#2672,1.);
#2672 = DIRECTION('',(0.,0.,1.));
#2673 = ORIENTED_EDGE('',*,*,#2674,.T.);
#2674 = EDGE_CURVE('',#2667,#2585,#2675,.T.);
#2675 = CIRCLE('',#2676,0.14);
#2676 = AXIS2_PLACEMENT_3D('',#2677,#2678,#2679);
#2677 = CARTESIAN_POINT('',(-1.89,-0.5,0.));
#2678 = DIRECTION('',(0.,0.,1.));
#2679 = DIRECTION('',(-4.669739647545E-16,-1.,0.));
#2680 = CYLINDRICAL_SURFACE('',#2681,0.14);
#2681 = AXIS2_PLACEMENT_3D('',#2682,#2683,#2684);
#2682 = CARTESIAN_POINT('',(-1.89,-0.5,0.));
#2683 = DIRECTION('',(0.,0.,-1.));
#2684 = DIRECTION('',(-4.669739647545E-16,-1.,-0.));
#2685 = ADVANCED_FACE('',(#2686),#2705,.T.);
#2686 = FACE_BOUND('',#2687,.T.);
#2687 = EDGE_LOOP('',(#2688,#2696,#2697,#2698));
#2688 = ORIENTED_EDGE('',*,*,#2689,.T.);
#2689 = EDGE_CURVE('',#2690,#1497,#2692,.T.);
#2690 = VERTEX_POINT('',#2691);
#2691 = CARTESIAN_POINT('',(1.89,0.36,0.));
#2692 = LINE('',#2693,#2694);
#2693 = CARTESIAN_POINT('',(1.89,0.36,0.));
#2694 = VECTOR('',#2695,1.);
#2695 = DIRECTION('',(0.,0.,1.));
#2696 = ORIENTED_EDGE('',*,*,#1504,.T.);
#2697 = ORIENTED_EDGE('',*,*,#2650,.F.);
#2698 = ORIENTED_EDGE('',*,*,#2699,.T.);
#2699 = EDGE_CURVE('',#2627,#2690,#2700,.T.);
#2700 = CIRCLE('',#2701,0.14);
#2701 = AXIS2_PLACEMENT_3D('',#2702,#2703,#2704);
#2702 = CARTESIAN_POINT('',(1.89,0.5,0.));
#2703 = DIRECTION('',(0.,-0.,1.));
#2704 = DIRECTION('',(3.445092848398E-16,1.,0.));
#2705 = CYLINDRICAL_SURFACE('',#2706,0.14);
#2706 = AXIS2_PLACEMENT_3D('',#2707,#2708,#2709);
#2707 = CARTESIAN_POINT('',(1.89,0.5,0.));
#2708 = DIRECTION('',(0.,-0.,-1.));
#2709 = DIRECTION('',(3.445092848398E-16,1.,0.));
#2710 = ADVANCED_FACE('',(#2711),#2738,.F.);
#2711 = FACE_BOUND('',#2712,.F.);
#2712 = EDGE_LOOP('',(#2713,#2721,#2729,#2735,#2736,#2737));
#2713 = ORIENTED_EDGE('',*,*,#2714,.F.);
#2714 = EDGE_CURVE('',#2715,#2667,#2717,.T.);
#2715 = VERTEX_POINT('',#2716);
#2716 = CARTESIAN_POINT('',(-2.15,-0.64,0.));
#2717 = LINE('',#2718,#2719);
#2718 = CARTESIAN_POINT('',(-2.15,-0.64,0.));
#2719 = VECTOR('',#2720,1.);
#2720 = DIRECTION('',(1.,-4.669739647545E-16,0.));
#2721 = ORIENTED_EDGE('',*,*,#2722,.T.);
#2722 = EDGE_CURVE('',#2715,#2723,#2725,.T.);
#2723 = VERTEX_POINT('',#2724);
#2724 = CARTESIAN_POINT('',(-2.15,-0.64,0.2));
#2725 = LINE('',#2726,#2727);
#2726 = CARTESIAN_POINT('',(-2.15,-0.64,0.));
#2727 = VECTOR('',#2728,1.);
#2728 = DIRECTION('',(0.,0.,1.));
#2729 = ORIENTED_EDGE('',*,*,#2730,.T.);
#2730 = EDGE_CURVE('',#2723,#1759,#2731,.T.);
#2731 = LINE('',#2732,#2733);
#2732 = CARTESIAN_POINT('',(-2.15,-0.64,0.2));
#2733 = VECTOR('',#2734,1.);
#2734 = DIRECTION('',(1.,-4.669739647545E-16,0.));
#2735 = ORIENTED_EDGE('',*,*,#1758,.F.);
#2736 = ORIENTED_EDGE('',*,*,#1266,.F.);
#2737 = ORIENTED_EDGE('',*,*,#2666,.F.);
#2738 = PLANE('',#2739);
#2739 = AXIS2_PLACEMENT_3D('',#2740,#2741,#2742);
#2740 = CARTESIAN_POINT('',(-2.15,-0.64,0.));
#2741 = DIRECTION('',(4.669739647545E-16,1.,0.));
#2742 = DIRECTION('',(1.,-4.669739647545E-16,0.));
#2743 = ADVANCED_FACE('',(#2744),#2771,.F.);
#2744 = FACE_BOUND('',#2745,.F.);
#2745 = EDGE_LOOP('',(#2746,#2754,#2755,#2756,#2757,#2765));
#2746 = ORIENTED_EDGE('',*,*,#2747,.F.);
#2747 = EDGE_CURVE('',#2690,#2748,#2750,.T.);
#2748 = VERTEX_POINT('',#2749);
#2749 = CARTESIAN_POINT('',(2.15,0.36,0.));
#2750 = LINE('',#2751,#2752);
#2751 = CARTESIAN_POINT('',(1.89,0.36,0.));
#2752 = VECTOR('',#2753,1.);
#2753 = DIRECTION('',(1.,-3.445092848398E-16,0.));
#2754 = ORIENTED_EDGE('',*,*,#2689,.T.);
#2755 = ORIENTED_EDGE('',*,*,#1496,.F.);
#2756 = ORIENTED_EDGE('',*,*,#2335,.T.);
#2757 = ORIENTED_EDGE('',*,*,#2758,.T.);
#2758 = EDGE_CURVE('',#2336,#2759,#2761,.T.);
#2759 = VERTEX_POINT('',#2760);
#2760 = CARTESIAN_POINT('',(2.15,0.36,0.2));
#2761 = LINE('',#2762,#2763);
#2762 = CARTESIAN_POINT('',(1.89,0.36,0.2));
#2763 = VECTOR('',#2764,1.);
#2764 = DIRECTION('',(1.,-3.445092848398E-16,0.));
#2765 = ORIENTED_EDGE('',*,*,#2766,.F.);
#2766 = EDGE_CURVE('',#2748,#2759,#2767,.T.);
#2767 = LINE('',#2768,#2769);
#2768 = CARTESIAN_POINT('',(2.15,0.36,0.));
#2769 = VECTOR('',#2770,1.);
#2770 = DIRECTION('',(0.,0.,1.));
#2771 = PLANE('',#2772);
#2772 = AXIS2_PLACEMENT_3D('',#2773,#2774,#2775);
#2773 = CARTESIAN_POINT('',(1.89,0.36,0.));
#2774 = DIRECTION('',(3.445092848398E-16,1.,0.));
#2775 = DIRECTION('',(1.,-3.445092848398E-16,0.));
#2776 = ADVANCED_FACE('',(#2777),#2811,.F.);
#2777 = FACE_BOUND('',#2778,.F.);
#2778 = EDGE_LOOP('',(#2779,#2789,#2795,#2796,#2797,#2805));
#2779 = ORIENTED_EDGE('',*,*,#2780,.F.);
#2780 = EDGE_CURVE('',#2781,#2783,#2785,.T.);
#2781 = VERTEX_POINT('',#2782);
#2782 = CARTESIAN_POINT('',(-1.89,-0.86,0.));
#2783 = VERTEX_POINT('',#2784);
#2784 = CARTESIAN_POINT('',(-2.15,-0.86,0.));
#2785 = LINE('',#2786,#2787);
#2786 = CARTESIAN_POINT('',(-1.89,-0.86,0.));
#2787 = VECTOR('',#2788,1.);
#2788 = DIRECTION('',(-1.,4.669739647545E-16,0.));
#2789 = ORIENTED_EDGE('',*,*,#2790,.T.);
#2790 = EDGE_CURVE('',#2781,#1283,#2791,.T.);
#2791 = LINE('',#2792,#2793);
#2792 = CARTESIAN_POINT('',(-1.89,-0.86,0.));
#2793 = VECTOR('',#2794,1.);
#2794 = DIRECTION('',(0.,0.,1.));
#2795 = ORIENTED_EDGE('',*,*,#1282,.F.);
#2796 = ORIENTED_EDGE('',*,*,#1751,.F.);
#2797 = ORIENTED_EDGE('',*,*,#2798,.T.);
#2798 = EDGE_CURVE('',#1744,#2799,#2801,.T.);
#2799 = VERTEX_POINT('',#2800);
#2800 = CARTESIAN_POINT('',(-2.15,-0.86,0.2));
#2801 = LINE('',#2802,#2803);
#2802 = CARTESIAN_POINT('',(-1.89,-0.86,0.2));
#2803 = VECTOR('',#2804,1.);
#2804 = DIRECTION('',(-1.,4.669739647545E-16,0.));
#2805 = ORIENTED_EDGE('',*,*,#2806,.F.);
#2806 = EDGE_CURVE('',#2783,#2799,#2807,.T.);
#2807 = LINE('',#2808,#2809);
#2808 = CARTESIAN_POINT('',(-2.15,-0.86,0.));
#2809 = VECTOR('',#2810,1.);
#2810 = DIRECTION('',(0.,0.,1.));
#2811 = PLANE('',#2812);
#2812 = AXIS2_PLACEMENT_3D('',#2813,#2814,#2815);
#2813 = CARTESIAN_POINT('',(-1.89,-0.86,0.));
#2814 = DIRECTION('',(-4.669739647545E-16,-1.,0.));
#2815 = DIRECTION('',(-1.,4.669739647545E-16,0.));
#2816 = ADVANCED_FACE('',(#2817),#2851,.F.);
#2817 = FACE_BOUND('',#2818,.F.);
#2818 = EDGE_LOOP('',(#2819,#2829,#2837,#2843,#2844,#2845));
#2819 = ORIENTED_EDGE('',*,*,#2820,.F.);
#2820 = EDGE_CURVE('',#2821,#2823,#2825,.T.);
#2821 = VERTEX_POINT('',#2822);
#2822 = CARTESIAN_POINT('',(2.15,0.14,0.));
#2823 = VERTEX_POINT('',#2824);
#2824 = CARTESIAN_POINT('',(1.89,0.14,0.));
#2825 = LINE('',#2826,#2827);
#2826 = CARTESIAN_POINT('',(2.15,0.14,0.));
#2827 = VECTOR('',#2828,1.);
#2828 = DIRECTION('',(-1.,3.445092848398E-16,0.));
#2829 = ORIENTED_EDGE('',*,*,#2830,.T.);
#2830 = EDGE_CURVE('',#2821,#2831,#2833,.T.);
#2831 = VERTEX_POINT('',#2832);
#2832 = CARTESIAN_POINT('',(2.15,0.14,0.2));
#2833 = LINE('',#2834,#2835);
#2834 = CARTESIAN_POINT('',(2.15,0.14,0.));
#2835 = VECTOR('',#2836,1.);
#2836 = DIRECTION('',(0.,0.,1.));
#2837 = ORIENTED_EDGE('',*,*,#2838,.T.);
#2838 = EDGE_CURVE('',#2831,#2321,#2839,.T.);
#2839 = LINE('',#2840,#2841);
#2840 = CARTESIAN_POINT('',(2.15,0.14,0.2));
#2841 = VECTOR('',#2842,1.);
#2842 = DIRECTION('',(-1.,3.445092848398E-16,0.));
#2843 = ORIENTED_EDGE('',*,*,#2328,.T.);
#2844 = ORIENTED_EDGE('',*,*,#1480,.F.);
#2845 = ORIENTED_EDGE('',*,*,#2846,.F.);
#2846 = EDGE_CURVE('',#2823,#1472,#2847,.T.);
#2847 = LINE('',#2848,#2849);
#2848 = CARTESIAN_POINT('',(1.89,0.14,0.));
#2849 = VECTOR('',#2850,1.);
#2850 = DIRECTION('',(0.,0.,1.));
#2851 = PLANE('',#2852);
#2852 = AXIS2_PLACEMENT_3D('',#2853,#2854,#2855);
#2853 = CARTESIAN_POINT('',(2.15,0.14,0.));
#2854 = DIRECTION('',(-3.445092848398E-16,-1.,0.));
#2855 = DIRECTION('',(-1.,3.445092848398E-16,0.));
#2856 = ADVANCED_FACE('',(#2857),#2876,.T.);
#2857 = FACE_BOUND('',#2858,.T.);
#2858 = EDGE_LOOP('',(#2859,#2860,#2861,#2869));
#2859 = ORIENTED_EDGE('',*,*,#2790,.T.);
#2860 = ORIENTED_EDGE('',*,*,#1290,.T.);
#2861 = ORIENTED_EDGE('',*,*,#2862,.F.);
#2862 = EDGE_CURVE('',#2863,#1291,#2865,.T.);
#2863 = VERTEX_POINT('',#2864);
#2864 = CARTESIAN_POINT('',(-1.89,-1.14,0.));
#2865 = LINE('',#2866,#2867);
#2866 = CARTESIAN_POINT('',(-1.89,-1.14,0.));
#2867 = VECTOR('',#2868,1.);
#2868 = DIRECTION('',(0.,0.,1.));
#2869 = ORIENTED_EDGE('',*,*,#2870,.T.);
#2870 = EDGE_CURVE('',#2863,#2781,#2871,.T.);
#2871 = CIRCLE('',#2872,0.14);
#2872 = AXIS2_PLACEMENT_3D('',#2873,#2874,#2875);
#2873 = CARTESIAN_POINT('',(-1.89,-1.,0.));
#2874 = DIRECTION('',(0.,0.,1.));
#2875 = DIRECTION('',(-4.669739647545E-16,-1.,0.));
#2876 = CYLINDRICAL_SURFACE('',#2877,0.14);
#2877 = AXIS2_PLACEMENT_3D('',#2878,#2879,#2880);
#2878 = CARTESIAN_POINT('',(-1.89,-1.,0.));
#2879 = DIRECTION('',(0.,0.,-1.));
#2880 = DIRECTION('',(-4.669739647545E-16,-1.,-0.));
#2881 = ADVANCED_FACE('',(#2882),#2901,.T.);
#2882 = FACE_BOUND('',#2883,.T.);
#2883 = EDGE_LOOP('',(#2884,#2892,#2893,#2894));
#2884 = ORIENTED_EDGE('',*,*,#2885,.T.);
#2885 = EDGE_CURVE('',#2886,#1464,#2888,.T.);
#2886 = VERTEX_POINT('',#2887);
#2887 = CARTESIAN_POINT('',(1.89,-0.14,0.));
#2888 = LINE('',#2889,#2890);
#2889 = CARTESIAN_POINT('',(1.89,-0.14,0.));
#2890 = VECTOR('',#2891,1.);
#2891 = DIRECTION('',(0.,0.,1.));
#2892 = ORIENTED_EDGE('',*,*,#1471,.T.);
#2893 = ORIENTED_EDGE('',*,*,#2846,.F.);
#2894 = ORIENTED_EDGE('',*,*,#2895,.T.);
#2895 = EDGE_CURVE('',#2823,#2886,#2896,.T.);
#2896 = CIRCLE('',#2897,0.14);
#2897 = AXIS2_PLACEMENT_3D('',#2898,#2899,#2900);
#2898 = CARTESIAN_POINT('',(1.89,-3.330669073875E-16,0.));
#2899 = DIRECTION('',(0.,-0.,1.));
#2900 = DIRECTION('',(3.445092848398E-16,1.,0.));
#2901 = CYLINDRICAL_SURFACE('',#2902,0.14);
#2902 = AXIS2_PLACEMENT_3D('',#2903,#2904,#2905);
#2903 = CARTESIAN_POINT('',(1.89,-3.330669073875E-16,0.));
#2904 = DIRECTION('',(0.,-0.,-1.));
#2905 = DIRECTION('',(3.445092848398E-16,1.,0.));
#2906 = ADVANCED_FACE('',(#2907),#2934,.F.);
#2907 = FACE_BOUND('',#2908,.F.);
#2908 = EDGE_LOOP('',(#2909,#2917,#2925,#2931,#2932,#2933));
#2909 = ORIENTED_EDGE('',*,*,#2910,.F.);
#2910 = EDGE_CURVE('',#2911,#2863,#2913,.T.);
#2911 = VERTEX_POINT('',#2912);
#2912 = CARTESIAN_POINT('',(-2.15,-1.14,0.));
#2913 = LINE('',#2914,#2915);
#2914 = CARTESIAN_POINT('',(-2.15,-1.14,0.));
#2915 = VECTOR('',#2916,1.);
#2916 = DIRECTION('',(1.,-4.669739647545E-16,0.));
#2917 = ORIENTED_EDGE('',*,*,#2918,.T.);
#2918 = EDGE_CURVE('',#2911,#2919,#2921,.T.);
#2919 = VERTEX_POINT('',#2920);
#2920 = CARTESIAN_POINT('',(-2.15,-1.14,0.2));
#2921 = LINE('',#2922,#2923);
#2922 = CARTESIAN_POINT('',(-2.15,-1.14,0.));
#2923 = VECTOR('',#2924,1.);
#2924 = DIRECTION('',(0.,0.,1.));
#2925 = ORIENTED_EDGE('',*,*,#2926,.T.);
#2926 = EDGE_CURVE('',#2919,#1736,#2927,.T.);
#2927 = LINE('',#2928,#2929);
#2928 = CARTESIAN_POINT('',(-2.15,-1.14,0.2));
#2929 = VECTOR('',#2930,1.);
#2930 = DIRECTION('',(1.,-4.669739647545E-16,0.));
#2931 = ORIENTED_EDGE('',*,*,#1735,.F.);
#2932 = ORIENTED_EDGE('',*,*,#1299,.F.);
#2933 = ORIENTED_EDGE('',*,*,#2862,.F.);
#2934 = PLANE('',#2935);
#2935 = AXIS2_PLACEMENT_3D('',#2936,#2937,#2938);
#2936 = CARTESIAN_POINT('',(-2.15,-1.14,0.));
#2937 = DIRECTION('',(4.669739647545E-16,1.,0.));
#2938 = DIRECTION('',(1.,-4.669739647545E-16,0.));
#2939 = ADVANCED_FACE('',(#2940),#2967,.F.);
#2940 = FACE_BOUND('',#2941,.F.);
#2941 = EDGE_LOOP('',(#2942,#2950,#2951,#2952,#2953,#2961));
#2942 = ORIENTED_EDGE('',*,*,#2943,.F.);
#2943 = EDGE_CURVE('',#2886,#2944,#2946,.T.);
#2944 = VERTEX_POINT('',#2945);
#2945 = CARTESIAN_POINT('',(2.15,-0.14,0.));
#2946 = LINE('',#2947,#2948);
#2947 = CARTESIAN_POINT('',(1.89,-0.14,0.));
#2948 = VECTOR('',#2949,1.);
#2949 = DIRECTION('',(1.,-3.445092848398E-16,0.));
#2950 = ORIENTED_EDGE('',*,*,#2885,.T.);
#2951 = ORIENTED_EDGE('',*,*,#1463,.F.);
#2952 = ORIENTED_EDGE('',*,*,#2312,.T.);
#2953 = ORIENTED_EDGE('',*,*,#2954,.T.);
#2954 = EDGE_CURVE('',#2313,#2955,#2957,.T.);
#2955 = VERTEX_POINT('',#2956);
#2956 = CARTESIAN_POINT('',(2.15,-0.14,0.2));
#2957 = LINE('',#2958,#2959);
#2958 = CARTESIAN_POINT('',(1.89,-0.14,0.2));
#2959 = VECTOR('',#2960,1.);
#2960 = DIRECTION('',(1.,-3.445092848398E-16,0.));
#2961 = ORIENTED_EDGE('',*,*,#2962,.F.);
#2962 = EDGE_CURVE('',#2944,#2955,#2963,.T.);
#2963 = LINE('',#2964,#2965);
#2964 = CARTESIAN_POINT('',(2.15,-0.14,0.));
#2965 = VECTOR('',#2966,1.);
#2966 = DIRECTION('',(0.,0.,1.));
#2967 = PLANE('',#2968);
#2968 = AXIS2_PLACEMENT_3D('',#2969,#2970,#2971);
#2969 = CARTESIAN_POINT('',(1.89,-0.14,0.));
#2970 = DIRECTION('',(3.445092848398E-16,1.,0.));
#2971 = DIRECTION('',(1.,-3.445092848398E-16,0.));
#2972 = ADVANCED_FACE('',(#2973),#3030,.T.);
#2973 = FACE_BOUND('',#2974,.T.);
#2974 = EDGE_LOOP('',(#2975,#2981,#2982,#2983,#2991,#2999,#3005,#3006,
    #3014,#3022,#3028,#3029));
#2975 = ORIENTED_EDGE('',*,*,#2976,.F.);
#2976 = EDGE_CURVE('',#1721,#2252,#2977,.T.);
#2977 = LINE('',#2978,#2979);
#2978 = CARTESIAN_POINT('',(-2.14,-2.14,0.92));
#2979 = VECTOR('',#2980,1.);
#2980 = DIRECTION('',(1.,-2.22044604925E-16,0.));
#2981 = ORIENTED_EDGE('',*,*,#1728,.F.);
#2982 = ORIENTED_EDGE('',*,*,#1315,.T.);
#2983 = ORIENTED_EDGE('',*,*,#2984,.T.);
#2984 = EDGE_CURVE('',#1316,#2985,#2987,.T.);
#2985 = VERTEX_POINT('',#2986);
#2986 = CARTESIAN_POINT('',(-0.89,-2.14,0.2));
#2987 = LINE('',#2988,#2989);
#2988 = CARTESIAN_POINT('',(-0.89,-2.14,1.E-02));
#2989 = VECTOR('',#2990,1.);
#2990 = DIRECTION('',(0.,0.,1.));
#2991 = ORIENTED_EDGE('',*,*,#2992,.F.);
#2992 = EDGE_CURVE('',#2993,#2985,#2995,.T.);
#2993 = VERTEX_POINT('',#2994);
#2994 = CARTESIAN_POINT('',(-0.61,-2.14,0.2));
#2995 = LINE('',#2996,#2997);
#2996 = CARTESIAN_POINT('',(-1.445,-2.14,0.2));
#2997 = VECTOR('',#2998,1.);
#2998 = DIRECTION('',(-1.,2.22044604925E-16,0.));
#2999 = ORIENTED_EDGE('',*,*,#3000,.T.);
#3000 = EDGE_CURVE('',#2993,#1341,#3001,.T.);
#3001 = LINE('',#3002,#3003);
#3002 = CARTESIAN_POINT('',(-0.61,-2.14,1.E-02));
#3003 = VECTOR('',#3004,1.);
#3004 = DIRECTION('',(-0.,0.,-1.));
#3005 = ORIENTED_EDGE('',*,*,#1348,.T.);
#3006 = ORIENTED_EDGE('',*,*,#3007,.T.);
#3007 = EDGE_CURVE('',#1349,#3008,#3010,.T.);
#3008 = VERTEX_POINT('',#3009);
#3009 = CARTESIAN_POINT('',(0.61,-2.14,0.2));
#3010 = LINE('',#3011,#3012);
#3011 = CARTESIAN_POINT('',(0.61,-2.14,1.E-02));
#3012 = VECTOR('',#3013,1.);
#3013 = DIRECTION('',(0.,0.,1.));
#3014 = ORIENTED_EDGE('',*,*,#3015,.F.);
#3015 = EDGE_CURVE('',#3016,#3008,#3018,.T.);
#3016 = VERTEX_POINT('',#3017);
#3017 = CARTESIAN_POINT('',(0.89,-2.14,0.2));
#3018 = LINE('',#3019,#3020);
#3019 = CARTESIAN_POINT('',(-0.695,-2.14,0.2));
#3020 = VECTOR('',#3021,1.);
#3021 = DIRECTION('',(-1.,2.22044604925E-16,0.));
#3022 = ORIENTED_EDGE('',*,*,#3023,.T.);
#3023 = EDGE_CURVE('',#3016,#1374,#3024,.T.);
#3024 = LINE('',#3025,#3026);
#3025 = CARTESIAN_POINT('',(0.89,-2.14,1.E-02));
#3026 = VECTOR('',#3027,1.);
#3027 = DIRECTION('',(-0.,0.,-1.));
#3028 = ORIENTED_EDGE('',*,*,#1381,.T.);
#3029 = ORIENTED_EDGE('',*,*,#2259,.T.);
#3030 = PLANE('',#3031);
#3031 = AXIS2_PLACEMENT_3D('',#3032,#3033,#3034);
#3032 = CARTESIAN_POINT('',(-2.14,-2.14,2.E-02));
#3033 = DIRECTION('',(-2.22044604925E-16,-1.,0.));
#3034 = DIRECTION('',(0.,0.,1.));
#3035 = ADVANCED_FACE('',(#3036),#3070,.F.);
#3036 = FACE_BOUND('',#3037,.F.);
#3037 = EDGE_LOOP('',(#3038,#3048,#3056,#3062,#3063,#3064));
#3038 = ORIENTED_EDGE('',*,*,#3039,.F.);
#3039 = EDGE_CURVE('',#3040,#3042,#3044,.T.);
#3040 = VERTEX_POINT('',#3041);
#3041 = CARTESIAN_POINT('',(2.15,-0.36,0.));
#3042 = VERTEX_POINT('',#3043);
#3043 = CARTESIAN_POINT('',(1.89,-0.36,0.));
#3044 = LINE('',#3045,#3046);
#3045 = CARTESIAN_POINT('',(2.15,-0.36,0.));
#3046 = VECTOR('',#3047,1.);
#3047 = DIRECTION('',(-1.,3.445092848398E-16,0.));
#3048 = ORIENTED_EDGE('',*,*,#3049,.T.);
#3049 = EDGE_CURVE('',#3040,#3050,#3052,.T.);
#3050 = VERTEX_POINT('',#3051);
#3051 = CARTESIAN_POINT('',(2.15,-0.36,0.2));
#3052 = LINE('',#3053,#3054);
#3053 = CARTESIAN_POINT('',(2.15,-0.36,0.));
#3054 = VECTOR('',#3055,1.);
#3055 = DIRECTION('',(0.,0.,1.));
#3056 = ORIENTED_EDGE('',*,*,#3057,.T.);
#3057 = EDGE_CURVE('',#3050,#2298,#3058,.T.);
#3058 = LINE('',#3059,#3060);
#3059 = CARTESIAN_POINT('',(2.15,-0.36,0.2));
#3060 = VECTOR('',#3061,1.);
#3061 = DIRECTION('',(-1.,3.445092848398E-16,0.));
#3062 = ORIENTED_EDGE('',*,*,#2305,.T.);
#3063 = ORIENTED_EDGE('',*,*,#1447,.F.);
#3064 = ORIENTED_EDGE('',*,*,#3065,.F.);
#3065 = EDGE_CURVE('',#3042,#1439,#3066,.T.);
#3066 = LINE('',#3067,#3068);
#3067 = CARTESIAN_POINT('',(1.89,-0.36,0.));
#3068 = VECTOR('',#3069,1.);
#3069 = DIRECTION('',(0.,0.,1.));
#3070 = PLANE('',#3071);
#3071 = AXIS2_PLACEMENT_3D('',#3072,#3073,#3074);
#3072 = CARTESIAN_POINT('',(2.15,-0.36,0.));
#3073 = DIRECTION('',(-3.445092848398E-16,-1.,0.));
#3074 = DIRECTION('',(-1.,3.445092848398E-16,0.));
#3075 = ADVANCED_FACE('',(#3076),#3110,.F.);
#3076 = FACE_BOUND('',#3077,.F.);
#3077 = EDGE_LOOP('',(#3078,#3088,#3094,#3095,#3096,#3104));
#3078 = ORIENTED_EDGE('',*,*,#3079,.F.);
#3079 = EDGE_CURVE('',#3080,#3082,#3084,.T.);
#3080 = VERTEX_POINT('',#3081);
#3081 = CARTESIAN_POINT('',(-0.89,-1.89,0.));
#3082 = VERTEX_POINT('',#3083);
#3083 = CARTESIAN_POINT('',(-0.89,-2.15,0.));
#3084 = LINE('',#3085,#3086);
#3085 = CARTESIAN_POINT('',(-0.89,-1.89,0.));
#3086 = VECTOR('',#3087,1.);
#3087 = DIRECTION('',(-5.665538897648E-16,-1.,0.));
#3088 = ORIENTED_EDGE('',*,*,#3089,.T.);
#3089 = EDGE_CURVE('',#3080,#1324,#3090,.T.);
#3090 = LINE('',#3091,#3092);
#3091 = CARTESIAN_POINT('',(-0.89,-1.89,0.));
#3092 = VECTOR('',#3093,1.);
#3093 = DIRECTION('',(0.,0.,1.));
#3094 = ORIENTED_EDGE('',*,*,#1323,.F.);
#3095 = ORIENTED_EDGE('',*,*,#2984,.T.);
#3096 = ORIENTED_EDGE('',*,*,#3097,.T.);
#3097 = EDGE_CURVE('',#2985,#3098,#3100,.T.);
#3098 = VERTEX_POINT('',#3099);
#3099 = CARTESIAN_POINT('',(-0.89,-2.15,0.2));
#3100 = LINE('',#3101,#3102);
#3101 = CARTESIAN_POINT('',(-0.89,-1.89,0.2));
#3102 = VECTOR('',#3103,1.);
#3103 = DIRECTION('',(-5.665538897648E-16,-1.,0.));
#3104 = ORIENTED_EDGE('',*,*,#3105,.F.);
#3105 = EDGE_CURVE('',#3082,#3098,#3106,.T.);
#3106 = LINE('',#3107,#3108);
#3107 = CARTESIAN_POINT('',(-0.89,-2.15,0.));
#3108 = VECTOR('',#3109,1.);
#3109 = DIRECTION('',(0.,0.,1.));
#3110 = PLANE('',#3111);
#3111 = AXIS2_PLACEMENT_3D('',#3112,#3113,#3114);
#3112 = CARTESIAN_POINT('',(-0.89,-1.89,0.));
#3113 = DIRECTION('',(1.,-5.665538897648E-16,0.));
#3114 = DIRECTION('',(-5.665538897648E-16,-1.,0.));
#3115 = ADVANCED_FACE('',(#3116),#3135,.T.);
#3116 = FACE_BOUND('',#3117,.T.);
#3117 = EDGE_LOOP('',(#3118,#3126,#3127,#3128));
#3118 = ORIENTED_EDGE('',*,*,#3119,.T.);
#3119 = EDGE_CURVE('',#3120,#1431,#3122,.T.);
#3120 = VERTEX_POINT('',#3121);
#3121 = CARTESIAN_POINT('',(1.89,-0.64,0.));
#3122 = LINE('',#3123,#3124);
#3123 = CARTESIAN_POINT('',(1.89,-0.64,0.));
#3124 = VECTOR('',#3125,1.);
#3125 = DIRECTION('',(0.,0.,1.));
#3126 = ORIENTED_EDGE('',*,*,#1438,.T.);
#3127 = ORIENTED_EDGE('',*,*,#3065,.F.);
#3128 = ORIENTED_EDGE('',*,*,#3129,.T.);
#3129 = EDGE_CURVE('',#3042,#3120,#3130,.T.);
#3130 = CIRCLE('',#3131,0.14);
#3131 = AXIS2_PLACEMENT_3D('',#3132,#3133,#3134);
#3132 = CARTESIAN_POINT('',(1.89,-0.5,0.));
#3133 = DIRECTION('',(0.,-0.,1.));
#3134 = DIRECTION('',(3.445092848398E-16,1.,0.));
#3135 = CYLINDRICAL_SURFACE('',#3136,0.14);
#3136 = AXIS2_PLACEMENT_3D('',#3137,#3138,#3139);
#3137 = CARTESIAN_POINT('',(1.89,-0.5,0.));
#3138 = DIRECTION('',(0.,-0.,-1.));
#3139 = DIRECTION('',(3.445092848398E-16,1.,0.));
#3140 = ADVANCED_FACE('',(#3141),#3160,.T.);
#3141 = FACE_BOUND('',#3142,.T.);
#3142 = EDGE_LOOP('',(#3143,#3144,#3145,#3153));
#3143 = ORIENTED_EDGE('',*,*,#3089,.T.);
#3144 = ORIENTED_EDGE('',*,*,#1331,.T.);
#3145 = ORIENTED_EDGE('',*,*,#3146,.F.);
#3146 = EDGE_CURVE('',#3147,#1332,#3149,.T.);
#3147 = VERTEX_POINT('',#3148);
#3148 = CARTESIAN_POINT('',(-0.61,-1.89,0.));
#3149 = LINE('',#3150,#3151);
#3150 = CARTESIAN_POINT('',(-0.61,-1.89,0.));
#3151 = VECTOR('',#3152,1.);
#3152 = DIRECTION('',(0.,0.,1.));
#3153 = ORIENTED_EDGE('',*,*,#3154,.T.);
#3154 = EDGE_CURVE('',#3147,#3080,#3155,.T.);
#3155 = CIRCLE('',#3156,0.14);
#3156 = AXIS2_PLACEMENT_3D('',#3157,#3158,#3159);
#3157 = CARTESIAN_POINT('',(-0.75,-1.89,0.));
#3158 = DIRECTION('',(-0.,0.,1.));
#3159 = DIRECTION('',(1.,-5.665538897648E-16,0.));
#3160 = CYLINDRICAL_SURFACE('',#3161,0.14);
#3161 = AXIS2_PLACEMENT_3D('',#3162,#3163,#3164);
#3162 = CARTESIAN_POINT('',(-0.75,-1.89,0.));
#3163 = DIRECTION('',(-0.,0.,-1.));
#3164 = DIRECTION('',(1.,-5.665538897648E-16,-0.));
#3165 = ADVANCED_FACE('',(#3166),#3193,.F.);
#3166 = FACE_BOUND('',#3167,.F.);
#3167 = EDGE_LOOP('',(#3168,#3176,#3177,#3178,#3179,#3187));
#3168 = ORIENTED_EDGE('',*,*,#3169,.F.);
#3169 = EDGE_CURVE('',#3120,#3170,#3172,.T.);
#3170 = VERTEX_POINT('',#3171);
#3171 = CARTESIAN_POINT('',(2.15,-0.64,0.));
#3172 = LINE('',#3173,#3174);
#3173 = CARTESIAN_POINT('',(1.89,-0.64,0.));
#3174 = VECTOR('',#3175,1.);
#3175 = DIRECTION('',(1.,-3.445092848398E-16,0.));
#3176 = ORIENTED_EDGE('',*,*,#3119,.T.);
#3177 = ORIENTED_EDGE('',*,*,#1430,.F.);
#3178 = ORIENTED_EDGE('',*,*,#2289,.T.);
#3179 = ORIENTED_EDGE('',*,*,#3180,.T.);
#3180 = EDGE_CURVE('',#2290,#3181,#3183,.T.);
#3181 = VERTEX_POINT('',#3182);
#3182 = CARTESIAN_POINT('',(2.15,-0.64,0.2));
#3183 = LINE('',#3184,#3185);
#3184 = CARTESIAN_POINT('',(1.89,-0.64,0.2));
#3185 = VECTOR('',#3186,1.);
#3186 = DIRECTION('',(1.,-3.445092848398E-16,0.));
#3187 = ORIENTED_EDGE('',*,*,#3188,.F.);
#3188 = EDGE_CURVE('',#3170,#3181,#3189,.T.);
#3189 = LINE('',#3190,#3191);
#3190 = CARTESIAN_POINT('',(2.15,-0.64,0.));
#3191 = VECTOR('',#3192,1.);
#3192 = DIRECTION('',(0.,0.,1.));
#3193 = PLANE('',#3194);
#3194 = AXIS2_PLACEMENT_3D('',#3195,#3196,#3197);
#3195 = CARTESIAN_POINT('',(1.89,-0.64,0.));
#3196 = DIRECTION('',(3.445092848398E-16,1.,0.));
#3197 = DIRECTION('',(1.,-3.445092848398E-16,0.));
#3198 = ADVANCED_FACE('',(#3199),#3226,.F.);
#3199 = FACE_BOUND('',#3200,.F.);
#3200 = EDGE_LOOP('',(#3201,#3209,#3217,#3223,#3224,#3225));
#3201 = ORIENTED_EDGE('',*,*,#3202,.F.);
#3202 = EDGE_CURVE('',#3203,#3147,#3205,.T.);
#3203 = VERTEX_POINT('',#3204);
#3204 = CARTESIAN_POINT('',(-0.61,-2.15,0.));
#3205 = LINE('',#3206,#3207);
#3206 = CARTESIAN_POINT('',(-0.61,-2.15,0.));
#3207 = VECTOR('',#3208,1.);
#3208 = DIRECTION('',(5.665538897648E-16,1.,0.));
#3209 = ORIENTED_EDGE('',*,*,#3210,.T.);
#3210 = EDGE_CURVE('',#3203,#3211,#3213,.T.);
#3211 = VERTEX_POINT('',#3212);
#3212 = CARTESIAN_POINT('',(-0.61,-2.15,0.2));
#3213 = LINE('',#3214,#3215);
#3214 = CARTESIAN_POINT('',(-0.61,-2.15,0.));
#3215 = VECTOR('',#3216,1.);
#3216 = DIRECTION('',(0.,0.,1.));
#3217 = ORIENTED_EDGE('',*,*,#3218,.T.);
#3218 = EDGE_CURVE('',#3211,#2993,#3219,.T.);
#3219 = LINE('',#3220,#3221);
#3220 = CARTESIAN_POINT('',(-0.61,-2.15,0.2));
#3221 = VECTOR('',#3222,1.);
#3222 = DIRECTION('',(5.665538897648E-16,1.,0.));
#3223 = ORIENTED_EDGE('',*,*,#3000,.T.);
#3224 = ORIENTED_EDGE('',*,*,#1340,.F.);
#3225 = ORIENTED_EDGE('',*,*,#3146,.F.);
#3226 = PLANE('',#3227);
#3227 = AXIS2_PLACEMENT_3D('',#3228,#3229,#3230);
#3228 = CARTESIAN_POINT('',(-0.61,-2.15,0.));
#3229 = DIRECTION('',(-1.,5.665538897648E-16,0.));
#3230 = DIRECTION('',(5.665538897648E-16,1.,0.));
#3231 = ADVANCED_FACE('',(#3232),#3266,.F.);
#3232 = FACE_BOUND('',#3233,.F.);
#3233 = EDGE_LOOP('',(#3234,#3244,#3252,#3258,#3259,#3260));
#3234 = ORIENTED_EDGE('',*,*,#3235,.F.);
#3235 = EDGE_CURVE('',#3236,#3238,#3240,.T.);
#3236 = VERTEX_POINT('',#3237);
#3237 = CARTESIAN_POINT('',(2.15,-0.86,0.));
#3238 = VERTEX_POINT('',#3239);
#3239 = CARTESIAN_POINT('',(1.89,-0.86,0.));
#3240 = LINE('',#3241,#3242);
#3241 = CARTESIAN_POINT('',(2.15,-0.86,0.));
#3242 = VECTOR('',#3243,1.);
#3243 = DIRECTION('',(-1.,3.445092848398E-16,0.));
#3244 = ORIENTED_EDGE('',*,*,#3245,.T.);
#3245 = EDGE_CURVE('',#3236,#3246,#3248,.T.);
#3246 = VERTEX_POINT('',#3247);
#3247 = CARTESIAN_POINT('',(2.15,-0.86,0.2));
#3248 = LINE('',#3249,#3250);
#3249 = CARTESIAN_POINT('',(2.15,-0.86,0.));
#3250 = VECTOR('',#3251,1.);
#3251 = DIRECTION('',(0.,0.,1.));
#3252 = ORIENTED_EDGE('',*,*,#3253,.T.);
#3253 = EDGE_CURVE('',#3246,#2275,#3254,.T.);
#3254 = LINE('',#3255,#3256);
#3255 = CARTESIAN_POINT('',(2.15,-0.86,0.2));
#3256 = VECTOR('',#3257,1.);
#3257 = DIRECTION('',(-1.,3.445092848398E-16,0.));
#3258 = ORIENTED_EDGE('',*,*,#2282,.T.);
#3259 = ORIENTED_EDGE('',*,*,#1414,.F.);
#3260 = ORIENTED_EDGE('',*,*,#3261,.F.);
#3261 = EDGE_CURVE('',#3238,#1406,#3262,.T.);
#3262 = LINE('',#3263,#3264);
#3263 = CARTESIAN_POINT('',(1.89,-0.86,0.));
#3264 = VECTOR('',#3265,1.);
#3265 = DIRECTION('',(0.,0.,1.));
#3266 = PLANE('',#3267);
#3267 = AXIS2_PLACEMENT_3D('',#3268,#3269,#3270);
#3268 = CARTESIAN_POINT('',(2.15,-0.86,0.));
#3269 = DIRECTION('',(-3.445092848398E-16,-1.,0.));
#3270 = DIRECTION('',(-1.,3.445092848398E-16,0.));
#3271 = ADVANCED_FACE('',(#3272),#3306,.F.);
#3272 = FACE_BOUND('',#3273,.F.);
#3273 = EDGE_LOOP('',(#3274,#3284,#3290,#3291,#3292,#3300));
#3274 = ORIENTED_EDGE('',*,*,#3275,.F.);
#3275 = EDGE_CURVE('',#3276,#3278,#3280,.T.);
#3276 = VERTEX_POINT('',#3277);
#3277 = CARTESIAN_POINT('',(0.61,-1.89,0.));
#3278 = VERTEX_POINT('',#3279);
#3279 = CARTESIAN_POINT('',(0.61,-2.15,0.));
#3280 = LINE('',#3281,#3282);
#3281 = CARTESIAN_POINT('',(0.61,-1.89,0.));
#3282 = VECTOR('',#3283,1.);
#3283 = DIRECTION('',(-5.665538897648E-16,-1.,0.));
#3284 = ORIENTED_EDGE('',*,*,#3285,.T.);
#3285 = EDGE_CURVE('',#3276,#1357,#3286,.T.);
#3286 = LINE('',#3287,#3288);
#3287 = CARTESIAN_POINT('',(0.61,-1.89,0.));
#3288 = VECTOR('',#3289,1.);
#3289 = DIRECTION('',(0.,0.,1.));
#3290 = ORIENTED_EDGE('',*,*,#1356,.F.);
#3291 = ORIENTED_EDGE('',*,*,#3007,.T.);
#3292 = ORIENTED_EDGE('',*,*,#3293,.T.);
#3293 = EDGE_CURVE('',#3008,#3294,#3296,.T.);
#3294 = VERTEX_POINT('',#3295);
#3295 = CARTESIAN_POINT('',(0.61,-2.15,0.2));
#3296 = LINE('',#3297,#3298);
#3297 = CARTESIAN_POINT('',(0.61,-1.89,0.2));
#3298 = VECTOR('',#3299,1.);
#3299 = DIRECTION('',(-5.665538897648E-16,-1.,0.));
#3300 = ORIENTED_EDGE('',*,*,#3301,.F.);
#3301 = EDGE_CURVE('',#3278,#3294,#3302,.T.);
#3302 = LINE('',#3303,#3304);
#3303 = CARTESIAN_POINT('',(0.61,-2.15,0.));
#3304 = VECTOR('',#3305,1.);
#3305 = DIRECTION('',(0.,0.,1.));
#3306 = PLANE('',#3307);
#3307 = AXIS2_PLACEMENT_3D('',#3308,#3309,#3310);
#3308 = CARTESIAN_POINT('',(0.61,-1.89,0.));
#3309 = DIRECTION('',(1.,-5.665538897648E-16,0.));
#3310 = DIRECTION('',(-5.665538897648E-16,-1.,0.));
#3311 = ADVANCED_FACE('',(#3312),#3331,.T.);
#3312 = FACE_BOUND('',#3313,.T.);
#3313 = EDGE_LOOP('',(#3314,#3322,#3323,#3324));
#3314 = ORIENTED_EDGE('',*,*,#3315,.T.);
#3315 = EDGE_CURVE('',#3316,#1398,#3318,.T.);
#3316 = VERTEX_POINT('',#3317);
#3317 = CARTESIAN_POINT('',(1.89,-1.14,0.));
#3318 = LINE('',#3319,#3320);
#3319 = CARTESIAN_POINT('',(1.89,-1.14,0.));
#3320 = VECTOR('',#3321,1.);
#3321 = DIRECTION('',(0.,0.,1.));
#3322 = ORIENTED_EDGE('',*,*,#1405,.T.);
#3323 = ORIENTED_EDGE('',*,*,#3261,.F.);
#3324 = ORIENTED_EDGE('',*,*,#3325,.T.);
#3325 = EDGE_CURVE('',#3238,#3316,#3326,.T.);
#3326 = CIRCLE('',#3327,0.14);
#3327 = AXIS2_PLACEMENT_3D('',#3328,#3329,#3330);
#3328 = CARTESIAN_POINT('',(1.89,-1.,0.));
#3329 = DIRECTION('',(0.,-0.,1.));
#3330 = DIRECTION('',(3.445092848398E-16,1.,0.));
#3331 = CYLINDRICAL_SURFACE('',#3332,0.14);
#3332 = AXIS2_PLACEMENT_3D('',#3333,#3334,#3335);
#3333 = CARTESIAN_POINT('',(1.89,-1.,0.));
#3334 = DIRECTION('',(0.,-0.,-1.));
#3335 = DIRECTION('',(3.445092848398E-16,1.,0.));
#3336 = ADVANCED_FACE('',(#3337),#3356,.T.);
#3337 = FACE_BOUND('',#3338,.T.);
#3338 = EDGE_LOOP('',(#3339,#3340,#3341,#3349));
#3339 = ORIENTED_EDGE('',*,*,#3285,.T.);
#3340 = ORIENTED_EDGE('',*,*,#1364,.T.);
#3341 = ORIENTED_EDGE('',*,*,#3342,.F.);
#3342 = EDGE_CURVE('',#3343,#1365,#3345,.T.);
#3343 = VERTEX_POINT('',#3344);
#3344 = CARTESIAN_POINT('',(0.89,-1.89,0.));
#3345 = LINE('',#3346,#3347);
#3346 = CARTESIAN_POINT('',(0.89,-1.89,0.));
#3347 = VECTOR('',#3348,1.);
#3348 = DIRECTION('',(0.,0.,1.));
#3349 = ORIENTED_EDGE('',*,*,#3350,.T.);
#3350 = EDGE_CURVE('',#3343,#3276,#3351,.T.);
#3351 = CIRCLE('',#3352,0.14);
#3352 = AXIS2_PLACEMENT_3D('',#3353,#3354,#3355);
#3353 = CARTESIAN_POINT('',(0.75,-1.89,0.));
#3354 = DIRECTION('',(-0.,0.,1.));
#3355 = DIRECTION('',(1.,-5.665538897648E-16,0.));
#3356 = CYLINDRICAL_SURFACE('',#3357,0.14);
#3357 = AXIS2_PLACEMENT_3D('',#3358,#3359,#3360);
#3358 = CARTESIAN_POINT('',(0.75,-1.89,0.));
#3359 = DIRECTION('',(-0.,0.,-1.));
#3360 = DIRECTION('',(1.,-5.665538897648E-16,-0.));
#3361 = ADVANCED_FACE('',(#3362),#3389,.F.);
#3362 = FACE_BOUND('',#3363,.F.);
#3363 = EDGE_LOOP('',(#3364,#3372,#3373,#3374,#3375,#3383));
#3364 = ORIENTED_EDGE('',*,*,#3365,.F.);
#3365 = EDGE_CURVE('',#3316,#3366,#3368,.T.);
#3366 = VERTEX_POINT('',#3367);
#3367 = CARTESIAN_POINT('',(2.15,-1.14,0.));
#3368 = LINE('',#3369,#3370);
#3369 = CARTESIAN_POINT('',(1.89,-1.14,0.));
#3370 = VECTOR('',#3371,1.);
#3371 = DIRECTION('',(1.,-3.445092848398E-16,0.));
#3372 = ORIENTED_EDGE('',*,*,#3315,.T.);
#3373 = ORIENTED_EDGE('',*,*,#1397,.F.);
#3374 = ORIENTED_EDGE('',*,*,#2266,.T.);
#3375 = ORIENTED_EDGE('',*,*,#3376,.T.);
#3376 = EDGE_CURVE('',#2267,#3377,#3379,.T.);
#3377 = VERTEX_POINT('',#3378);
#3378 = CARTESIAN_POINT('',(2.15,-1.14,0.2));
#3379 = LINE('',#3380,#3381);
#3380 = CARTESIAN_POINT('',(1.89,-1.14,0.2));
#3381 = VECTOR('',#3382,1.);
#3382 = DIRECTION('',(1.,-3.445092848398E-16,0.));
#3383 = ORIENTED_EDGE('',*,*,#3384,.F.);
#3384 = EDGE_CURVE('',#3366,#3377,#3385,.T.);
#3385 = LINE('',#3386,#3387);
#3386 = CARTESIAN_POINT('',(2.15,-1.14,0.));
#3387 = VECTOR('',#3388,1.);
#3388 = DIRECTION('',(0.,0.,1.));
#3389 = PLANE('',#3390);
#3390 = AXIS2_PLACEMENT_3D('',#3391,#3392,#3393);
#3391 = CARTESIAN_POINT('',(1.89,-1.14,0.));
#3392 = DIRECTION('',(3.445092848398E-16,1.,0.));
#3393 = DIRECTION('',(1.,-3.445092848398E-16,0.));
#3394 = ADVANCED_FACE('',(#3395),#3422,.F.);
#3395 = FACE_BOUND('',#3396,.F.);
#3396 = EDGE_LOOP('',(#3397,#3405,#3413,#3419,#3420,#3421));
#3397 = ORIENTED_EDGE('',*,*,#3398,.F.);
#3398 = EDGE_CURVE('',#3399,#3343,#3401,.T.);
#3399 = VERTEX_POINT('',#3400);
#3400 = CARTESIAN_POINT('',(0.89,-2.15,0.));
#3401 = LINE('',#3402,#3403);
#3402 = CARTESIAN_POINT('',(0.89,-2.15,0.));
#3403 = VECTOR('',#3404,1.);
#3404 = DIRECTION('',(5.665538897648E-16,1.,0.));
#3405 = ORIENTED_EDGE('',*,*,#3406,.T.);
#3406 = EDGE_CURVE('',#3399,#3407,#3409,.T.);
#3407 = VERTEX_POINT('',#3408);
#3408 = CARTESIAN_POINT('',(0.89,-2.15,0.2));
#3409 = LINE('',#3410,#3411);
#3410 = CARTESIAN_POINT('',(0.89,-2.15,0.));
#3411 = VECTOR('',#3412,1.);
#3412 = DIRECTION('',(0.,0.,1.));
#3413 = ORIENTED_EDGE('',*,*,#3414,.T.);
#3414 = EDGE_CURVE('',#3407,#3016,#3415,.T.);
#3415 = LINE('',#3416,#3417);
#3416 = CARTESIAN_POINT('',(0.89,-2.15,0.2));
#3417 = VECTOR('',#3418,1.);
#3418 = DIRECTION('',(5.665538897648E-16,1.,0.));
#3419 = ORIENTED_EDGE('',*,*,#3023,.T.);
#3420 = ORIENTED_EDGE('',*,*,#1373,.F.);
#3421 = ORIENTED_EDGE('',*,*,#3342,.F.);
#3422 = PLANE('',#3423);
#3423 = AXIS2_PLACEMENT_3D('',#3424,#3425,#3426);
#3424 = CARTESIAN_POINT('',(0.89,-2.15,0.));
#3425 = DIRECTION('',(-1.,5.665538897648E-16,0.));
#3426 = DIRECTION('',(5.665538897648E-16,1.,0.));
#3427 = ADVANCED_FACE('',(#3428,#3434),#3445,.T.);
#3428 = FACE_BOUND('',#3429,.T.);
#3429 = EDGE_LOOP('',(#3430,#3431,#3432,#3433));
#3430 = ORIENTED_EDGE('',*,*,#1641,.F.);
#3431 = ORIENTED_EDGE('',*,*,#1720,.T.);
#3432 = ORIENTED_EDGE('',*,*,#2976,.T.);
#3433 = ORIENTED_EDGE('',*,*,#2251,.F.);
#3434 = FACE_BOUND('',#3435,.T.);
#3435 = EDGE_LOOP('',(#3436));
#3436 = ORIENTED_EDGE('',*,*,#3437,.T.);
#3437 = EDGE_CURVE('',#3438,#3438,#3440,.T.);
#3438 = VERTEX_POINT('',#3439);
#3439 = CARTESIAN_POINT('',(-1.55,1.3,0.92));
#3440 = CIRCLE('',#3441,0.25);
#3441 = AXIS2_PLACEMENT_3D('',#3442,#3443,#3444);
#3442 = CARTESIAN_POINT('',(-1.55,1.55,0.92));
#3443 = DIRECTION('',(-0.,0.,-1.));
#3444 = DIRECTION('',(-2.22044604925E-16,-1.,0.));
#3445 = PLANE('',#3446);
#3446 = AXIS2_PLACEMENT_3D('',#3447,#3448,#3449);
#3447 = CARTESIAN_POINT('',(-2.14,2.14,0.92));
#3448 = DIRECTION('',(0.,0.,1.));
#3449 = DIRECTION('',(-2.22044604925E-16,-1.,0.));
#3450 = ADVANCED_FACE('',(#3451),#3462,.T.);
#3451 = FACE_BOUND('',#3452,.T.);
#3452 = EDGE_LOOP('',(#3453,#3459,#3460,#3461));
#3453 = ORIENTED_EDGE('',*,*,#3454,.T.);
#3454 = EDGE_CURVE('',#2195,#2064,#3455,.T.);
#3455 = LINE('',#3456,#3457);
#3456 = CARTESIAN_POINT('',(0.89,2.15,0.2));
#3457 = VECTOR('',#3458,1.);
#3458 = DIRECTION('',(-1.,4.555315873023E-16,0.));
#3459 = ORIENTED_EDGE('',*,*,#2071,.T.);
#3460 = ORIENTED_EDGE('',*,*,#1689,.F.);
#3461 = ORIENTED_EDGE('',*,*,#2194,.T.);
#3462 = PLANE('',#3463);
#3463 = AXIS2_PLACEMENT_3D('',#3464,#3465,#3466);
#3464 = CARTESIAN_POINT('',(0.75,1.97725557719,0.2));
#3465 = DIRECTION('',(0.,0.,1.));
#3466 = DIRECTION('',(-1.,4.555315873023E-16,0.));
#3467 = ADVANCED_FACE('',(#3468),#3479,.T.);
#3468 = FACE_BOUND('',#3469,.T.);
#3469 = EDGE_LOOP('',(#3470,#3476,#3477,#3478));
#3470 = ORIENTED_EDGE('',*,*,#3471,.T.);
#3471 = EDGE_CURVE('',#1999,#1868,#3472,.T.);
#3472 = LINE('',#3473,#3474);
#3473 = CARTESIAN_POINT('',(-0.61,2.15,0.2));
#3474 = VECTOR('',#3475,1.);
#3475 = DIRECTION('',(-1.,4.555315873023E-16,0.));
#3476 = ORIENTED_EDGE('',*,*,#1875,.T.);
#3477 = ORIENTED_EDGE('',*,*,#1666,.F.);
#3478 = ORIENTED_EDGE('',*,*,#1998,.T.);
#3479 = PLANE('',#3480);
#3480 = AXIS2_PLACEMENT_3D('',#3481,#3482,#3483);
#3481 = CARTESIAN_POINT('',(-0.75,1.97725557719,0.2));
#3482 = DIRECTION('',(0.,0.,1.));
#3483 = DIRECTION('',(-1.,4.555315873023E-16,0.));
#3484 = ADVANCED_FACE('',(#3485),#3496,.T.);
#3485 = FACE_BOUND('',#3486,.T.);
#3486 = EDGE_LOOP('',(#3487,#3493,#3494,#3495));
#3487 = ORIENTED_EDGE('',*,*,#3488,.T.);
#3488 = EDGE_CURVE('',#1916,#2029,#3489,.T.);
#3489 = LINE('',#3490,#3491);
#3490 = CARTESIAN_POINT('',(-2.15,1.14,0.2));
#3491 = VECTOR('',#3492,1.);
#3492 = DIRECTION('',(-4.669739647545E-16,-1.,0.));
#3493 = ORIENTED_EDGE('',*,*,#2036,.T.);
#3494 = ORIENTED_EDGE('',*,*,#1835,.F.);
#3495 = ORIENTED_EDGE('',*,*,#1915,.T.);
#3496 = PLANE('',#3497);
#3497 = AXIS2_PLACEMENT_3D('',#3498,#3499,#3500);
#3498 = CARTESIAN_POINT('',(-1.97725557719,1.,0.2));
#3499 = DIRECTION('',(0.,0.,1.));
#3500 = DIRECTION('',(-4.669739647545E-16,-1.,0.));
#3501 = ADVANCED_FACE('',(#3502),#3513,.T.);
#3502 = FACE_BOUND('',#3503,.T.);
#3503 = EDGE_LOOP('',(#3504,#3510,#3511,#3512));
#3504 = ORIENTED_EDGE('',*,*,#3505,.T.);
#3505 = EDGE_CURVE('',#2799,#2919,#3506,.T.);
#3506 = LINE('',#3507,#3508);
#3507 = CARTESIAN_POINT('',(-2.15,-0.86,0.2));
#3508 = VECTOR('',#3509,1.);
#3509 = DIRECTION('',(-4.669739647545E-16,-1.,0.));
#3510 = ORIENTED_EDGE('',*,*,#2926,.T.);
#3511 = ORIENTED_EDGE('',*,*,#1743,.F.);
#3512 = ORIENTED_EDGE('',*,*,#2798,.T.);
#3513 = PLANE('',#3514);
#3514 = AXIS2_PLACEMENT_3D('',#3515,#3516,#3517);
#3515 = CARTESIAN_POINT('',(-1.97725557719,-1.,0.2));
#3516 = DIRECTION('',(0.,0.,1.));
#3517 = DIRECTION('',(-4.669739647545E-16,-1.,0.));
#3518 = ADVANCED_FACE('',(#3519),#3530,.T.);
#3519 = FACE_BOUND('',#3520,.T.);
#3520 = EDGE_LOOP('',(#3521,#3527,#3528,#3529));
#3521 = ORIENTED_EDGE('',*,*,#3522,.T.);
#3522 = EDGE_CURVE('',#2112,#2225,#3523,.T.);
#3523 = LINE('',#3524,#3525);
#3524 = CARTESIAN_POINT('',(-2.15,0.64,0.2));
#3525 = VECTOR('',#3526,1.);
#3526 = DIRECTION('',(-4.669739647545E-16,-1.,0.));
#3527 = ORIENTED_EDGE('',*,*,#2232,.T.);
#3528 = ORIENTED_EDGE('',*,*,#1812,.F.);
#3529 = ORIENTED_EDGE('',*,*,#2111,.T.);
#3530 = PLANE('',#3531);
#3531 = AXIS2_PLACEMENT_3D('',#3532,#3533,#3534);
#3532 = CARTESIAN_POINT('',(-1.97725557719,0.5,0.2));
#3533 = DIRECTION('',(0.,0.,1.));
#3534 = DIRECTION('',(-4.669739647545E-16,-1.,0.));
#3535 = ADVANCED_FACE('',(#3536),#3547,.T.);
#3536 = FACE_BOUND('',#3537,.T.);
#3537 = EDGE_LOOP('',(#3538,#3544,#3545,#3546));
#3538 = ORIENTED_EDGE('',*,*,#3539,.T.);
#3539 = EDGE_CURVE('',#2603,#2723,#3540,.T.);
#3540 = LINE('',#3541,#3542);
#3541 = CARTESIAN_POINT('',(-2.15,-0.36,0.2));
#3542 = VECTOR('',#3543,1.);
#3543 = DIRECTION('',(-4.669739647545E-16,-1.,0.));
#3544 = ORIENTED_EDGE('',*,*,#2730,.T.);
#3545 = ORIENTED_EDGE('',*,*,#1766,.F.);
#3546 = ORIENTED_EDGE('',*,*,#2602,.T.);
#3547 = PLANE('',#3548);
#3548 = AXIS2_PLACEMENT_3D('',#3549,#3550,#3551);
#3549 = CARTESIAN_POINT('',(-1.97725557719,-0.5,0.2));
#3550 = DIRECTION('',(0.,0.,1.));
#3551 = DIRECTION('',(-4.669739647545E-16,-1.,0.));
#3552 = ADVANCED_FACE('',(#3553),#3564,.T.);
#3553 = FACE_BOUND('',#3554,.T.);
#3554 = EDGE_LOOP('',(#3555,#3561,#3562,#3563));
#3555 = ORIENTED_EDGE('',*,*,#3556,.T.);
#3556 = EDGE_CURVE('',#2407,#2527,#3557,.T.);
#3557 = LINE('',#3558,#3559);
#3558 = CARTESIAN_POINT('',(-2.15,0.14,0.2));
#3559 = VECTOR('',#3560,1.);
#3560 = DIRECTION('',(-4.669739647545E-16,-1.,0.));
#3561 = ORIENTED_EDGE('',*,*,#2534,.T.);
#3562 = ORIENTED_EDGE('',*,*,#1789,.F.);
#3563 = ORIENTED_EDGE('',*,*,#2406,.T.);
#3564 = PLANE('',#3565);
#3565 = AXIS2_PLACEMENT_3D('',#3566,#3567,#3568);
#3566 = CARTESIAN_POINT('',(-1.97725557719,6.383782391595E-16,0.2));
#3567 = DIRECTION('',(0.,0.,1.));
#3568 = DIRECTION('',(-4.669739647545E-16,-1.,0.));
#3569 = ADVANCED_FACE('',(#3570),#3581,.F.);
#3570 = FACE_BOUND('',#3571,.F.);
#3571 = EDGE_LOOP('',(#3572,#3573,#3574,#3575));
#3572 = ORIENTED_EDGE('',*,*,#1857,.T.);
#3573 = ORIENTED_EDGE('',*,*,#1947,.T.);
#3574 = ORIENTED_EDGE('',*,*,#1987,.T.);
#3575 = ORIENTED_EDGE('',*,*,#3576,.T.);
#3576 = EDGE_CURVE('',#1988,#1858,#3577,.T.);
#3577 = LINE('',#3578,#3579);
#3578 = CARTESIAN_POINT('',(-0.61,2.15,0.));
#3579 = VECTOR('',#3580,1.);
#3580 = DIRECTION('',(-1.,4.555315873023E-16,0.));
#3581 = PLANE('',#3582);
#3582 = AXIS2_PLACEMENT_3D('',#3583,#3584,#3585);
#3583 = CARTESIAN_POINT('',(-0.75,1.97725557719,0.));
#3584 = DIRECTION('',(0.,0.,1.));
#3585 = DIRECTION('',(-1.,4.555315873023E-16,0.));
#3586 = ADVANCED_FACE('',(#3587),#3593,.F.);
#3587 = FACE_BOUND('',#3588,.F.);
#3588 = EDGE_LOOP('',(#3589,#3590,#3591,#3592));
#3589 = ORIENTED_EDGE('',*,*,#2006,.T.);
#3590 = ORIENTED_EDGE('',*,*,#3471,.T.);
#3591 = ORIENTED_EDGE('',*,*,#1867,.F.);
#3592 = ORIENTED_EDGE('',*,*,#3576,.F.);
#3593 = PLANE('',#3594);
#3594 = AXIS2_PLACEMENT_3D('',#3595,#3596,#3597);
#3595 = CARTESIAN_POINT('',(-0.61,2.15,0.));
#3596 = DIRECTION('',(-4.555315873023E-16,-1.,0.));
#3597 = DIRECTION('',(-1.,4.555315873023E-16,0.));
#3598 = ADVANCED_FACE('',(#3599),#3610,.F.);
#3599 = FACE_BOUND('',#3600,.F.);
#3600 = EDGE_LOOP('',(#3601,#3602,#3603,#3604));
#3601 = ORIENTED_EDGE('',*,*,#2020,.T.);
#3602 = ORIENTED_EDGE('',*,*,#1972,.T.);
#3603 = ORIENTED_EDGE('',*,*,#1897,.T.);
#3604 = ORIENTED_EDGE('',*,*,#3605,.T.);
#3605 = EDGE_CURVE('',#1900,#2021,#3606,.T.);
#3606 = LINE('',#3607,#3608);
#3607 = CARTESIAN_POINT('',(-2.15,1.14,0.));
#3608 = VECTOR('',#3609,1.);
#3609 = DIRECTION('',(-4.669739647545E-16,-1.,0.));
#3610 = PLANE('',#3611);
#3611 = AXIS2_PLACEMENT_3D('',#3612,#3613,#3614);
#3612 = CARTESIAN_POINT('',(-1.97725557719,1.,0.));
#3613 = DIRECTION('',(0.,0.,1.));
#3614 = DIRECTION('',(-4.669739647545E-16,-1.,0.));
#3615 = ADVANCED_FACE('',(#3616),#3622,.F.);
#3616 = FACE_BOUND('',#3617,.F.);
#3617 = EDGE_LOOP('',(#3618,#3619,#3620,#3621));
#3618 = ORIENTED_EDGE('',*,*,#1923,.T.);
#3619 = ORIENTED_EDGE('',*,*,#3488,.T.);
#3620 = ORIENTED_EDGE('',*,*,#2028,.F.);
#3621 = ORIENTED_EDGE('',*,*,#3605,.F.);
#3622 = PLANE('',#3623);
#3623 = AXIS2_PLACEMENT_3D('',#3624,#3625,#3626);
#3624 = CARTESIAN_POINT('',(-2.15,1.14,0.));
#3625 = DIRECTION('',(1.,-4.669739647545E-16,0.));
#3626 = DIRECTION('',(-4.669739647545E-16,-1.,0.));
#3627 = ADVANCED_FACE('',(#3628),#3639,.F.);
#3628 = FACE_BOUND('',#3629,.F.);
#3629 = EDGE_LOOP('',(#3630,#3631,#3632,#3633));
#3630 = ORIENTED_EDGE('',*,*,#2053,.T.);
#3631 = ORIENTED_EDGE('',*,*,#2143,.T.);
#3632 = ORIENTED_EDGE('',*,*,#2183,.T.);
#3633 = ORIENTED_EDGE('',*,*,#3634,.T.);
#3634 = EDGE_CURVE('',#2184,#2054,#3635,.T.);
#3635 = LINE('',#3636,#3637);
#3636 = CARTESIAN_POINT('',(0.89,2.15,0.));
#3637 = VECTOR('',#3638,1.);
#3638 = DIRECTION('',(-1.,4.555315873023E-16,0.));
#3639 = PLANE('',#3640);
#3640 = AXIS2_PLACEMENT_3D('',#3641,#3642,#3643);
#3641 = CARTESIAN_POINT('',(0.75,1.97725557719,0.));
#3642 = DIRECTION('',(0.,0.,1.));
#3643 = DIRECTION('',(-1.,4.555315873023E-16,0.));
#3644 = ADVANCED_FACE('',(#3645),#3651,.F.);
#3645 = FACE_BOUND('',#3646,.F.);
#3646 = EDGE_LOOP('',(#3647,#3648,#3649,#3650));
#3647 = ORIENTED_EDGE('',*,*,#2202,.T.);
#3648 = ORIENTED_EDGE('',*,*,#3454,.T.);
#3649 = ORIENTED_EDGE('',*,*,#2063,.F.);
#3650 = ORIENTED_EDGE('',*,*,#3634,.F.);
#3651 = PLANE('',#3652);
#3652 = AXIS2_PLACEMENT_3D('',#3653,#3654,#3655);
#3653 = CARTESIAN_POINT('',(0.89,2.15,0.));
#3654 = DIRECTION('',(-4.555315873023E-16,-1.,0.));
#3655 = DIRECTION('',(-1.,4.555315873023E-16,0.));
#3656 = ADVANCED_FACE('',(#3657),#3668,.F.);
#3657 = FACE_BOUND('',#3658,.F.);
#3658 = EDGE_LOOP('',(#3659,#3660,#3661,#3662));
#3659 = ORIENTED_EDGE('',*,*,#2216,.T.);
#3660 = ORIENTED_EDGE('',*,*,#2168,.T.);
#3661 = ORIENTED_EDGE('',*,*,#2093,.T.);
#3662 = ORIENTED_EDGE('',*,*,#3663,.T.);
#3663 = EDGE_CURVE('',#2096,#2217,#3664,.T.);
#3664 = LINE('',#3665,#3666);
#3665 = CARTESIAN_POINT('',(-2.15,0.64,0.));
#3666 = VECTOR('',#3667,1.);
#3667 = DIRECTION('',(-4.669739647545E-16,-1.,0.));
#3668 = PLANE('',#3669);
#3669 = AXIS2_PLACEMENT_3D('',#3670,#3671,#3672);
#3670 = CARTESIAN_POINT('',(-1.97725557719,0.5,0.));
#3671 = DIRECTION('',(0.,0.,1.));
#3672 = DIRECTION('',(-4.669739647545E-16,-1.,0.));
#3673 = ADVANCED_FACE('',(#3674),#3680,.F.);
#3674 = FACE_BOUND('',#3675,.F.);
#3675 = EDGE_LOOP('',(#3676,#3677,#3678,#3679));
#3676 = ORIENTED_EDGE('',*,*,#2119,.T.);
#3677 = ORIENTED_EDGE('',*,*,#3522,.T.);
#3678 = ORIENTED_EDGE('',*,*,#2224,.F.);
#3679 = ORIENTED_EDGE('',*,*,#3663,.F.);
#3680 = PLANE('',#3681);
#3681 = AXIS2_PLACEMENT_3D('',#3682,#3683,#3684);
#3682 = CARTESIAN_POINT('',(-2.15,0.64,0.));
#3683 = DIRECTION('',(1.,-4.669739647545E-16,0.));
#3684 = DIRECTION('',(-4.669739647545E-16,-1.,0.));
#3685 = ADVANCED_FACE('',(#3686),#3697,.T.);
#3686 = FACE_BOUND('',#3687,.T.);
#3687 = EDGE_LOOP('',(#3688,#3694,#3695,#3696));
#3688 = ORIENTED_EDGE('',*,*,#3689,.T.);
#3689 = EDGE_CURVE('',#2563,#2439,#3690,.T.);
#3690 = LINE('',#3691,#3692);
#3691 = CARTESIAN_POINT('',(2.15,0.86,0.2));
#3692 = VECTOR('',#3693,1.);
#3693 = DIRECTION('',(3.445092848398E-16,1.,0.));
#3694 = ORIENTED_EDGE('',*,*,#2446,.T.);
#3695 = ORIENTED_EDGE('',*,*,#2366,.T.);
#3696 = ORIENTED_EDGE('',*,*,#2562,.T.);
#3697 = PLANE('',#3698);
#3698 = AXIS2_PLACEMENT_3D('',#3699,#3700,#3701);
#3699 = CARTESIAN_POINT('',(1.97725557719,1.,0.2));
#3700 = DIRECTION('',(0.,0.,1.));
#3701 = DIRECTION('',(3.445092848398E-16,1.,-0.));
#3702 = ADVANCED_FACE('',(#3703),#3714,.T.);
#3703 = FACE_BOUND('',#3704,.T.);
#3704 = EDGE_LOOP('',(#3705,#3711,#3712,#3713));
#3705 = ORIENTED_EDGE('',*,*,#3706,.T.);
#3706 = EDGE_CURVE('',#3377,#3246,#3707,.T.);
#3707 = LINE('',#3708,#3709);
#3708 = CARTESIAN_POINT('',(2.15,-1.14,0.2));
#3709 = VECTOR('',#3710,1.);
#3710 = DIRECTION('',(3.445092848398E-16,1.,0.));
#3711 = ORIENTED_EDGE('',*,*,#3253,.T.);
#3712 = ORIENTED_EDGE('',*,*,#2274,.T.);
#3713 = ORIENTED_EDGE('',*,*,#3376,.T.);
#3714 = PLANE('',#3715);
#3715 = AXIS2_PLACEMENT_3D('',#3716,#3717,#3718);
#3716 = CARTESIAN_POINT('',(1.97725557719,-1.,0.2));
#3717 = DIRECTION('',(0.,0.,1.));
#3718 = DIRECTION('',(3.445092848398E-16,1.,-0.));
#3719 = ADVANCED_FACE('',(#3720),#3731,.T.);
#3720 = FACE_BOUND('',#3721,.T.);
#3721 = EDGE_LOOP('',(#3722,#3728,#3729,#3730));
#3722 = ORIENTED_EDGE('',*,*,#3723,.T.);
#3723 = EDGE_CURVE('',#2759,#2635,#3724,.T.);
#3724 = LINE('',#3725,#3726);
#3725 = CARTESIAN_POINT('',(2.15,0.36,0.2));
#3726 = VECTOR('',#3727,1.);
#3727 = DIRECTION('',(3.445092848398E-16,1.,0.));
#3728 = ORIENTED_EDGE('',*,*,#2642,.T.);
#3729 = ORIENTED_EDGE('',*,*,#2343,.T.);
#3730 = ORIENTED_EDGE('',*,*,#2758,.T.);
#3731 = PLANE('',#3732);
#3732 = AXIS2_PLACEMENT_3D('',#3733,#3734,#3735);
#3733 = CARTESIAN_POINT('',(1.97725557719,0.5,0.2));
#3734 = DIRECTION('',(0.,0.,1.));
#3735 = DIRECTION('',(3.445092848398E-16,1.,-0.));
#3736 = ADVANCED_FACE('',(#3737),#3748,.T.);
#3737 = FACE_BOUND('',#3738,.T.);
#3738 = EDGE_LOOP('',(#3739,#3745,#3746,#3747));
#3739 = ORIENTED_EDGE('',*,*,#3740,.T.);
#3740 = EDGE_CURVE('',#3181,#3050,#3741,.T.);
#3741 = LINE('',#3742,#3743);
#3742 = CARTESIAN_POINT('',(2.15,-0.64,0.2));
#3743 = VECTOR('',#3744,1.);
#3744 = DIRECTION('',(3.445092848398E-16,1.,0.));
#3745 = ORIENTED_EDGE('',*,*,#3057,.T.);
#3746 = ORIENTED_EDGE('',*,*,#2297,.T.);
#3747 = ORIENTED_EDGE('',*,*,#3180,.T.);
#3748 = PLANE('',#3749);
#3749 = AXIS2_PLACEMENT_3D('',#3750,#3751,#3752);
#3750 = CARTESIAN_POINT('',(1.97725557719,-0.5,0.2));
#3751 = DIRECTION('',(0.,0.,1.));
#3752 = DIRECTION('',(3.445092848398E-16,1.,-0.));
#3753 = ADVANCED_FACE('',(#3754),#3765,.T.);
#3754 = FACE_BOUND('',#3755,.T.);
#3755 = EDGE_LOOP('',(#3756,#3762,#3763,#3764));
#3756 = ORIENTED_EDGE('',*,*,#3757,.T.);
#3757 = EDGE_CURVE('',#2955,#2831,#3758,.T.);
#3758 = LINE('',#3759,#3760);
#3759 = CARTESIAN_POINT('',(2.15,-0.14,0.2));
#3760 = VECTOR('',#3761,1.);
#3761 = DIRECTION('',(3.445092848398E-16,1.,0.));
#3762 = ORIENTED_EDGE('',*,*,#2838,.T.);
#3763 = ORIENTED_EDGE('',*,*,#2320,.T.);
#3764 = ORIENTED_EDGE('',*,*,#2954,.T.);
#3765 = PLANE('',#3766);
#3766 = AXIS2_PLACEMENT_3D('',#3767,#3768,#3769);
#3767 = CARTESIAN_POINT('',(1.97725557719,-3.608224830032E-16,0.2));
#3768 = DIRECTION('',(0.,0.,1.));
#3769 = DIRECTION('',(3.445092848398E-16,1.,-0.));
#3770 = ADVANCED_FACE('',(#3771),#3782,.F.);
#3771 = FACE_BOUND('',#3772,.F.);
#3772 = EDGE_LOOP('',(#3773,#3774,#3775,#3776));
#3773 = ORIENTED_EDGE('',*,*,#2518,.T.);
#3774 = ORIENTED_EDGE('',*,*,#2478,.T.);
#3775 = ORIENTED_EDGE('',*,*,#2388,.T.);
#3776 = ORIENTED_EDGE('',*,*,#3777,.T.);
#3777 = EDGE_CURVE('',#2391,#2519,#3778,.T.);
#3778 = LINE('',#3779,#3780);
#3779 = CARTESIAN_POINT('',(-2.15,0.14,0.));
#3780 = VECTOR('',#3781,1.);
#3781 = DIRECTION('',(-4.669739647545E-16,-1.,0.));
#3782 = PLANE('',#3783);
#3783 = AXIS2_PLACEMENT_3D('',#3784,#3785,#3786);
#3784 = CARTESIAN_POINT('',(-1.97725557719,6.383782391595E-16,0.));
#3785 = DIRECTION('',(0.,0.,1.));
#3786 = DIRECTION('',(-4.669739647545E-16,-1.,0.));
#3787 = ADVANCED_FACE('',(#3788),#3794,.F.);
#3788 = FACE_BOUND('',#3789,.F.);
#3789 = EDGE_LOOP('',(#3790,#3791,#3792,#3793));
#3790 = ORIENTED_EDGE('',*,*,#2414,.T.);
#3791 = ORIENTED_EDGE('',*,*,#3556,.T.);
#3792 = ORIENTED_EDGE('',*,*,#2526,.F.);
#3793 = ORIENTED_EDGE('',*,*,#3777,.F.);
#3794 = PLANE('',#3795);
#3795 = AXIS2_PLACEMENT_3D('',#3796,#3797,#3798);
#3796 = CARTESIAN_POINT('',(-2.15,0.14,0.));
#3797 = DIRECTION('',(1.,-4.669739647545E-16,0.));
#3798 = DIRECTION('',(-4.669739647545E-16,-1.,0.));
#3799 = ADVANCED_FACE('',(#3800),#3811,.F.);
#3800 = FACE_BOUND('',#3801,.F.);
#3801 = EDGE_LOOP('',(#3802,#3803,#3804,#3805));
#3802 = ORIENTED_EDGE('',*,*,#2428,.T.);
#3803 = ORIENTED_EDGE('',*,*,#2503,.T.);
#3804 = ORIENTED_EDGE('',*,*,#2551,.T.);
#3805 = ORIENTED_EDGE('',*,*,#3806,.T.);
#3806 = EDGE_CURVE('',#2552,#2429,#3807,.T.);
#3807 = LINE('',#3808,#3809);
#3808 = CARTESIAN_POINT('',(2.15,0.86,0.));
#3809 = VECTOR('',#3810,1.);
#3810 = DIRECTION('',(3.445092848398E-16,1.,0.));
#3811 = PLANE('',#3812);
#3812 = AXIS2_PLACEMENT_3D('',#3813,#3814,#3815);
#3813 = CARTESIAN_POINT('',(1.97725557719,1.,0.));
#3814 = DIRECTION('',(0.,0.,1.));
#3815 = DIRECTION('',(3.445092848398E-16,1.,-0.));
#3816 = ADVANCED_FACE('',(#3817),#3823,.F.);
#3817 = FACE_BOUND('',#3818,.F.);
#3818 = EDGE_LOOP('',(#3819,#3820,#3821,#3822));
#3819 = ORIENTED_EDGE('',*,*,#2570,.T.);
#3820 = ORIENTED_EDGE('',*,*,#3689,.T.);
#3821 = ORIENTED_EDGE('',*,*,#2438,.F.);
#3822 = ORIENTED_EDGE('',*,*,#3806,.F.);
#3823 = PLANE('',#3824);
#3824 = AXIS2_PLACEMENT_3D('',#3825,#3826,#3827);
#3825 = CARTESIAN_POINT('',(2.15,0.86,0.));
#3826 = DIRECTION('',(-1.,3.445092848398E-16,0.));
#3827 = DIRECTION('',(3.445092848398E-16,1.,0.));
#3828 = ADVANCED_FACE('',(#3829),#3840,.F.);
#3829 = FACE_BOUND('',#3830,.F.);
#3830 = EDGE_LOOP('',(#3831,#3832,#3833,#3834));
#3831 = ORIENTED_EDGE('',*,*,#2714,.T.);
#3832 = ORIENTED_EDGE('',*,*,#2674,.T.);
#3833 = ORIENTED_EDGE('',*,*,#2584,.T.);
#3834 = ORIENTED_EDGE('',*,*,#3835,.T.);
#3835 = EDGE_CURVE('',#2587,#2715,#3836,.T.);
#3836 = LINE('',#3837,#3838);
#3837 = CARTESIAN_POINT('',(-2.15,-0.36,0.));
#3838 = VECTOR('',#3839,1.);
#3839 = DIRECTION('',(-4.669739647545E-16,-1.,0.));
#3840 = PLANE('',#3841);
#3841 = AXIS2_PLACEMENT_3D('',#3842,#3843,#3844);
#3842 = CARTESIAN_POINT('',(-1.97725557719,-0.5,0.));
#3843 = DIRECTION('',(0.,0.,1.));
#3844 = DIRECTION('',(-4.669739647545E-16,-1.,0.));
#3845 = ADVANCED_FACE('',(#3846),#3852,.F.);
#3846 = FACE_BOUND('',#3847,.F.);
#3847 = EDGE_LOOP('',(#3848,#3849,#3850,#3851));
#3848 = ORIENTED_EDGE('',*,*,#2610,.T.);
#3849 = ORIENTED_EDGE('',*,*,#3539,.T.);
#3850 = ORIENTED_EDGE('',*,*,#2722,.F.);
#3851 = ORIENTED_EDGE('',*,*,#3835,.F.);
#3852 = PLANE('',#3853);
#3853 = AXIS2_PLACEMENT_3D('',#3854,#3855,#3856);
#3854 = CARTESIAN_POINT('',(-2.15,-0.36,0.));
#3855 = DIRECTION('',(1.,-4.669739647545E-16,0.));
#3856 = DIRECTION('',(-4.669739647545E-16,-1.,0.));
#3857 = ADVANCED_FACE('',(#3858),#3869,.F.);
#3858 = FACE_BOUND('',#3859,.F.);
#3859 = EDGE_LOOP('',(#3860,#3861,#3862,#3863));
#3860 = ORIENTED_EDGE('',*,*,#2624,.T.);
#3861 = ORIENTED_EDGE('',*,*,#2699,.T.);
#3862 = ORIENTED_EDGE('',*,*,#2747,.T.);
#3863 = ORIENTED_EDGE('',*,*,#3864,.T.);
#3864 = EDGE_CURVE('',#2748,#2625,#3865,.T.);
#3865 = LINE('',#3866,#3867);
#3866 = CARTESIAN_POINT('',(2.15,0.36,0.));
#3867 = VECTOR('',#3868,1.);
#3868 = DIRECTION('',(3.445092848398E-16,1.,0.));
#3869 = PLANE('',#3870);
#3870 = AXIS2_PLACEMENT_3D('',#3871,#3872,#3873);
#3871 = CARTESIAN_POINT('',(1.97725557719,0.5,0.));
#3872 = DIRECTION('',(0.,0.,1.));
#3873 = DIRECTION('',(3.445092848398E-16,1.,-0.));
#3874 = ADVANCED_FACE('',(#3875),#3881,.F.);
#3875 = FACE_BOUND('',#3876,.F.);
#3876 = EDGE_LOOP('',(#3877,#3878,#3879,#3880));
#3877 = ORIENTED_EDGE('',*,*,#2766,.T.);
#3878 = ORIENTED_EDGE('',*,*,#3723,.T.);
#3879 = ORIENTED_EDGE('',*,*,#2634,.F.);
#3880 = ORIENTED_EDGE('',*,*,#3864,.F.);
#3881 = PLANE('',#3882);
#3882 = AXIS2_PLACEMENT_3D('',#3883,#3884,#3885);
#3883 = CARTESIAN_POINT('',(2.15,0.36,0.));
#3884 = DIRECTION('',(-1.,3.445092848398E-16,0.));
#3885 = DIRECTION('',(3.445092848398E-16,1.,0.));
#3886 = ADVANCED_FACE('',(#3887),#3898,.F.);
#3887 = FACE_BOUND('',#3888,.F.);
#3888 = EDGE_LOOP('',(#3889,#3890,#3891,#3892));
#3889 = ORIENTED_EDGE('',*,*,#2910,.T.);
#3890 = ORIENTED_EDGE('',*,*,#2870,.T.);
#3891 = ORIENTED_EDGE('',*,*,#2780,.T.);
#3892 = ORIENTED_EDGE('',*,*,#3893,.T.);
#3893 = EDGE_CURVE('',#2783,#2911,#3894,.T.);
#3894 = LINE('',#3895,#3896);
#3895 = CARTESIAN_POINT('',(-2.15,-0.86,0.));
#3896 = VECTOR('',#3897,1.);
#3897 = DIRECTION('',(-4.669739647545E-16,-1.,0.));
#3898 = PLANE('',#3899);
#3899 = AXIS2_PLACEMENT_3D('',#3900,#3901,#3902);
#3900 = CARTESIAN_POINT('',(-1.97725557719,-1.,0.));
#3901 = DIRECTION('',(0.,0.,1.));
#3902 = DIRECTION('',(-4.669739647545E-16,-1.,0.));
#3903 = ADVANCED_FACE('',(#3904),#3910,.F.);
#3904 = FACE_BOUND('',#3905,.F.);
#3905 = EDGE_LOOP('',(#3906,#3907,#3908,#3909));
#3906 = ORIENTED_EDGE('',*,*,#2806,.T.);
#3907 = ORIENTED_EDGE('',*,*,#3505,.T.);
#3908 = ORIENTED_EDGE('',*,*,#2918,.F.);
#3909 = ORIENTED_EDGE('',*,*,#3893,.F.);
#3910 = PLANE('',#3911);
#3911 = AXIS2_PLACEMENT_3D('',#3912,#3913,#3914);
#3912 = CARTESIAN_POINT('',(-2.15,-0.86,0.));
#3913 = DIRECTION('',(1.,-4.669739647545E-16,0.));
#3914 = DIRECTION('',(-4.669739647545E-16,-1.,0.));
#3915 = ADVANCED_FACE('',(#3916),#3927,.F.);
#3916 = FACE_BOUND('',#3917,.F.);
#3917 = EDGE_LOOP('',(#3918,#3919,#3920,#3921));
#3918 = ORIENTED_EDGE('',*,*,#2820,.T.);
#3919 = ORIENTED_EDGE('',*,*,#2895,.T.);
#3920 = ORIENTED_EDGE('',*,*,#2943,.T.);
#3921 = ORIENTED_EDGE('',*,*,#3922,.T.);
#3922 = EDGE_CURVE('',#2944,#2821,#3923,.T.);
#3923 = LINE('',#3924,#3925);
#3924 = CARTESIAN_POINT('',(2.15,-0.14,0.));
#3925 = VECTOR('',#3926,1.);
#3926 = DIRECTION('',(3.445092848398E-16,1.,0.));
#3927 = PLANE('',#3928);
#3928 = AXIS2_PLACEMENT_3D('',#3929,#3930,#3931);
#3929 = CARTESIAN_POINT('',(1.97725557719,-3.608224830032E-16,0.));
#3930 = DIRECTION('',(0.,0.,1.));
#3931 = DIRECTION('',(3.445092848398E-16,1.,-0.));
#3932 = ADVANCED_FACE('',(#3933),#3939,.F.);
#3933 = FACE_BOUND('',#3934,.F.);
#3934 = EDGE_LOOP('',(#3935,#3936,#3937,#3938));
#3935 = ORIENTED_EDGE('',*,*,#2962,.T.);
#3936 = ORIENTED_EDGE('',*,*,#3757,.T.);
#3937 = ORIENTED_EDGE('',*,*,#2830,.F.);
#3938 = ORIENTED_EDGE('',*,*,#3922,.F.);
#3939 = PLANE('',#3940);
#3940 = AXIS2_PLACEMENT_3D('',#3941,#3942,#3943);
#3941 = CARTESIAN_POINT('',(2.15,-0.14,0.));
#3942 = DIRECTION('',(-1.,3.445092848398E-16,0.));
#3943 = DIRECTION('',(3.445092848398E-16,1.,0.));
#3944 = ADVANCED_FACE('',(#3945),#3956,.T.);
#3945 = FACE_BOUND('',#3946,.T.);
#3946 = EDGE_LOOP('',(#3947,#3953,#3954,#3955));
#3947 = ORIENTED_EDGE('',*,*,#3948,.T.);
#3948 = EDGE_CURVE('',#3294,#3407,#3949,.T.);
#3949 = LINE('',#3950,#3951);
#3950 = CARTESIAN_POINT('',(0.61,-2.15,0.2));
#3951 = VECTOR('',#3952,1.);
#3952 = DIRECTION('',(1.,-5.665538897648E-16,0.));
#3953 = ORIENTED_EDGE('',*,*,#3414,.T.);
#3954 = ORIENTED_EDGE('',*,*,#3015,.T.);
#3955 = ORIENTED_EDGE('',*,*,#3293,.T.);
#3956 = PLANE('',#3957);
#3957 = AXIS2_PLACEMENT_3D('',#3958,#3959,#3960);
#3958 = CARTESIAN_POINT('',(0.75,-1.97725557719,0.2));
#3959 = DIRECTION('',(0.,0.,1.));
#3960 = DIRECTION('',(1.,-5.665538897648E-16,0.));
#3961 = ADVANCED_FACE('',(#3962),#3973,.T.);
#3962 = FACE_BOUND('',#3963,.T.);
#3963 = EDGE_LOOP('',(#3964,#3970,#3971,#3972));
#3964 = ORIENTED_EDGE('',*,*,#3965,.T.);
#3965 = EDGE_CURVE('',#3098,#3211,#3966,.T.);
#3966 = LINE('',#3967,#3968);
#3967 = CARTESIAN_POINT('',(-0.89,-2.15,0.2));
#3968 = VECTOR('',#3969,1.);
#3969 = DIRECTION('',(1.,-5.665538897648E-16,0.));
#3970 = ORIENTED_EDGE('',*,*,#3218,.T.);
#3971 = ORIENTED_EDGE('',*,*,#2992,.T.);
#3972 = ORIENTED_EDGE('',*,*,#3097,.T.);
#3973 = PLANE('',#3974);
#3974 = AXIS2_PLACEMENT_3D('',#3975,#3976,#3977);
#3975 = CARTESIAN_POINT('',(-0.75,-1.97725557719,0.2));
#3976 = DIRECTION('',(0.,0.,1.));
#3977 = DIRECTION('',(1.,-5.665538897648E-16,0.));
#3978 = ADVANCED_FACE('',(#3979),#3990,.F.);
#3979 = FACE_BOUND('',#3980,.F.);
#3980 = EDGE_LOOP('',(#3981,#3982,#3983,#3984));
#3981 = ORIENTED_EDGE('',*,*,#3039,.T.);
#3982 = ORIENTED_EDGE('',*,*,#3129,.T.);
#3983 = ORIENTED_EDGE('',*,*,#3169,.T.);
#3984 = ORIENTED_EDGE('',*,*,#3985,.T.);
#3985 = EDGE_CURVE('',#3170,#3040,#3986,.T.);
#3986 = LINE('',#3987,#3988);
#3987 = CARTESIAN_POINT('',(2.15,-0.64,0.));
#3988 = VECTOR('',#3989,1.);
#3989 = DIRECTION('',(3.445092848398E-16,1.,0.));
#3990 = PLANE('',#3991);
#3991 = AXIS2_PLACEMENT_3D('',#3992,#3993,#3994);
#3992 = CARTESIAN_POINT('',(1.97725557719,-0.5,0.));
#3993 = DIRECTION('',(0.,0.,1.));
#3994 = DIRECTION('',(3.445092848398E-16,1.,-0.));
#3995 = ADVANCED_FACE('',(#3996),#4002,.F.);
#3996 = FACE_BOUND('',#3997,.F.);
#3997 = EDGE_LOOP('',(#3998,#3999,#4000,#4001));
#3998 = ORIENTED_EDGE('',*,*,#3188,.T.);
#3999 = ORIENTED_EDGE('',*,*,#3740,.T.);
#4000 = ORIENTED_EDGE('',*,*,#3049,.F.);
#4001 = ORIENTED_EDGE('',*,*,#3985,.F.);
#4002 = PLANE('',#4003);
#4003 = AXIS2_PLACEMENT_3D('',#4004,#4005,#4006);
#4004 = CARTESIAN_POINT('',(2.15,-0.64,0.));
#4005 = DIRECTION('',(-1.,3.445092848398E-16,0.));
#4006 = DIRECTION('',(3.445092848398E-16,1.,0.));
#4007 = ADVANCED_FACE('',(#4008),#4019,.F.);
#4008 = FACE_BOUND('',#4009,.F.);
#4009 = EDGE_LOOP('',(#4010,#4011,#4012,#4013));
#4010 = ORIENTED_EDGE('',*,*,#3202,.T.);
#4011 = ORIENTED_EDGE('',*,*,#3154,.T.);
#4012 = ORIENTED_EDGE('',*,*,#3079,.T.);
#4013 = ORIENTED_EDGE('',*,*,#4014,.T.);
#4014 = EDGE_CURVE('',#3082,#3203,#4015,.T.);
#4015 = LINE('',#4016,#4017);
#4016 = CARTESIAN_POINT('',(-0.89,-2.15,0.));
#4017 = VECTOR('',#4018,1.);
#4018 = DIRECTION('',(1.,-5.665538897648E-16,0.));
#4019 = PLANE('',#4020);
#4020 = AXIS2_PLACEMENT_3D('',#4021,#4022,#4023);
#4021 = CARTESIAN_POINT('',(-0.75,-1.97725557719,0.));
#4022 = DIRECTION('',(0.,0.,1.));
#4023 = DIRECTION('',(1.,-5.665538897648E-16,0.));
#4024 = ADVANCED_FACE('',(#4025),#4031,.F.);
#4025 = FACE_BOUND('',#4026,.F.);
#4026 = EDGE_LOOP('',(#4027,#4028,#4029,#4030));
#4027 = ORIENTED_EDGE('',*,*,#3105,.T.);
#4028 = ORIENTED_EDGE('',*,*,#3965,.T.);
#4029 = ORIENTED_EDGE('',*,*,#3210,.F.);
#4030 = ORIENTED_EDGE('',*,*,#4014,.F.);
#4031 = PLANE('',#4032);
#4032 = AXIS2_PLACEMENT_3D('',#4033,#4034,#4035);
#4033 = CARTESIAN_POINT('',(-0.89,-2.15,0.));
#4034 = DIRECTION('',(5.665538897648E-16,1.,0.));
#4035 = DIRECTION('',(1.,-5.665538897648E-16,0.));
#4036 = ADVANCED_FACE('',(#4037),#4048,.F.);
#4037 = FACE_BOUND('',#4038,.F.);
#4038 = EDGE_LOOP('',(#4039,#4040,#4041,#4042));
#4039 = ORIENTED_EDGE('',*,*,#3235,.T.);
#4040 = ORIENTED_EDGE('',*,*,#3325,.T.);
#4041 = ORIENTED_EDGE('',*,*,#3365,.T.);
#4042 = ORIENTED_EDGE('',*,*,#4043,.T.);
#4043 = EDGE_CURVE('',#3366,#3236,#4044,.T.);
#4044 = LINE('',#4045,#4046);
#4045 = CARTESIAN_POINT('',(2.15,-1.14,0.));
#4046 = VECTOR('',#4047,1.);
#4047 = DIRECTION('',(3.445092848398E-16,1.,0.));
#4048 = PLANE('',#4049);
#4049 = AXIS2_PLACEMENT_3D('',#4050,#4051,#4052);
#4050 = CARTESIAN_POINT('',(1.97725557719,-1.,0.));
#4051 = DIRECTION('',(0.,0.,1.));
#4052 = DIRECTION('',(3.445092848398E-16,1.,-0.));
#4053 = ADVANCED_FACE('',(#4054),#4060,.F.);
#4054 = FACE_BOUND('',#4055,.F.);
#4055 = EDGE_LOOP('',(#4056,#4057,#4058,#4059));
#4056 = ORIENTED_EDGE('',*,*,#3384,.T.);
#4057 = ORIENTED_EDGE('',*,*,#3706,.T.);
#4058 = ORIENTED_EDGE('',*,*,#3245,.F.);
#4059 = ORIENTED_EDGE('',*,*,#4043,.F.);
#4060 = PLANE('',#4061);
#4061 = AXIS2_PLACEMENT_3D('',#4062,#4063,#4064);
#4062 = CARTESIAN_POINT('',(2.15,-1.14,0.));
#4063 = DIRECTION('',(-1.,3.445092848398E-16,0.));
#4064 = DIRECTION('',(3.445092848398E-16,1.,0.));
#4065 = ADVANCED_FACE('',(#4066),#4077,.F.);
#4066 = FACE_BOUND('',#4067,.F.);
#4067 = EDGE_LOOP('',(#4068,#4069,#4070,#4071));
#4068 = ORIENTED_EDGE('',*,*,#3398,.T.);
#4069 = ORIENTED_EDGE('',*,*,#3350,.T.);
#4070 = ORIENTED_EDGE('',*,*,#3275,.T.);
#4071 = ORIENTED_EDGE('',*,*,#4072,.T.);
#4072 = EDGE_CURVE('',#3278,#3399,#4073,.T.);
#4073 = LINE('',#4074,#4075);
#4074 = CARTESIAN_POINT('',(0.61,-2.15,0.));
#4075 = VECTOR('',#4076,1.);
#4076 = DIRECTION('',(1.,-5.665538897648E-16,0.));
#4077 = PLANE('',#4078);
#4078 = AXIS2_PLACEMENT_3D('',#4079,#4080,#4081);
#4079 = CARTESIAN_POINT('',(0.75,-1.97725557719,0.));
#4080 = DIRECTION('',(0.,0.,1.));
#4081 = DIRECTION('',(1.,-5.665538897648E-16,0.));
#4082 = ADVANCED_FACE('',(#4083),#4089,.F.);
#4083 = FACE_BOUND('',#4084,.F.);
#4084 = EDGE_LOOP('',(#4085,#4086,#4087,#4088));
#4085 = ORIENTED_EDGE('',*,*,#3301,.T.);
#4086 = ORIENTED_EDGE('',*,*,#3948,.T.);
#4087 = ORIENTED_EDGE('',*,*,#3406,.F.);
#4088 = ORIENTED_EDGE('',*,*,#4072,.F.);
#4089 = PLANE('',#4090);
#4090 = AXIS2_PLACEMENT_3D('',#4091,#4092,#4093);
#4091 = CARTESIAN_POINT('',(0.61,-2.15,0.));
#4092 = DIRECTION('',(5.665538897648E-16,1.,0.));
#4093 = DIRECTION('',(1.,-5.665538897648E-16,0.));
#4094 = ADVANCED_FACE('',(#4095),#4114,.F.);
#4095 = FACE_BOUND('',#4096,.F.);
#4096 = EDGE_LOOP('',(#4097,#4105,#4112,#4113));
#4097 = ORIENTED_EDGE('',*,*,#4098,.T.);
#4098 = EDGE_CURVE('',#3438,#4099,#4101,.T.);
#4099 = VERTEX_POINT('',#4100);
#4100 = CARTESIAN_POINT('',(-1.55,1.3,0.91));
#4101 = LINE('',#4102,#4103);
#4102 = CARTESIAN_POINT('',(-1.55,1.3,0.93));
#4103 = VECTOR('',#4104,1.);
#4104 = DIRECTION('',(-0.,0.,-1.));
#4105 = ORIENTED_EDGE('',*,*,#4106,.T.);
#4106 = EDGE_CURVE('',#4099,#4099,#4107,.T.);
#4107 = CIRCLE('',#4108,0.25);
#4108 = AXIS2_PLACEMENT_3D('',#4109,#4110,#4111);
#4109 = CARTESIAN_POINT('',(-1.55,1.55,0.91));
#4110 = DIRECTION('',(0.,0.,1.));
#4111 = DIRECTION('',(-2.22044604925E-16,-1.,0.));
#4112 = ORIENTED_EDGE('',*,*,#4098,.F.);
#4113 = ORIENTED_EDGE('',*,*,#3437,.T.);
#4114 = CYLINDRICAL_SURFACE('',#4115,0.25);
#4115 = AXIS2_PLACEMENT_3D('',#4116,#4117,#4118);
#4116 = CARTESIAN_POINT('',(-1.55,1.55,0.93));
#4117 = DIRECTION('',(0.,0.,-1.));
#4118 = DIRECTION('',(-2.22044604925E-16,-1.,-0.));
#4119 = ADVANCED_FACE('',(#4120),#4123,.T.);
#4120 = FACE_BOUND('',#4121,.T.);
#4121 = EDGE_LOOP('',(#4122));
#4122 = ORIENTED_EDGE('',*,*,#4106,.T.);
#4123 = PLANE('',#4124);
#4124 = AXIS2_PLACEMENT_3D('',#4125,#4126,#4127);
#4125 = CARTESIAN_POINT('',(-1.55,1.55,0.91));
#4126 = DIRECTION('',(0.,0.,1.));
#4127 = DIRECTION('',(-2.22044604925E-16,-1.,0.));
#4128 = ( GEOMETRIC_REPRESENTATION_CONTEXT(3) 
GLOBAL_UNCERTAINTY_ASSIGNED_CONTEXT((#4132)) 
GLOBAL_UNIT_ASSIGNED_CONTEXT((#4129,#4130,#4131)) REPRESENTATION_CONTEXT
('Context #1','3D Context with UNIT and UNCERTAINTY') );
#4129 = ( LENGTH_UNIT() NAMED_UNIT(*) SI_UNIT(.MILLI.,.METRE.) );
#4130 = ( NAMED_UNIT(*) PLANE_ANGLE_UNIT() SI_UNIT($,.RADIAN.) );
#4131 = ( NAMED_UNIT(*) SI_UNIT($,.STERADIAN.) SOLID_ANGLE_UNIT() );
#4132 = UNCERTAINTY_MEASURE_WITH_UNIT(LENGTH_MEASURE(1.E-07),#4129,
  'distance_accuracy_value','confusion accuracy');
#4133 = CONTEXT_DEPENDENT_SHAPE_REPRESENTATION(#4134,#4136);
#4134 = ( REPRESENTATION_RELATIONSHIP('','',#957,#10) 
REPRESENTATION_RELATIONSHIP_WITH_TRANSFORMATION(#4135) 
SHAPE_REPRESENTATION_RELATIONSHIP() );
#4135 = ITEM_DEFINED_TRANSFORMATION('','',#11,#19);
#4136 = PRODUCT_DEFINITION_SHAPE('Placement','Placement of an item',
  #4137);
#4137 = NEXT_ASSEMBLY_USAGE_OCCURRENCE('2','U3','',#5,#952,$);
#4138 = PRODUCT_RELATED_PRODUCT_CATEGORY('part',$,(#954));
#4139 = CONTEXT_DEPENDENT_SHAPE_REPRESENTATION(#4140,#4142);
#4140 = ( REPRESENTATION_RELATIONSHIP('','',#84,#10) 
REPRESENTATION_RELATIONSHIP_WITH_TRANSFORMATION(#4141) 
SHAPE_REPRESENTATION_RELATIONSHIP() );
#4141 = ITEM_DEFINED_TRANSFORMATION('','',#11,#23);
#4142 = PRODUCT_DEFINITION_SHAPE('Placement','Placement of an item',
  #4143);
#4143 = NEXT_ASSEMBLY_USAGE_OCCURRENCE('3','C8','',#5,#79,$);
#4144 = SHAPE_DEFINITION_REPRESENTATION(#4145,#4151);
#4145 = PRODUCT_DEFINITION_SHAPE('','',#4146);
#4146 = PRODUCT_DEFINITION('design','',#4147,#4150);
#4147 = PRODUCT_DEFINITION_FORMATION('','',#4148);
#4148 = PRODUCT('LED_0402_1005Metric','LED_0402_1005Metric','',(#4149));
#4149 = PRODUCT_CONTEXT('',#2,'mechanical');
#4150 = PRODUCT_DEFINITION_CONTEXT('part definition',#2,'design');
#4151 = ADVANCED_BREP_SHAPE_REPRESENTATION('',(#11,#4152),#5675);
#4152 = MANIFOLD_SOLID_BREP('',#4153);
#4153 = CLOSED_SHELL('',(#4154,#4194,#4241,#4320,#4344,#4384,#4415,#4432
    ,#4465,#4489,#4556,#4677,#4744,#4768,#4799,#4832,#4888,#4912,#4936,
    #4960,#4993,#5005,#5068,#5093,#5110,#5134,#5152,#5170,#5188,#5205,
    #5222,#5253,#5278,#5303,#5327,#5344,#5375,#5399,#5416,#5444,#5469,
    #5493,#5518,#5565,#5582,#5594,#5616,#5628,#5646,#5664));
#4154 = ADVANCED_FACE('',(#4155),#4189,.F.);
#4155 = FACE_BOUND('',#4156,.F.);
#4156 = EDGE_LOOP('',(#4157,#4167,#4175,#4183));
#4157 = ORIENTED_EDGE('',*,*,#4158,.T.);
#4158 = EDGE_CURVE('',#4159,#4161,#4163,.T.);
#4159 = VERTEX_POINT('',#4160);
#4160 = CARTESIAN_POINT('',(-0.35,-0.25,0.185));
#4161 = VERTEX_POINT('',#4162);
#4162 = CARTESIAN_POINT('',(-0.315,-0.25,0.5));
#4163 = LINE('',#4164,#4165);
#4164 = CARTESIAN_POINT('',(-0.35,-0.25,0.185));
#4165 = VECTOR('',#4166,1.);
#4166 = DIRECTION('',(0.110431526075,0.,0.993883734674));
#4167 = ORIENTED_EDGE('',*,*,#4168,.T.);
#4168 = EDGE_CURVE('',#4161,#4169,#4171,.T.);
#4169 = VERTEX_POINT('',#4170);
#4170 = CARTESIAN_POINT('',(0.315,-0.25,0.5));
#4171 = LINE('',#4172,#4173);
#4172 = CARTESIAN_POINT('',(-0.315,-0.25,0.5));
#4173 = VECTOR('',#4174,1.);
#4174 = DIRECTION('',(1.,0.,0.));
#4175 = ORIENTED_EDGE('',*,*,#4176,.T.);
#4176 = EDGE_CURVE('',#4169,#4177,#4179,.T.);
#4177 = VERTEX_POINT('',#4178);
#4178 = CARTESIAN_POINT('',(0.35,-0.25,0.185));
#4179 = LINE('',#4180,#4181);
#4180 = CARTESIAN_POINT('',(0.315,-0.25,0.5));
#4181 = VECTOR('',#4182,1.);
#4182 = DIRECTION('',(0.110431526075,0.,-0.993883734674));
#4183 = ORIENTED_EDGE('',*,*,#4184,.T.);
#4184 = EDGE_CURVE('',#4177,#4159,#4185,.T.);
#4185 = LINE('',#4186,#4187);
#4186 = CARTESIAN_POINT('',(0.35,-0.25,0.185));
#4187 = VECTOR('',#4188,1.);
#4188 = DIRECTION('',(-1.,0.,0.));
#4189 = PLANE('',#4190);
#4190 = AXIS2_PLACEMENT_3D('',#4191,#4192,#4193);
#4191 = CARTESIAN_POINT('',(0.,-0.25,0.336886104513));
#4192 = DIRECTION('',(0.,1.,0.));
#4193 = DIRECTION('',(0.,-0.,1.));
#4194 = ADVANCED_FACE('',(#4195),#4236,.T.);
#4195 = FACE_BOUND('',#4196,.T.);
#4196 = EDGE_LOOP('',(#4197,#4207,#4215,#4221,#4222,#4230));
#4197 = ORIENTED_EDGE('',*,*,#4198,.T.);
#4198 = EDGE_CURVE('',#4199,#4201,#4203,.T.);
#4199 = VERTEX_POINT('',#4200);
#4200 = CARTESIAN_POINT('',(-0.35,0.25,0.185));
#4201 = VERTEX_POINT('',#4202);
#4202 = CARTESIAN_POINT('',(-0.35,0.1875,0.185));
#4203 = LINE('',#4204,#4205);
#4204 = CARTESIAN_POINT('',(-0.35,0.25,0.185));
#4205 = VECTOR('',#4206,1.);
#4206 = DIRECTION('',(0.,-1.,0.));
#4207 = ORIENTED_EDGE('',*,*,#4208,.F.);
#4208 = EDGE_CURVE('',#4209,#4201,#4211,.T.);
#4209 = VERTEX_POINT('',#4210);
#4210 = CARTESIAN_POINT('',(-0.35,-0.1875,0.185));
#4211 = LINE('',#4212,#4213);
#4212 = CARTESIAN_POINT('',(-0.35,-0.25,0.185));
#4213 = VECTOR('',#4214,1.);
#4214 = DIRECTION('',(0.,1.,0.));
#4215 = ORIENTED_EDGE('',*,*,#4216,.T.);
#4216 = EDGE_CURVE('',#4209,#4159,#4217,.T.);
#4217 = LINE('',#4218,#4219);
#4218 = CARTESIAN_POINT('',(-0.35,0.25,0.185));
#4219 = VECTOR('',#4220,1.);
#4220 = DIRECTION('',(0.,-1.,0.));
#4221 = ORIENTED_EDGE('',*,*,#4158,.T.);
#4222 = ORIENTED_EDGE('',*,*,#4223,.F.);
#4223 = EDGE_CURVE('',#4224,#4161,#4226,.T.);
#4224 = VERTEX_POINT('',#4225);
#4225 = CARTESIAN_POINT('',(-0.315,0.25,0.5));
#4226 = LINE('',#4227,#4228);
#4227 = CARTESIAN_POINT('',(-0.315,0.25,0.5));
#4228 = VECTOR('',#4229,1.);
#4229 = DIRECTION('',(0.,-1.,0.));
#4230 = ORIENTED_EDGE('',*,*,#4231,.F.);
#4231 = EDGE_CURVE('',#4199,#4224,#4232,.T.);
#4232 = LINE('',#4233,#4234);
#4233 = CARTESIAN_POINT('',(-0.35,0.25,0.185));
#4234 = VECTOR('',#4235,1.);
#4235 = DIRECTION('',(0.110431526075,0.,0.993883734674));
#4236 = PLANE('',#4237);
#4237 = AXIS2_PLACEMENT_3D('',#4238,#4239,#4240);
#4238 = CARTESIAN_POINT('',(-0.35,0.25,0.185));
#4239 = DIRECTION('',(-0.993883734674,0.,0.110431526075));
#4240 = DIRECTION('',(0.110431526075,0.,0.993883734674));
#4241 = ADVANCED_FACE('',(#4242),#4315,.F.);
#4242 = FACE_BOUND('',#4243,.F.);
#4243 = EDGE_LOOP('',(#4244,#4254,#4262,#4270,#4276,#4277,#4285,#4293,
    #4301,#4309));
#4244 = ORIENTED_EDGE('',*,*,#4245,.F.);
#4245 = EDGE_CURVE('',#4246,#4248,#4250,.T.);
#4246 = VERTEX_POINT('',#4247);
#4247 = CARTESIAN_POINT('',(-0.485,-0.25,1.5E-02));
#4248 = VERTEX_POINT('',#4249);
#4249 = CARTESIAN_POINT('',(-0.4625,-0.25,1.5E-02));
#4250 = LINE('',#4251,#4252);
#4251 = CARTESIAN_POINT('',(-0.485,-0.25,1.5E-02));
#4252 = VECTOR('',#4253,1.);
#4253 = DIRECTION('',(1.,0.,0.));
#4254 = ORIENTED_EDGE('',*,*,#4255,.T.);
#4255 = EDGE_CURVE('',#4246,#4256,#4258,.T.);
#4256 = VERTEX_POINT('',#4257);
#4257 = CARTESIAN_POINT('',(-0.485,-0.25,0.185));
#4258 = LINE('',#4259,#4260);
#4259 = CARTESIAN_POINT('',(-0.485,-0.25,1.5E-02));
#4260 = VECTOR('',#4261,1.);
#4261 = DIRECTION('',(0.,0.,1.));
#4262 = ORIENTED_EDGE('',*,*,#4263,.T.);
#4263 = EDGE_CURVE('',#4256,#4264,#4266,.T.);
#4264 = VERTEX_POINT('',#4265);
#4265 = CARTESIAN_POINT('',(-0.4625,-0.25,0.185));
#4266 = LINE('',#4267,#4268);
#4267 = CARTESIAN_POINT('',(-0.485,-0.25,0.185));
#4268 = VECTOR('',#4269,1.);
#4269 = DIRECTION('',(1.,0.,0.));
#4270 = ORIENTED_EDGE('',*,*,#4271,.T.);
#4271 = EDGE_CURVE('',#4264,#4159,#4272,.T.);
#4272 = LINE('',#4273,#4274);
#4273 = CARTESIAN_POINT('',(-0.485,-0.25,0.185));
#4274 = VECTOR('',#4275,1.);
#4275 = DIRECTION('',(1.,0.,0.));
#4276 = ORIENTED_EDGE('',*,*,#4184,.F.);
#4277 = ORIENTED_EDGE('',*,*,#4278,.T.);
#4278 = EDGE_CURVE('',#4177,#4279,#4281,.T.);
#4279 = VERTEX_POINT('',#4280);
#4280 = CARTESIAN_POINT('',(0.4625,-0.25,0.185));
#4281 = LINE('',#4282,#4283);
#4282 = CARTESIAN_POINT('',(-0.485,-0.25,0.185));
#4283 = VECTOR('',#4284,1.);
#4284 = DIRECTION('',(1.,0.,0.));
#4285 = ORIENTED_EDGE('',*,*,#4286,.T.);
#4286 = EDGE_CURVE('',#4279,#4287,#4289,.T.);
#4287 = VERTEX_POINT('',#4288);
#4288 = CARTESIAN_POINT('',(0.485,-0.25,0.185));
#4289 = LINE('',#4290,#4291);
#4290 = CARTESIAN_POINT('',(-0.485,-0.25,0.185));
#4291 = VECTOR('',#4292,1.);
#4292 = DIRECTION('',(1.,0.,0.));
#4293 = ORIENTED_EDGE('',*,*,#4294,.F.);
#4294 = EDGE_CURVE('',#4295,#4287,#4297,.T.);
#4295 = VERTEX_POINT('',#4296);
#4296 = CARTESIAN_POINT('',(0.485,-0.25,1.5E-02));
#4297 = LINE('',#4298,#4299);
#4298 = CARTESIAN_POINT('',(0.485,-0.25,1.5E-02));
#4299 = VECTOR('',#4300,1.);
#4300 = DIRECTION('',(0.,0.,1.));
#4301 = ORIENTED_EDGE('',*,*,#4302,.F.);
#4302 = EDGE_CURVE('',#4303,#4295,#4305,.T.);
#4303 = VERTEX_POINT('',#4304);
#4304 = CARTESIAN_POINT('',(0.4625,-0.25,1.5E-02));
#4305 = LINE('',#4306,#4307);
#4306 = CARTESIAN_POINT('',(-0.485,-0.25,1.5E-02));
#4307 = VECTOR('',#4308,1.);
#4308 = DIRECTION('',(1.,0.,0.));
#4309 = ORIENTED_EDGE('',*,*,#4310,.F.);
#4310 = EDGE_CURVE('',#4248,#4303,#4311,.T.);
#4311 = LINE('',#4312,#4313);
#4312 = CARTESIAN_POINT('',(-0.485,-0.25,1.5E-02));
#4313 = VECTOR('',#4314,1.);
#4314 = DIRECTION('',(1.,0.,0.));
#4315 = PLANE('',#4316);
#4316 = AXIS2_PLACEMENT_3D('',#4317,#4318,#4319);
#4317 = CARTESIAN_POINT('',(-0.485,-0.25,1.5E-02));
#4318 = DIRECTION('',(0.,1.,0.));
#4319 = DIRECTION('',(0.,-0.,1.));
#4320 = ADVANCED_FACE('',(#4321),#4339,.T.);
#4321 = FACE_BOUND('',#4322,.T.);
#4322 = EDGE_LOOP('',(#4323,#4324,#4325,#4333));
#4323 = ORIENTED_EDGE('',*,*,#4223,.T.);
#4324 = ORIENTED_EDGE('',*,*,#4168,.T.);
#4325 = ORIENTED_EDGE('',*,*,#4326,.F.);
#4326 = EDGE_CURVE('',#4327,#4169,#4329,.T.);
#4327 = VERTEX_POINT('',#4328);
#4328 = CARTESIAN_POINT('',(0.315,0.25,0.5));
#4329 = LINE('',#4330,#4331);
#4330 = CARTESIAN_POINT('',(0.315,0.25,0.5));
#4331 = VECTOR('',#4332,1.);
#4332 = DIRECTION('',(0.,-1.,0.));
#4333 = ORIENTED_EDGE('',*,*,#4334,.F.);
#4334 = EDGE_CURVE('',#4224,#4327,#4335,.T.);
#4335 = LINE('',#4336,#4337);
#4336 = CARTESIAN_POINT('',(-0.315,0.25,0.5));
#4337 = VECTOR('',#4338,1.);
#4338 = DIRECTION('',(1.,0.,0.));
#4339 = PLANE('',#4340);
#4340 = AXIS2_PLACEMENT_3D('',#4341,#4342,#4343);
#4341 = CARTESIAN_POINT('',(-0.315,0.25,0.5));
#4342 = DIRECTION('',(0.,0.,1.));
#4343 = DIRECTION('',(1.,0.,-0.));
#4344 = ADVANCED_FACE('',(#4345),#4379,.T.);
#4345 = FACE_BOUND('',#4346,.T.);
#4346 = EDGE_LOOP('',(#4347,#4348,#4349,#4357,#4365,#4373));
#4347 = ORIENTED_EDGE('',*,*,#4326,.T.);
#4348 = ORIENTED_EDGE('',*,*,#4176,.T.);
#4349 = ORIENTED_EDGE('',*,*,#4350,.F.);
#4350 = EDGE_CURVE('',#4351,#4177,#4353,.T.);
#4351 = VERTEX_POINT('',#4352);
#4352 = CARTESIAN_POINT('',(0.35,-0.1875,0.185));
#4353 = LINE('',#4354,#4355);
#4354 = CARTESIAN_POINT('',(0.35,0.25,0.185));
#4355 = VECTOR('',#4356,1.);
#4356 = DIRECTION('',(0.,-1.,0.));
#4357 = ORIENTED_EDGE('',*,*,#4358,.T.);
#4358 = EDGE_CURVE('',#4351,#4359,#4361,.T.);
#4359 = VERTEX_POINT('',#4360);
#4360 = CARTESIAN_POINT('',(0.35,0.1875,0.185));
#4361 = LINE('',#4362,#4363);
#4362 = CARTESIAN_POINT('',(0.35,-0.25,0.185));
#4363 = VECTOR('',#4364,1.);
#4364 = DIRECTION('',(0.,1.,0.));
#4365 = ORIENTED_EDGE('',*,*,#4366,.F.);
#4366 = EDGE_CURVE('',#4367,#4359,#4369,.T.);
#4367 = VERTEX_POINT('',#4368);
#4368 = CARTESIAN_POINT('',(0.35,0.25,0.185));
#4369 = LINE('',#4370,#4371);
#4370 = CARTESIAN_POINT('',(0.35,0.25,0.185));
#4371 = VECTOR('',#4372,1.);
#4372 = DIRECTION('',(0.,-1.,0.));
#4373 = ORIENTED_EDGE('',*,*,#4374,.F.);
#4374 = EDGE_CURVE('',#4327,#4367,#4375,.T.);
#4375 = LINE('',#4376,#4377);
#4376 = CARTESIAN_POINT('',(0.315,0.25,0.5));
#4377 = VECTOR('',#4378,1.);
#4378 = DIRECTION('',(0.110431526075,0.,-0.993883734674));
#4379 = PLANE('',#4380);
#4380 = AXIS2_PLACEMENT_3D('',#4381,#4382,#4383);
#4381 = CARTESIAN_POINT('',(0.315,0.25,0.5));
#4382 = DIRECTION('',(0.993883734674,0.,0.110431526075));
#4383 = DIRECTION('',(0.110431526075,0.,-0.993883734674));
#4384 = ADVANCED_FACE('',(#4385),#4410,.T.);
#4385 = FACE_BOUND('',#4386,.T.);
#4386 = EDGE_LOOP('',(#4387,#4395,#4403,#4409));
#4387 = ORIENTED_EDGE('',*,*,#4388,.F.);
#4388 = EDGE_CURVE('',#4389,#4199,#4391,.T.);
#4389 = VERTEX_POINT('',#4390);
#4390 = CARTESIAN_POINT('',(-0.4625,0.25,0.185));
#4391 = LINE('',#4392,#4393);
#4392 = CARTESIAN_POINT('',(-0.485,0.25,0.185));
#4393 = VECTOR('',#4394,1.);
#4394 = DIRECTION('',(1.,0.,0.));
#4395 = ORIENTED_EDGE('',*,*,#4396,.F.);
#4396 = EDGE_CURVE('',#4397,#4389,#4399,.T.);
#4397 = VERTEX_POINT('',#4398);
#4398 = CARTESIAN_POINT('',(-0.4625,0.1875,0.185));
#4399 = LINE('',#4400,#4401);
#4400 = CARTESIAN_POINT('',(-0.4625,3.125E-02,0.185));
#4401 = VECTOR('',#4402,1.);
#4402 = DIRECTION('',(0.,1.,0.));
#4403 = ORIENTED_EDGE('',*,*,#4404,.F.);
#4404 = EDGE_CURVE('',#4201,#4397,#4405,.T.);
#4405 = LINE('',#4406,#4407);
#4406 = CARTESIAN_POINT('',(-0.47375,0.1875,0.185));
#4407 = VECTOR('',#4408,1.);
#4408 = DIRECTION('',(-1.,0.,0.));
#4409 = ORIENTED_EDGE('',*,*,#4198,.F.);
#4410 = PLANE('',#4411);
#4411 = AXIS2_PLACEMENT_3D('',#4412,#4413,#4414);
#4412 = CARTESIAN_POINT('',(-0.485,-0.25,0.185));
#4413 = DIRECTION('',(0.,0.,1.));
#4414 = DIRECTION('',(1.,0.,-0.));
#4415 = ADVANCED_FACE('',(#4416),#4427,.T.);
#4416 = FACE_BOUND('',#4417,.T.);
#4417 = EDGE_LOOP('',(#4418,#4419,#4420,#4421));
#4418 = ORIENTED_EDGE('',*,*,#4231,.T.);
#4419 = ORIENTED_EDGE('',*,*,#4334,.T.);
#4420 = ORIENTED_EDGE('',*,*,#4374,.T.);
#4421 = ORIENTED_EDGE('',*,*,#4422,.T.);
#4422 = EDGE_CURVE('',#4367,#4199,#4423,.T.);
#4423 = LINE('',#4424,#4425);
#4424 = CARTESIAN_POINT('',(0.35,0.25,0.185));
#4425 = VECTOR('',#4426,1.);
#4426 = DIRECTION('',(-1.,0.,0.));
#4427 = PLANE('',#4428);
#4428 = AXIS2_PLACEMENT_3D('',#4429,#4430,#4431);
#4429 = CARTESIAN_POINT('',(0.,0.25,0.336886104513));
#4430 = DIRECTION('',(0.,1.,0.));
#4431 = DIRECTION('',(0.,-0.,1.));
#4432 = ADVANCED_FACE('',(#4433),#4460,.T.);
#4433 = FACE_BOUND('',#4434,.T.);
#4434 = EDGE_LOOP('',(#4435,#4444,#4452,#4459));
#4435 = ORIENTED_EDGE('',*,*,#4436,.F.);
#4436 = EDGE_CURVE('',#4437,#4201,#4439,.T.);
#4437 = VERTEX_POINT('',#4438);
#4438 = CARTESIAN_POINT('',(-0.365,0.1875,0.2));
#4439 = CIRCLE('',#4440,1.5E-02);
#4440 = AXIS2_PLACEMENT_3D('',#4441,#4442,#4443);
#4441 = CARTESIAN_POINT('',(-0.365,0.1875,0.185));
#4442 = DIRECTION('',(-0.,1.,0.));
#4443 = DIRECTION('',(1.,0.,0.));
#4444 = ORIENTED_EDGE('',*,*,#4445,.F.);
#4445 = EDGE_CURVE('',#4446,#4437,#4448,.T.);
#4446 = VERTEX_POINT('',#4447);
#4447 = CARTESIAN_POINT('',(-0.365,-0.1875,0.2));
#4448 = LINE('',#4449,#4450);
#4449 = CARTESIAN_POINT('',(-0.365,-0.25,0.2));
#4450 = VECTOR('',#4451,1.);
#4451 = DIRECTION('',(0.,1.,0.));
#4452 = ORIENTED_EDGE('',*,*,#4453,.T.);
#4453 = EDGE_CURVE('',#4446,#4209,#4454,.T.);
#4454 = CIRCLE('',#4455,1.5E-02);
#4455 = AXIS2_PLACEMENT_3D('',#4456,#4457,#4458);
#4456 = CARTESIAN_POINT('',(-0.365,-0.1875,0.185));
#4457 = DIRECTION('',(-0.,1.,0.));
#4458 = DIRECTION('',(1.,0.,0.));
#4459 = ORIENTED_EDGE('',*,*,#4208,.T.);
#4460 = CYLINDRICAL_SURFACE('',#4461,1.5E-02);
#4461 = AXIS2_PLACEMENT_3D('',#4462,#4463,#4464);
#4462 = CARTESIAN_POINT('',(-0.365,-0.25,0.185));
#4463 = DIRECTION('',(0.,1.,0.));
#4464 = DIRECTION('',(1.,0.,0.));
#4465 = ADVANCED_FACE('',(#4466),#4484,.T.);
#4466 = FACE_BOUND('',#4467,.T.);
#4467 = EDGE_LOOP('',(#4468,#4476,#4477,#4478));
#4468 = ORIENTED_EDGE('',*,*,#4469,.F.);
#4469 = EDGE_CURVE('',#4264,#4470,#4472,.T.);
#4470 = VERTEX_POINT('',#4471);
#4471 = CARTESIAN_POINT('',(-0.4625,-0.1875,0.185));
#4472 = LINE('',#4473,#4474);
#4473 = CARTESIAN_POINT('',(-0.4625,-0.21875,0.185));
#4474 = VECTOR('',#4475,1.);
#4475 = DIRECTION('',(0.,1.,0.));
#4476 = ORIENTED_EDGE('',*,*,#4271,.T.);
#4477 = ORIENTED_EDGE('',*,*,#4216,.F.);
#4478 = ORIENTED_EDGE('',*,*,#4479,.F.);
#4479 = EDGE_CURVE('',#4470,#4209,#4480,.T.);
#4480 = LINE('',#4481,#4482);
#4481 = CARTESIAN_POINT('',(-1.125E-02,-0.1875,0.185));
#4482 = VECTOR('',#4483,1.);
#4483 = DIRECTION('',(1.,0.,0.));
#4484 = PLANE('',#4485);
#4485 = AXIS2_PLACEMENT_3D('',#4486,#4487,#4488);
#4486 = CARTESIAN_POINT('',(-0.485,-0.25,0.185));
#4487 = DIRECTION('',(0.,0.,1.));
#4488 = DIRECTION('',(1.,0.,-0.));
#4489 = ADVANCED_FACE('',(#4490),#4551,.F.);
#4490 = FACE_BOUND('',#4491,.F.);
#4491 = EDGE_LOOP('',(#4492,#4502,#4511,#4519,#4528,#4536,#4542,#4543,
    #4544,#4545));
#4492 = ORIENTED_EDGE('',*,*,#4493,.F.);
#4493 = EDGE_CURVE('',#4494,#4496,#4498,.T.);
#4494 = VERTEX_POINT('',#4495);
#4495 = CARTESIAN_POINT('',(-0.485,-0.25,-1.734723475977E-18));
#4496 = VERTEX_POINT('',#4497);
#4497 = CARTESIAN_POINT('',(-0.4625,-0.25,0.));
#4498 = LINE('',#4499,#4500);
#4499 = CARTESIAN_POINT('',(-0.5,-0.25,0.));
#4500 = VECTOR('',#4501,1.);
#4501 = DIRECTION('',(1.,0.,0.));
#4502 = ORIENTED_EDGE('',*,*,#4503,.F.);
#4503 = EDGE_CURVE('',#4504,#4494,#4506,.T.);
#4504 = VERTEX_POINT('',#4505);
#4505 = CARTESIAN_POINT('',(-0.5,-0.25,1.5E-02));
#4506 = CIRCLE('',#4507,1.5E-02);
#4507 = AXIS2_PLACEMENT_3D('',#4508,#4509,#4510);
#4508 = CARTESIAN_POINT('',(-0.485,-0.25,1.5E-02));
#4509 = DIRECTION('',(0.,-1.,0.));
#4510 = DIRECTION('',(0.,0.,1.));
#4511 = ORIENTED_EDGE('',*,*,#4512,.T.);
#4512 = EDGE_CURVE('',#4504,#4513,#4515,.T.);
#4513 = VERTEX_POINT('',#4514);
#4514 = CARTESIAN_POINT('',(-0.5,-0.25,0.185));
#4515 = LINE('',#4516,#4517);
#4516 = CARTESIAN_POINT('',(-0.5,-0.25,0.));
#4517 = VECTOR('',#4518,1.);
#4518 = DIRECTION('',(0.,0.,1.));
#4519 = ORIENTED_EDGE('',*,*,#4520,.T.);
#4520 = EDGE_CURVE('',#4513,#4521,#4523,.T.);
#4521 = VERTEX_POINT('',#4522);
#4522 = CARTESIAN_POINT('',(-0.485,-0.25,0.2));
#4523 = CIRCLE('',#4524,1.5E-02);
#4524 = AXIS2_PLACEMENT_3D('',#4525,#4526,#4527);
#4525 = CARTESIAN_POINT('',(-0.485,-0.25,0.185));
#4526 = DIRECTION('',(0.,1.,0.));
#4527 = DIRECTION('',(0.,-0.,1.));
#4528 = ORIENTED_EDGE('',*,*,#4529,.T.);
#4529 = EDGE_CURVE('',#4521,#4530,#4532,.T.);
#4530 = VERTEX_POINT('',#4531);
#4531 = CARTESIAN_POINT('',(-0.4625,-0.25,0.2));
#4532 = LINE('',#4533,#4534);
#4533 = CARTESIAN_POINT('',(-0.5,-0.25,0.2));
#4534 = VECTOR('',#4535,1.);
#4535 = DIRECTION('',(1.,0.,0.));
#4536 = ORIENTED_EDGE('',*,*,#4537,.F.);
#4537 = EDGE_CURVE('',#4264,#4530,#4538,.T.);
#4538 = LINE('',#4539,#4540);
#4539 = CARTESIAN_POINT('',(-0.4625,-0.25,0.15));
#4540 = VECTOR('',#4541,1.);
#4541 = DIRECTION('',(0.,0.,1.));
#4542 = ORIENTED_EDGE('',*,*,#4263,.F.);
#4543 = ORIENTED_EDGE('',*,*,#4255,.F.);
#4544 = ORIENTED_EDGE('',*,*,#4245,.T.);
#4545 = ORIENTED_EDGE('',*,*,#4546,.F.);
#4546 = EDGE_CURVE('',#4496,#4248,#4547,.T.);
#4547 = LINE('',#4548,#4549);
#4548 = CARTESIAN_POINT('',(-0.4625,-0.25,0.15));
#4549 = VECTOR('',#4550,1.);
#4550 = DIRECTION('',(0.,0.,1.));
#4551 = PLANE('',#4552);
#4552 = AXIS2_PLACEMENT_3D('',#4553,#4554,#4555);
#4553 = CARTESIAN_POINT('',(-0.5,-0.25,0.));
#4554 = DIRECTION('',(0.,1.,0.));
#4555 = DIRECTION('',(0.,-0.,1.));
#4556 = ADVANCED_FACE('',(#4557,#4646),#4672,.F.);
#4557 = FACE_BOUND('',#4558,.F.);
#4558 = EDGE_LOOP('',(#4559,#4567,#4568,#4576,#4584,#4592,#4600,#4608,
    #4616,#4624,#4632,#4640));
#4559 = ORIENTED_EDGE('',*,*,#4560,.F.);
#4560 = EDGE_CURVE('',#4248,#4561,#4563,.T.);
#4561 = VERTEX_POINT('',#4562);
#4562 = CARTESIAN_POINT('',(-0.4625,-0.1875,1.5E-02));
#4563 = LINE('',#4564,#4565);
#4564 = CARTESIAN_POINT('',(-0.4625,-0.21875,1.5E-02));
#4565 = VECTOR('',#4566,1.);
#4566 = DIRECTION('',(0.,1.,0.));
#4567 = ORIENTED_EDGE('',*,*,#4310,.T.);
#4568 = ORIENTED_EDGE('',*,*,#4569,.F.);
#4569 = EDGE_CURVE('',#4570,#4303,#4572,.T.);
#4570 = VERTEX_POINT('',#4571);
#4571 = CARTESIAN_POINT('',(0.4625,-0.1875,1.5E-02));
#4572 = LINE('',#4573,#4574);
#4573 = CARTESIAN_POINT('',(0.4625,-0.28125,1.5E-02));
#4574 = VECTOR('',#4575,1.);
#4575 = DIRECTION('',(0.,-1.,0.));
#4576 = ORIENTED_EDGE('',*,*,#4577,.F.);
#4577 = EDGE_CURVE('',#4578,#4570,#4580,.T.);
#4578 = VERTEX_POINT('',#4579);
#4579 = CARTESIAN_POINT('',(0.35,-0.1875,1.5E-02));
#4580 = LINE('',#4581,#4582);
#4581 = CARTESIAN_POINT('',(-1.125E-02,-0.1875,1.5E-02));
#4582 = VECTOR('',#4583,1.);
#4583 = DIRECTION('',(1.,0.,0.));
#4584 = ORIENTED_EDGE('',*,*,#4585,.T.);
#4585 = EDGE_CURVE('',#4578,#4586,#4588,.T.);
#4586 = VERTEX_POINT('',#4587);
#4587 = CARTESIAN_POINT('',(0.35,0.1875,1.5E-02));
#4588 = LINE('',#4589,#4590);
#4589 = CARTESIAN_POINT('',(0.35,-0.25,1.5E-02));
#4590 = VECTOR('',#4591,1.);
#4591 = DIRECTION('',(0.,1.,0.));
#4592 = ORIENTED_EDGE('',*,*,#4593,.F.);
#4593 = EDGE_CURVE('',#4594,#4586,#4596,.T.);
#4594 = VERTEX_POINT('',#4595);
#4595 = CARTESIAN_POINT('',(0.4625,0.1875,1.5E-02));
#4596 = LINE('',#4597,#4598);
#4597 = CARTESIAN_POINT('',(-0.47375,0.1875,1.5E-02));
#4598 = VECTOR('',#4599,1.);
#4599 = DIRECTION('',(-1.,0.,0.));
#4600 = ORIENTED_EDGE('',*,*,#4601,.F.);
#4601 = EDGE_CURVE('',#4602,#4594,#4604,.T.);
#4602 = VERTEX_POINT('',#4603);
#4603 = CARTESIAN_POINT('',(0.4625,0.25,1.5E-02));
#4604 = LINE('',#4605,#4606);
#4605 = CARTESIAN_POINT('',(0.4625,-3.125E-02,1.5E-02));
#4606 = VECTOR('',#4607,1.);
#4607 = DIRECTION('',(0.,-1.,0.));
#4608 = ORIENTED_EDGE('',*,*,#4609,.F.);
#4609 = EDGE_CURVE('',#4610,#4602,#4612,.T.);
#4610 = VERTEX_POINT('',#4611);
#4611 = CARTESIAN_POINT('',(-0.4625,0.25,1.5E-02));
#4612 = LINE('',#4613,#4614);
#4613 = CARTESIAN_POINT('',(-0.485,0.25,1.5E-02));
#4614 = VECTOR('',#4615,1.);
#4615 = DIRECTION('',(1.,0.,0.));
#4616 = ORIENTED_EDGE('',*,*,#4617,.F.);
#4617 = EDGE_CURVE('',#4618,#4610,#4620,.T.);
#4618 = VERTEX_POINT('',#4619);
#4619 = CARTESIAN_POINT('',(-0.4625,0.1875,1.5E-02));
#4620 = LINE('',#4621,#4622);
#4621 = CARTESIAN_POINT('',(-0.4625,3.125E-02,1.5E-02));
#4622 = VECTOR('',#4623,1.);
#4623 = DIRECTION('',(0.,1.,0.));
#4624 = ORIENTED_EDGE('',*,*,#4625,.F.);
#4625 = EDGE_CURVE('',#4626,#4618,#4628,.T.);
#4626 = VERTEX_POINT('',#4627);
#4627 = CARTESIAN_POINT('',(-0.35,0.1875,1.5E-02));
#4628 = LINE('',#4629,#4630);
#4629 = CARTESIAN_POINT('',(-0.47375,0.1875,1.5E-02));
#4630 = VECTOR('',#4631,1.);
#4631 = DIRECTION('',(-1.,0.,0.));
#4632 = ORIENTED_EDGE('',*,*,#4633,.F.);
#4633 = EDGE_CURVE('',#4634,#4626,#4636,.T.);
#4634 = VERTEX_POINT('',#4635);
#4635 = CARTESIAN_POINT('',(-0.35,-0.1875,1.5E-02));
#4636 = LINE('',#4637,#4638);
#4637 = CARTESIAN_POINT('',(-0.35,-0.25,1.5E-02));
#4638 = VECTOR('',#4639,1.);
#4639 = DIRECTION('',(0.,1.,0.));
#4640 = ORIENTED_EDGE('',*,*,#4641,.F.);
#4641 = EDGE_CURVE('',#4561,#4634,#4642,.T.);
#4642 = LINE('',#4643,#4644);
#4643 = CARTESIAN_POINT('',(-1.125E-02,-0.1875,1.5E-02));
#4644 = VECTOR('',#4645,1.);
#4645 = DIRECTION('',(1.,0.,0.));
#4646 = FACE_BOUND('',#4647,.F.);
#4647 = EDGE_LOOP('',(#4648,#4658,#4666));
#4648 = ORIENTED_EDGE('',*,*,#4649,.T.);
#4649 = EDGE_CURVE('',#4650,#4652,#4654,.T.);
#4650 = VERTEX_POINT('',#4651);
#4651 = CARTESIAN_POINT('',(0.173205080757,0.2,1.5E-02));
#4652 = VERTEX_POINT('',#4653);
#4653 = CARTESIAN_POINT('',(0.173205080757,-0.2,1.5E-02));
#4654 = LINE('',#4655,#4656);
#4655 = CARTESIAN_POINT('',(0.173205080757,0.2,1.5E-02));
#4656 = VECTOR('',#4657,1.);
#4657 = DIRECTION('',(0.,-1.,0.));
#4658 = ORIENTED_EDGE('',*,*,#4659,.T.);
#4659 = EDGE_CURVE('',#4652,#4660,#4662,.T.);
#4660 = VERTEX_POINT('',#4661);
#4661 = CARTESIAN_POINT('',(-0.173205080757,0.,1.5E-02));
#4662 = LINE('',#4663,#4664);
#4663 = CARTESIAN_POINT('',(0.173205080757,-0.2,1.5E-02));
#4664 = VECTOR('',#4665,1.);
#4665 = DIRECTION('',(-0.866025403784,0.5,0.));
#4666 = ORIENTED_EDGE('',*,*,#4667,.T.);
#4667 = EDGE_CURVE('',#4660,#4650,#4668,.T.);
#4668 = LINE('',#4669,#4670);
#4669 = CARTESIAN_POINT('',(-0.173205080757,0.,1.5E-02));
#4670 = VECTOR('',#4671,1.);
#4671 = DIRECTION('',(0.866025403784,0.5,0.));
#4672 = PLANE('',#4673);
#4673 = AXIS2_PLACEMENT_3D('',#4674,#4675,#4676);
#4674 = CARTESIAN_POINT('',(-0.485,-0.25,1.5E-02));
#4675 = DIRECTION('',(0.,0.,1.));
#4676 = DIRECTION('',(1.,0.,-0.));
#4677 = ADVANCED_FACE('',(#4678),#4739,.F.);
#4678 = FACE_BOUND('',#4679,.F.);
#4679 = EDGE_LOOP('',(#4680,#4690,#4696,#4697,#4698,#4699,#4707,#4715,
    #4724,#4732));
#4680 = ORIENTED_EDGE('',*,*,#4681,.F.);
#4681 = EDGE_CURVE('',#4682,#4684,#4686,.T.);
#4682 = VERTEX_POINT('',#4683);
#4683 = CARTESIAN_POINT('',(0.4625,-0.25,0.));
#4684 = VERTEX_POINT('',#4685);
#4685 = CARTESIAN_POINT('',(0.485,-0.25,-1.734723475977E-18));
#4686 = LINE('',#4687,#4688);
#4687 = CARTESIAN_POINT('',(0.35,-0.25,0.));
#4688 = VECTOR('',#4689,1.);
#4689 = DIRECTION('',(1.,0.,0.));
#4690 = ORIENTED_EDGE('',*,*,#4691,.F.);
#4691 = EDGE_CURVE('',#4303,#4682,#4692,.T.);
#4692 = LINE('',#4693,#4694);
#4693 = CARTESIAN_POINT('',(0.4625,-0.25,0.15));
#4694 = VECTOR('',#4695,1.);
#4695 = DIRECTION('',(0.,0.,-1.));
#4696 = ORIENTED_EDGE('',*,*,#4302,.T.);
#4697 = ORIENTED_EDGE('',*,*,#4294,.T.);
#4698 = ORIENTED_EDGE('',*,*,#4286,.F.);
#4699 = ORIENTED_EDGE('',*,*,#4700,.F.);
#4700 = EDGE_CURVE('',#4701,#4279,#4703,.T.);
#4701 = VERTEX_POINT('',#4702);
#4702 = CARTESIAN_POINT('',(0.4625,-0.25,0.2));
#4703 = LINE('',#4704,#4705);
#4704 = CARTESIAN_POINT('',(0.4625,-0.25,0.15));
#4705 = VECTOR('',#4706,1.);
#4706 = DIRECTION('',(0.,0.,-1.));
#4707 = ORIENTED_EDGE('',*,*,#4708,.T.);
#4708 = EDGE_CURVE('',#4701,#4709,#4711,.T.);
#4709 = VERTEX_POINT('',#4710);
#4710 = CARTESIAN_POINT('',(0.485,-0.25,0.2));
#4711 = LINE('',#4712,#4713);
#4712 = CARTESIAN_POINT('',(0.35,-0.25,0.2));
#4713 = VECTOR('',#4714,1.);
#4714 = DIRECTION('',(1.,0.,0.));
#4715 = ORIENTED_EDGE('',*,*,#4716,.F.);
#4716 = EDGE_CURVE('',#4717,#4709,#4719,.T.);
#4717 = VERTEX_POINT('',#4718);
#4718 = CARTESIAN_POINT('',(0.5,-0.25,0.185));
#4719 = CIRCLE('',#4720,1.5E-02);
#4720 = AXIS2_PLACEMENT_3D('',#4721,#4722,#4723);
#4721 = CARTESIAN_POINT('',(0.485,-0.25,0.185));
#4722 = DIRECTION('',(0.,-1.,0.));
#4723 = DIRECTION('',(0.,0.,1.));
#4724 = ORIENTED_EDGE('',*,*,#4725,.F.);
#4725 = EDGE_CURVE('',#4726,#4717,#4728,.T.);
#4726 = VERTEX_POINT('',#4727);
#4727 = CARTESIAN_POINT('',(0.5,-0.25,1.5E-02));
#4728 = LINE('',#4729,#4730);
#4729 = CARTESIAN_POINT('',(0.5,-0.25,0.));
#4730 = VECTOR('',#4731,1.);
#4731 = DIRECTION('',(0.,0.,1.));
#4732 = ORIENTED_EDGE('',*,*,#4733,.T.);
#4733 = EDGE_CURVE('',#4726,#4684,#4734,.T.);
#4734 = CIRCLE('',#4735,1.5E-02);
#4735 = AXIS2_PLACEMENT_3D('',#4736,#4737,#4738);
#4736 = CARTESIAN_POINT('',(0.485,-0.25,1.5E-02));
#4737 = DIRECTION('',(0.,1.,0.));
#4738 = DIRECTION('',(0.,-0.,1.));
#4739 = PLANE('',#4740);
#4740 = AXIS2_PLACEMENT_3D('',#4741,#4742,#4743);
#4741 = CARTESIAN_POINT('',(0.35,-0.25,0.));
#4742 = DIRECTION('',(0.,1.,0.));
#4743 = DIRECTION('',(0.,-0.,1.));
#4744 = ADVANCED_FACE('',(#4745),#4763,.T.);
#4745 = FACE_BOUND('',#4746,.T.);
#4746 = EDGE_LOOP('',(#4747,#4755,#4756,#4757));
#4747 = ORIENTED_EDGE('',*,*,#4748,.F.);
#4748 = EDGE_CURVE('',#4351,#4749,#4751,.T.);
#4749 = VERTEX_POINT('',#4750);
#4750 = CARTESIAN_POINT('',(0.4625,-0.1875,0.185));
#4751 = LINE('',#4752,#4753);
#4752 = CARTESIAN_POINT('',(-1.125E-02,-0.1875,0.185));
#4753 = VECTOR('',#4754,1.);
#4754 = DIRECTION('',(1.,0.,0.));
#4755 = ORIENTED_EDGE('',*,*,#4350,.T.);
#4756 = ORIENTED_EDGE('',*,*,#4278,.T.);
#4757 = ORIENTED_EDGE('',*,*,#4758,.F.);
#4758 = EDGE_CURVE('',#4749,#4279,#4759,.T.);
#4759 = LINE('',#4760,#4761);
#4760 = CARTESIAN_POINT('',(0.4625,-0.28125,0.185));
#4761 = VECTOR('',#4762,1.);
#4762 = DIRECTION('',(0.,-1.,0.));
#4763 = PLANE('',#4764);
#4764 = AXIS2_PLACEMENT_3D('',#4765,#4766,#4767);
#4765 = CARTESIAN_POINT('',(-0.485,-0.25,0.185));
#4766 = DIRECTION('',(0.,0.,1.));
#4767 = DIRECTION('',(1.,0.,-0.));
#4768 = ADVANCED_FACE('',(#4769),#4794,.T.);
#4769 = FACE_BOUND('',#4770,.T.);
#4770 = EDGE_LOOP('',(#4771,#4779,#4780,#4788));
#4771 = ORIENTED_EDGE('',*,*,#4772,.F.);
#4772 = EDGE_CURVE('',#4367,#4773,#4775,.T.);
#4773 = VERTEX_POINT('',#4774);
#4774 = CARTESIAN_POINT('',(0.4625,0.25,0.185));
#4775 = LINE('',#4776,#4777);
#4776 = CARTESIAN_POINT('',(-0.485,0.25,0.185));
#4777 = VECTOR('',#4778,1.);
#4778 = DIRECTION('',(1.,0.,0.));
#4779 = ORIENTED_EDGE('',*,*,#4366,.T.);
#4780 = ORIENTED_EDGE('',*,*,#4781,.F.);
#4781 = EDGE_CURVE('',#4782,#4359,#4784,.T.);
#4782 = VERTEX_POINT('',#4783);
#4783 = CARTESIAN_POINT('',(0.4625,0.1875,0.185));
#4784 = LINE('',#4785,#4786);
#4785 = CARTESIAN_POINT('',(-0.47375,0.1875,0.185));
#4786 = VECTOR('',#4787,1.);
#4787 = DIRECTION('',(-1.,0.,0.));
#4788 = ORIENTED_EDGE('',*,*,#4789,.F.);
#4789 = EDGE_CURVE('',#4773,#4782,#4790,.T.);
#4790 = LINE('',#4791,#4792);
#4791 = CARTESIAN_POINT('',(0.4625,-3.125E-02,0.185));
#4792 = VECTOR('',#4793,1.);
#4793 = DIRECTION('',(0.,-1.,0.));
#4794 = PLANE('',#4795);
#4795 = AXIS2_PLACEMENT_3D('',#4796,#4797,#4798);
#4796 = CARTESIAN_POINT('',(-0.485,-0.25,0.185));
#4797 = DIRECTION('',(0.,0.,1.));
#4798 = DIRECTION('',(1.,0.,-0.));
#4799 = ADVANCED_FACE('',(#4800),#4827,.T.);
#4800 = FACE_BOUND('',#4801,.T.);
#4801 = EDGE_LOOP('',(#4802,#4803,#4812,#4820));
#4802 = ORIENTED_EDGE('',*,*,#4358,.F.);
#4803 = ORIENTED_EDGE('',*,*,#4804,.T.);
#4804 = EDGE_CURVE('',#4351,#4805,#4807,.T.);
#4805 = VERTEX_POINT('',#4806);
#4806 = CARTESIAN_POINT('',(0.365,-0.1875,0.2));
#4807 = CIRCLE('',#4808,1.5E-02);
#4808 = AXIS2_PLACEMENT_3D('',#4809,#4810,#4811);
#4809 = CARTESIAN_POINT('',(0.365,-0.1875,0.185));
#4810 = DIRECTION('',(0.,1.,-0.));
#4811 = DIRECTION('',(-1.,0.,0.));
#4812 = ORIENTED_EDGE('',*,*,#4813,.T.);
#4813 = EDGE_CURVE('',#4805,#4814,#4816,.T.);
#4814 = VERTEX_POINT('',#4815);
#4815 = CARTESIAN_POINT('',(0.365,0.1875,0.2));
#4816 = LINE('',#4817,#4818);
#4817 = CARTESIAN_POINT('',(0.365,-0.25,0.2));
#4818 = VECTOR('',#4819,1.);
#4819 = DIRECTION('',(0.,1.,0.));
#4820 = ORIENTED_EDGE('',*,*,#4821,.F.);
#4821 = EDGE_CURVE('',#4359,#4814,#4822,.T.);
#4822 = CIRCLE('',#4823,1.5E-02);
#4823 = AXIS2_PLACEMENT_3D('',#4824,#4825,#4826);
#4824 = CARTESIAN_POINT('',(0.365,0.1875,0.185));
#4825 = DIRECTION('',(0.,1.,-0.));
#4826 = DIRECTION('',(-1.,0.,0.));
#4827 = CYLINDRICAL_SURFACE('',#4828,1.5E-02);
#4828 = AXIS2_PLACEMENT_3D('',#4829,#4830,#4831);
#4829 = CARTESIAN_POINT('',(0.365,-0.25,0.185));
#4830 = DIRECTION('',(0.,1.,0.));
#4831 = DIRECTION('',(-1.,0.,0.));
#4832 = ADVANCED_FACE('',(#4833),#4883,.T.);
#4833 = FACE_BOUND('',#4834,.T.);
#4834 = EDGE_LOOP('',(#4835,#4843,#4851,#4857,#4858,#4859,#4860,#4868,
    #4876,#4882));
#4835 = ORIENTED_EDGE('',*,*,#4836,.F.);
#4836 = EDGE_CURVE('',#4837,#4610,#4839,.T.);
#4837 = VERTEX_POINT('',#4838);
#4838 = CARTESIAN_POINT('',(-0.485,0.25,1.5E-02));
#4839 = LINE('',#4840,#4841);
#4840 = CARTESIAN_POINT('',(-0.485,0.25,1.5E-02));
#4841 = VECTOR('',#4842,1.);
#4842 = DIRECTION('',(1.,0.,0.));
#4843 = ORIENTED_EDGE('',*,*,#4844,.T.);
#4844 = EDGE_CURVE('',#4837,#4845,#4847,.T.);
#4845 = VERTEX_POINT('',#4846);
#4846 = CARTESIAN_POINT('',(-0.485,0.25,0.185));
#4847 = LINE('',#4848,#4849);
#4848 = CARTESIAN_POINT('',(-0.485,0.25,1.5E-02));
#4849 = VECTOR('',#4850,1.);
#4850 = DIRECTION('',(0.,0.,1.));
#4851 = ORIENTED_EDGE('',*,*,#4852,.T.);
#4852 = EDGE_CURVE('',#4845,#4389,#4853,.T.);
#4853 = LINE('',#4854,#4855);
#4854 = CARTESIAN_POINT('',(-0.485,0.25,0.185));
#4855 = VECTOR('',#4856,1.);
#4856 = DIRECTION('',(1.,0.,0.));
#4857 = ORIENTED_EDGE('',*,*,#4388,.T.);
#4858 = ORIENTED_EDGE('',*,*,#4422,.F.);
#4859 = ORIENTED_EDGE('',*,*,#4772,.T.);
#4860 = ORIENTED_EDGE('',*,*,#4861,.T.);
#4861 = EDGE_CURVE('',#4773,#4862,#4864,.T.);
#4862 = VERTEX_POINT('',#4863);
#4863 = CARTESIAN_POINT('',(0.485,0.25,0.185));
#4864 = LINE('',#4865,#4866);
#4865 = CARTESIAN_POINT('',(-0.485,0.25,0.185));
#4866 = VECTOR('',#4867,1.);
#4867 = DIRECTION('',(1.,0.,0.));
#4868 = ORIENTED_EDGE('',*,*,#4869,.F.);
#4869 = EDGE_CURVE('',#4870,#4862,#4872,.T.);
#4870 = VERTEX_POINT('',#4871);
#4871 = CARTESIAN_POINT('',(0.485,0.25,1.5E-02));
#4872 = LINE('',#4873,#4874);
#4873 = CARTESIAN_POINT('',(0.485,0.25,1.5E-02));
#4874 = VECTOR('',#4875,1.);
#4875 = DIRECTION('',(0.,0.,1.));
#4876 = ORIENTED_EDGE('',*,*,#4877,.F.);
#4877 = EDGE_CURVE('',#4602,#4870,#4878,.T.);
#4878 = LINE('',#4879,#4880);
#4879 = CARTESIAN_POINT('',(-0.485,0.25,1.5E-02));
#4880 = VECTOR('',#4881,1.);
#4881 = DIRECTION('',(1.,0.,0.));
#4882 = ORIENTED_EDGE('',*,*,#4609,.F.);
#4883 = PLANE('',#4884);
#4884 = AXIS2_PLACEMENT_3D('',#4885,#4886,#4887);
#4885 = CARTESIAN_POINT('',(-0.485,0.25,1.5E-02));
#4886 = DIRECTION('',(0.,1.,0.));
#4887 = DIRECTION('',(0.,-0.,1.));
#4888 = ADVANCED_FACE('',(#4889),#4907,.F.);
#4889 = FACE_BOUND('',#4890,.F.);
#4890 = EDGE_LOOP('',(#4891,#4899,#4905,#4906));
#4891 = ORIENTED_EDGE('',*,*,#4892,.F.);
#4892 = EDGE_CURVE('',#4893,#4437,#4895,.T.);
#4893 = VERTEX_POINT('',#4894);
#4894 = CARTESIAN_POINT('',(-0.4625,0.1875,0.2));
#4895 = LINE('',#4896,#4897);
#4896 = CARTESIAN_POINT('',(-0.48125,0.1875,0.2));
#4897 = VECTOR('',#4898,1.);
#4898 = DIRECTION('',(1.,0.,0.));
#4899 = ORIENTED_EDGE('',*,*,#4900,.T.);
#4900 = EDGE_CURVE('',#4893,#4397,#4901,.T.);
#4901 = LINE('',#4902,#4903);
#4902 = CARTESIAN_POINT('',(-0.4625,0.1875,0.3));
#4903 = VECTOR('',#4904,1.);
#4904 = DIRECTION('',(-0.,-0.,-1.));
#4905 = ORIENTED_EDGE('',*,*,#4404,.F.);
#4906 = ORIENTED_EDGE('',*,*,#4436,.F.);
#4907 = PLANE('',#4908);
#4908 = AXIS2_PLACEMENT_3D('',#4909,#4910,#4911);
#4909 = CARTESIAN_POINT('',(-0.4625,0.1875,0.3));
#4910 = DIRECTION('',(0.,-1.,0.));
#4911 = DIRECTION('',(1.,0.,0.));
#4912 = ADVANCED_FACE('',(#4913),#4931,.F.);
#4913 = FACE_BOUND('',#4914,.F.);
#4914 = EDGE_LOOP('',(#4915,#4916,#4924,#4930));
#4915 = ORIENTED_EDGE('',*,*,#4900,.F.);
#4916 = ORIENTED_EDGE('',*,*,#4917,.F.);
#4917 = EDGE_CURVE('',#4918,#4893,#4920,.T.);
#4918 = VERTEX_POINT('',#4919);
#4919 = CARTESIAN_POINT('',(-0.4625,0.25,0.2));
#4920 = LINE('',#4921,#4922);
#4921 = CARTESIAN_POINT('',(-0.4625,3.125E-02,0.2));
#4922 = VECTOR('',#4923,1.);
#4923 = DIRECTION('',(0.,-1.,0.));
#4924 = ORIENTED_EDGE('',*,*,#4925,.F.);
#4925 = EDGE_CURVE('',#4389,#4918,#4926,.T.);
#4926 = LINE('',#4927,#4928);
#4927 = CARTESIAN_POINT('',(-0.4625,0.25,0.15));
#4928 = VECTOR('',#4929,1.);
#4929 = DIRECTION('',(0.,0.,1.));
#4930 = ORIENTED_EDGE('',*,*,#4396,.F.);
#4931 = PLANE('',#4932);
#4932 = AXIS2_PLACEMENT_3D('',#4933,#4934,#4935);
#4933 = CARTESIAN_POINT('',(-0.4625,0.3125,0.3));
#4934 = DIRECTION('',(-1.,0.,0.));
#4935 = DIRECTION('',(0.,-1.,0.));
#4936 = ADVANCED_FACE('',(#4937),#4955,.F.);
#4937 = FACE_BOUND('',#4938,.F.);
#4938 = EDGE_LOOP('',(#4939,#4947,#4953,#4954));
#4939 = ORIENTED_EDGE('',*,*,#4940,.F.);
#4940 = EDGE_CURVE('',#4941,#4470,#4943,.T.);
#4941 = VERTEX_POINT('',#4942);
#4942 = CARTESIAN_POINT('',(-0.4625,-0.1875,0.2));
#4943 = LINE('',#4944,#4945);
#4944 = CARTESIAN_POINT('',(-0.4625,-0.1875,0.3));
#4945 = VECTOR('',#4946,1.);
#4946 = DIRECTION('',(-0.,-0.,-1.));
#4947 = ORIENTED_EDGE('',*,*,#4948,.F.);
#4948 = EDGE_CURVE('',#4446,#4941,#4949,.T.);
#4949 = LINE('',#4950,#4951);
#4950 = CARTESIAN_POINT('',(-1.875E-02,-0.1875,0.2));
#4951 = VECTOR('',#4952,1.);
#4952 = DIRECTION('',(-1.,0.,0.));
#4953 = ORIENTED_EDGE('',*,*,#4453,.T.);
#4954 = ORIENTED_EDGE('',*,*,#4479,.F.);
#4955 = PLANE('',#4956);
#4956 = AXIS2_PLACEMENT_3D('',#4957,#4958,#4959);
#4957 = CARTESIAN_POINT('',(0.4625,-0.1875,0.3));
#4958 = DIRECTION('',(0.,1.,0.));
#4959 = DIRECTION('',(-1.,0.,0.));
#4960 = ADVANCED_FACE('',(#4961),#4988,.T.);
#4961 = FACE_BOUND('',#4962,.T.);
#4962 = EDGE_LOOP('',(#4963,#4971,#4977,#4978,#4984,#4985,#4986,#4987));
#4963 = ORIENTED_EDGE('',*,*,#4964,.F.);
#4964 = EDGE_CURVE('',#4965,#4918,#4967,.T.);
#4965 = VERTEX_POINT('',#4966);
#4966 = CARTESIAN_POINT('',(-0.485,0.25,0.2));
#4967 = LINE('',#4968,#4969);
#4968 = CARTESIAN_POINT('',(-0.5,0.25,0.2));
#4969 = VECTOR('',#4970,1.);
#4970 = DIRECTION('',(1.,0.,0.));
#4971 = ORIENTED_EDGE('',*,*,#4972,.F.);
#4972 = EDGE_CURVE('',#4521,#4965,#4973,.T.);
#4973 = LINE('',#4974,#4975);
#4974 = CARTESIAN_POINT('',(-0.485,-0.25,0.2));
#4975 = VECTOR('',#4976,1.);
#4976 = DIRECTION('',(0.,1.,0.));
#4977 = ORIENTED_EDGE('',*,*,#4529,.T.);
#4978 = ORIENTED_EDGE('',*,*,#4979,.F.);
#4979 = EDGE_CURVE('',#4941,#4530,#4980,.T.);
#4980 = LINE('',#4981,#4982);
#4981 = CARTESIAN_POINT('',(-0.4625,-0.21875,0.2));
#4982 = VECTOR('',#4983,1.);
#4983 = DIRECTION('',(0.,-1.,0.));
#4984 = ORIENTED_EDGE('',*,*,#4948,.F.);
#4985 = ORIENTED_EDGE('',*,*,#4445,.T.);
#4986 = ORIENTED_EDGE('',*,*,#4892,.F.);
#4987 = ORIENTED_EDGE('',*,*,#4917,.F.);
#4988 = PLANE('',#4989);
#4989 = AXIS2_PLACEMENT_3D('',#4990,#4991,#4992);
#4990 = CARTESIAN_POINT('',(-0.5,-0.25,0.2));
#4991 = DIRECTION('',(0.,0.,1.));
#4992 = DIRECTION('',(1.,0.,-0.));
#4993 = ADVANCED_FACE('',(#4994),#5000,.F.);
#4994 = FACE_BOUND('',#4995,.F.);
#4995 = EDGE_LOOP('',(#4996,#4997,#4998,#4999));
#4996 = ORIENTED_EDGE('',*,*,#4979,.F.);
#4997 = ORIENTED_EDGE('',*,*,#4940,.T.);
#4998 = ORIENTED_EDGE('',*,*,#4469,.F.);
#4999 = ORIENTED_EDGE('',*,*,#4537,.T.);
#5000 = PLANE('',#5001);
#5001 = AXIS2_PLACEMENT_3D('',#5002,#5003,#5004);
#5002 = CARTESIAN_POINT('',(-0.4625,-0.1875,0.3));
#5003 = DIRECTION('',(-1.,0.,0.));
#5004 = DIRECTION('',(0.,-1.,0.));
#5005 = ADVANCED_FACE('',(#5006),#5063,.F.);
#5006 = FACE_BOUND('',#5007,.F.);
#5007 = EDGE_LOOP('',(#5008,#5018,#5024,#5025,#5033,#5041,#5049,#5057));
#5008 = ORIENTED_EDGE('',*,*,#5009,.F.);
#5009 = EDGE_CURVE('',#5010,#5012,#5014,.T.);
#5010 = VERTEX_POINT('',#5011);
#5011 = CARTESIAN_POINT('',(-0.485,0.25,-1.734723475977E-18));
#5012 = VERTEX_POINT('',#5013);
#5013 = CARTESIAN_POINT('',(-0.4625,0.25,0.));
#5014 = LINE('',#5015,#5016);
#5015 = CARTESIAN_POINT('',(-0.5,0.25,0.));
#5016 = VECTOR('',#5017,1.);
#5017 = DIRECTION('',(1.,0.,0.));
#5018 = ORIENTED_EDGE('',*,*,#5019,.F.);
#5019 = EDGE_CURVE('',#4494,#5010,#5020,.T.);
#5020 = LINE('',#5021,#5022);
#5021 = CARTESIAN_POINT('',(-0.485,-0.25,-1.734723475977E-18));
#5022 = VECTOR('',#5023,1.);
#5023 = DIRECTION('',(0.,1.,0.));
#5024 = ORIENTED_EDGE('',*,*,#4493,.T.);
#5025 = ORIENTED_EDGE('',*,*,#5026,.F.);
#5026 = EDGE_CURVE('',#5027,#4496,#5029,.T.);
#5027 = VERTEX_POINT('',#5028);
#5028 = CARTESIAN_POINT('',(-0.4625,-0.1875,0.));
#5029 = LINE('',#5030,#5031);
#5030 = CARTESIAN_POINT('',(-0.4625,-0.21875,0.));
#5031 = VECTOR('',#5032,1.);
#5032 = DIRECTION('',(0.,-1.,0.));
#5033 = ORIENTED_EDGE('',*,*,#5034,.F.);
#5034 = EDGE_CURVE('',#5035,#5027,#5037,.T.);
#5035 = VERTEX_POINT('',#5036);
#5036 = CARTESIAN_POINT('',(-0.365,-0.1875,-1.734723475977E-18));
#5037 = LINE('',#5038,#5039);
#5038 = CARTESIAN_POINT('',(-1.875E-02,-0.1875,0.));
#5039 = VECTOR('',#5040,1.);
#5040 = DIRECTION('',(-1.,0.,0.));
#5041 = ORIENTED_EDGE('',*,*,#5042,.T.);
#5042 = EDGE_CURVE('',#5035,#5043,#5045,.T.);
#5043 = VERTEX_POINT('',#5044);
#5044 = CARTESIAN_POINT('',(-0.365,0.1875,-1.734723475977E-18));
#5045 = LINE('',#5046,#5047);
#5046 = CARTESIAN_POINT('',(-0.365,-0.25,-1.734723475977E-18));
#5047 = VECTOR('',#5048,1.);
#5048 = DIRECTION('',(0.,1.,0.));
#5049 = ORIENTED_EDGE('',*,*,#5050,.F.);
#5050 = EDGE_CURVE('',#5051,#5043,#5053,.T.);
#5051 = VERTEX_POINT('',#5052);
#5052 = CARTESIAN_POINT('',(-0.4625,0.1875,0.));
#5053 = LINE('',#5054,#5055);
#5054 = CARTESIAN_POINT('',(-0.48125,0.1875,0.));
#5055 = VECTOR('',#5056,1.);
#5056 = DIRECTION('',(1.,0.,0.));
#5057 = ORIENTED_EDGE('',*,*,#5058,.F.);
#5058 = EDGE_CURVE('',#5012,#5051,#5059,.T.);
#5059 = LINE('',#5060,#5061);
#5060 = CARTESIAN_POINT('',(-0.4625,3.125E-02,0.));
#5061 = VECTOR('',#5062,1.);
#5062 = DIRECTION('',(0.,-1.,0.));
#5063 = PLANE('',#5064);
#5064 = AXIS2_PLACEMENT_3D('',#5065,#5066,#5067);
#5065 = CARTESIAN_POINT('',(-0.5,-0.25,0.));
#5066 = DIRECTION('',(0.,0.,1.));
#5067 = DIRECTION('',(1.,0.,-0.));
#5068 = ADVANCED_FACE('',(#5069),#5088,.T.);
#5069 = FACE_BOUND('',#5070,.T.);
#5070 = EDGE_LOOP('',(#5071,#5079,#5086,#5087));
#5071 = ORIENTED_EDGE('',*,*,#5072,.T.);
#5072 = EDGE_CURVE('',#4504,#5073,#5075,.T.);
#5073 = VERTEX_POINT('',#5074);
#5074 = CARTESIAN_POINT('',(-0.5,0.25,1.5E-02));
#5075 = LINE('',#5076,#5077);
#5076 = CARTESIAN_POINT('',(-0.5,-0.25,1.5E-02));
#5077 = VECTOR('',#5078,1.);
#5078 = DIRECTION('',(0.,1.,0.));
#5079 = ORIENTED_EDGE('',*,*,#5080,.T.);
#5080 = EDGE_CURVE('',#5073,#5010,#5081,.T.);
#5081 = CIRCLE('',#5082,1.5E-02);
#5082 = AXIS2_PLACEMENT_3D('',#5083,#5084,#5085);
#5083 = CARTESIAN_POINT('',(-0.485,0.25,1.5E-02));
#5084 = DIRECTION('',(0.,-1.,0.));
#5085 = DIRECTION('',(0.,0.,1.));
#5086 = ORIENTED_EDGE('',*,*,#5019,.F.);
#5087 = ORIENTED_EDGE('',*,*,#4503,.F.);
#5088 = CYLINDRICAL_SURFACE('',#5089,1.5E-02);
#5089 = AXIS2_PLACEMENT_3D('',#5090,#5091,#5092);
#5090 = CARTESIAN_POINT('',(-0.485,-0.25,1.5E-02));
#5091 = DIRECTION('',(0.,1.,0.));
#5092 = DIRECTION('',(-1.,0.,0.));
#5093 = ADVANCED_FACE('',(#5094),#5105,.F.);
#5094 = FACE_BOUND('',#5095,.F.);
#5095 = EDGE_LOOP('',(#5096,#5097,#5103,#5104));
#5096 = ORIENTED_EDGE('',*,*,#4560,.T.);
#5097 = ORIENTED_EDGE('',*,*,#5098,.T.);
#5098 = EDGE_CURVE('',#4561,#5027,#5099,.T.);
#5099 = LINE('',#5100,#5101);
#5100 = CARTESIAN_POINT('',(-0.4625,-0.1875,0.3));
#5101 = VECTOR('',#5102,1.);
#5102 = DIRECTION('',(-0.,-0.,-1.));
#5103 = ORIENTED_EDGE('',*,*,#5026,.T.);
#5104 = ORIENTED_EDGE('',*,*,#4546,.T.);
#5105 = PLANE('',#5106);
#5106 = AXIS2_PLACEMENT_3D('',#5107,#5108,#5109);
#5107 = CARTESIAN_POINT('',(-0.4625,-0.1875,0.3));
#5108 = DIRECTION('',(-1.,0.,0.));
#5109 = DIRECTION('',(0.,-1.,0.));
#5110 = ADVANCED_FACE('',(#5111),#5129,.F.);
#5111 = FACE_BOUND('',#5112,.F.);
#5112 = EDGE_LOOP('',(#5113,#5114,#5115,#5123));
#5113 = ORIENTED_EDGE('',*,*,#4512,.F.);
#5114 = ORIENTED_EDGE('',*,*,#5072,.T.);
#5115 = ORIENTED_EDGE('',*,*,#5116,.T.);
#5116 = EDGE_CURVE('',#5073,#5117,#5119,.T.);
#5117 = VERTEX_POINT('',#5118);
#5118 = CARTESIAN_POINT('',(-0.5,0.25,0.185));
#5119 = LINE('',#5120,#5121);
#5120 = CARTESIAN_POINT('',(-0.5,0.25,0.));
#5121 = VECTOR('',#5122,1.);
#5122 = DIRECTION('',(0.,0.,1.));
#5123 = ORIENTED_EDGE('',*,*,#5124,.F.);
#5124 = EDGE_CURVE('',#4513,#5117,#5125,.T.);
#5125 = LINE('',#5126,#5127);
#5126 = CARTESIAN_POINT('',(-0.5,-0.25,0.185));
#5127 = VECTOR('',#5128,1.);
#5128 = DIRECTION('',(0.,1.,0.));
#5129 = PLANE('',#5130);
#5130 = AXIS2_PLACEMENT_3D('',#5131,#5132,#5133);
#5131 = CARTESIAN_POINT('',(-0.5,-0.25,0.));
#5132 = DIRECTION('',(1.,0.,0.));
#5133 = DIRECTION('',(0.,0.,1.));
#5134 = ADVANCED_FACE('',(#5135),#5147,.T.);
#5135 = FACE_BOUND('',#5136,.T.);
#5136 = EDGE_LOOP('',(#5137,#5138,#5139,#5146));
#5137 = ORIENTED_EDGE('',*,*,#4520,.T.);
#5138 = ORIENTED_EDGE('',*,*,#4972,.T.);
#5139 = ORIENTED_EDGE('',*,*,#5140,.F.);
#5140 = EDGE_CURVE('',#5117,#4965,#5141,.T.);
#5141 = CIRCLE('',#5142,1.5E-02);
#5142 = AXIS2_PLACEMENT_3D('',#5143,#5144,#5145);
#5143 = CARTESIAN_POINT('',(-0.485,0.25,0.185));
#5144 = DIRECTION('',(0.,1.,0.));
#5145 = DIRECTION('',(0.,-0.,1.));
#5146 = ORIENTED_EDGE('',*,*,#5124,.F.);
#5147 = CYLINDRICAL_SURFACE('',#5148,1.5E-02);
#5148 = AXIS2_PLACEMENT_3D('',#5149,#5150,#5151);
#5149 = CARTESIAN_POINT('',(-0.485,-0.25,0.185));
#5150 = DIRECTION('',(0.,1.,0.));
#5151 = DIRECTION('',(-1.,0.,0.));
#5152 = ADVANCED_FACE('',(#5153),#5165,.F.);
#5153 = FACE_BOUND('',#5154,.F.);
#5154 = EDGE_LOOP('',(#5155,#5156,#5157,#5164));
#5155 = ORIENTED_EDGE('',*,*,#5098,.F.);
#5156 = ORIENTED_EDGE('',*,*,#4641,.T.);
#5157 = ORIENTED_EDGE('',*,*,#5158,.T.);
#5158 = EDGE_CURVE('',#4634,#5035,#5159,.T.);
#5159 = CIRCLE('',#5160,1.5E-02);
#5160 = AXIS2_PLACEMENT_3D('',#5161,#5162,#5163);
#5161 = CARTESIAN_POINT('',(-0.365,-0.1875,1.5E-02));
#5162 = DIRECTION('',(-0.,1.,0.));
#5163 = DIRECTION('',(1.,0.,0.));
#5164 = ORIENTED_EDGE('',*,*,#5034,.T.);
#5165 = PLANE('',#5166);
#5166 = AXIS2_PLACEMENT_3D('',#5167,#5168,#5169);
#5167 = CARTESIAN_POINT('',(0.4625,-0.1875,0.3));
#5168 = DIRECTION('',(0.,1.,0.));
#5169 = DIRECTION('',(-1.,0.,0.));
#5170 = ADVANCED_FACE('',(#5171),#5183,.T.);
#5171 = FACE_BOUND('',#5172,.T.);
#5172 = EDGE_LOOP('',(#5173,#5174,#5175,#5176));
#5173 = ORIENTED_EDGE('',*,*,#4633,.F.);
#5174 = ORIENTED_EDGE('',*,*,#5158,.T.);
#5175 = ORIENTED_EDGE('',*,*,#5042,.T.);
#5176 = ORIENTED_EDGE('',*,*,#5177,.F.);
#5177 = EDGE_CURVE('',#4626,#5043,#5178,.T.);
#5178 = CIRCLE('',#5179,1.5E-02);
#5179 = AXIS2_PLACEMENT_3D('',#5180,#5181,#5182);
#5180 = CARTESIAN_POINT('',(-0.365,0.1875,1.5E-02));
#5181 = DIRECTION('',(-0.,1.,0.));
#5182 = DIRECTION('',(1.,0.,0.));
#5183 = CYLINDRICAL_SURFACE('',#5184,1.5E-02);
#5184 = AXIS2_PLACEMENT_3D('',#5185,#5186,#5187);
#5185 = CARTESIAN_POINT('',(-0.365,-0.25,1.5E-02));
#5186 = DIRECTION('',(0.,1.,0.));
#5187 = DIRECTION('',(1.,0.,0.));
#5188 = ADVANCED_FACE('',(#5189),#5200,.F.);
#5189 = FACE_BOUND('',#5190,.F.);
#5190 = EDGE_LOOP('',(#5191,#5192,#5198,#5199));
#5191 = ORIENTED_EDGE('',*,*,#4625,.T.);
#5192 = ORIENTED_EDGE('',*,*,#5193,.T.);
#5193 = EDGE_CURVE('',#4618,#5051,#5194,.T.);
#5194 = LINE('',#5195,#5196);
#5195 = CARTESIAN_POINT('',(-0.4625,0.1875,0.3));
#5196 = VECTOR('',#5197,1.);
#5197 = DIRECTION('',(-0.,-0.,-1.));
#5198 = ORIENTED_EDGE('',*,*,#5050,.T.);
#5199 = ORIENTED_EDGE('',*,*,#5177,.F.);
#5200 = PLANE('',#5201);
#5201 = AXIS2_PLACEMENT_3D('',#5202,#5203,#5204);
#5202 = CARTESIAN_POINT('',(-0.4625,0.1875,0.3));
#5203 = DIRECTION('',(0.,-1.,0.));
#5204 = DIRECTION('',(1.,0.,0.));
#5205 = ADVANCED_FACE('',(#5206),#5217,.F.);
#5206 = FACE_BOUND('',#5207,.F.);
#5207 = EDGE_LOOP('',(#5208,#5209,#5210,#5216));
#5208 = ORIENTED_EDGE('',*,*,#5193,.F.);
#5209 = ORIENTED_EDGE('',*,*,#4617,.T.);
#5210 = ORIENTED_EDGE('',*,*,#5211,.F.);
#5211 = EDGE_CURVE('',#5012,#4610,#5212,.T.);
#5212 = LINE('',#5213,#5214);
#5213 = CARTESIAN_POINT('',(-0.4625,0.25,0.15));
#5214 = VECTOR('',#5215,1.);
#5215 = DIRECTION('',(0.,0.,1.));
#5216 = ORIENTED_EDGE('',*,*,#5058,.T.);
#5217 = PLANE('',#5218);
#5218 = AXIS2_PLACEMENT_3D('',#5219,#5220,#5221);
#5219 = CARTESIAN_POINT('',(-0.4625,0.3125,0.3));
#5220 = DIRECTION('',(-1.,0.,0.));
#5221 = DIRECTION('',(0.,-1.,0.));
#5222 = ADVANCED_FACE('',(#5223),#5248,.F.);
#5223 = FACE_BOUND('',#5224,.F.);
#5224 = EDGE_LOOP('',(#5225,#5226,#5234,#5242));
#5225 = ORIENTED_EDGE('',*,*,#4601,.T.);
#5226 = ORIENTED_EDGE('',*,*,#5227,.T.);
#5227 = EDGE_CURVE('',#4594,#5228,#5230,.T.);
#5228 = VERTEX_POINT('',#5229);
#5229 = CARTESIAN_POINT('',(0.4625,0.1875,0.));
#5230 = LINE('',#5231,#5232);
#5231 = CARTESIAN_POINT('',(0.4625,0.1875,0.3));
#5232 = VECTOR('',#5233,1.);
#5233 = DIRECTION('',(-0.,-0.,-1.));
#5234 = ORIENTED_EDGE('',*,*,#5235,.T.);
#5235 = EDGE_CURVE('',#5228,#5236,#5238,.T.);
#5236 = VERTEX_POINT('',#5237);
#5237 = CARTESIAN_POINT('',(0.4625,0.25,0.));
#5238 = LINE('',#5239,#5240);
#5239 = CARTESIAN_POINT('',(0.4625,-3.125E-02,0.));
#5240 = VECTOR('',#5241,1.);
#5241 = DIRECTION('',(0.,1.,0.));
#5242 = ORIENTED_EDGE('',*,*,#5243,.F.);
#5243 = EDGE_CURVE('',#4602,#5236,#5244,.T.);
#5244 = LINE('',#5245,#5246);
#5245 = CARTESIAN_POINT('',(0.4625,0.25,0.15));
#5246 = VECTOR('',#5247,1.);
#5247 = DIRECTION('',(0.,0.,-1.));
#5248 = PLANE('',#5249);
#5249 = AXIS2_PLACEMENT_3D('',#5250,#5251,#5252);
#5250 = CARTESIAN_POINT('',(0.4625,0.1875,0.3));
#5251 = DIRECTION('',(1.,0.,0.));
#5252 = DIRECTION('',(-0.,1.,0.));
#5253 = ADVANCED_FACE('',(#5254),#5273,.F.);
#5254 = FACE_BOUND('',#5255,.F.);
#5255 = EDGE_LOOP('',(#5256,#5257,#5258,#5267));
#5256 = ORIENTED_EDGE('',*,*,#5227,.F.);
#5257 = ORIENTED_EDGE('',*,*,#4593,.T.);
#5258 = ORIENTED_EDGE('',*,*,#5259,.F.);
#5259 = EDGE_CURVE('',#5260,#4586,#5262,.T.);
#5260 = VERTEX_POINT('',#5261);
#5261 = CARTESIAN_POINT('',(0.365,0.1875,-1.734723475977E-18));
#5262 = CIRCLE('',#5263,1.5E-02);
#5263 = AXIS2_PLACEMENT_3D('',#5264,#5265,#5266);
#5264 = CARTESIAN_POINT('',(0.365,0.1875,1.5E-02));
#5265 = DIRECTION('',(0.,1.,-0.));
#5266 = DIRECTION('',(-1.,0.,0.));
#5267 = ORIENTED_EDGE('',*,*,#5268,.T.);
#5268 = EDGE_CURVE('',#5260,#5228,#5269,.T.);
#5269 = LINE('',#5270,#5271);
#5270 = CARTESIAN_POINT('',(-5.625E-02,0.1875,0.));
#5271 = VECTOR('',#5272,1.);
#5272 = DIRECTION('',(1.,0.,0.));
#5273 = PLANE('',#5274);
#5274 = AXIS2_PLACEMENT_3D('',#5275,#5276,#5277);
#5275 = CARTESIAN_POINT('',(-0.4625,0.1875,0.3));
#5276 = DIRECTION('',(0.,-1.,0.));
#5277 = DIRECTION('',(1.,0.,0.));
#5278 = ADVANCED_FACE('',(#5279),#5298,.T.);
#5279 = FACE_BOUND('',#5280,.T.);
#5280 = EDGE_LOOP('',(#5281,#5282,#5290,#5297));
#5281 = ORIENTED_EDGE('',*,*,#5259,.F.);
#5282 = ORIENTED_EDGE('',*,*,#5283,.F.);
#5283 = EDGE_CURVE('',#5284,#5260,#5286,.T.);
#5284 = VERTEX_POINT('',#5285);
#5285 = CARTESIAN_POINT('',(0.365,-0.1875,-1.734723475977E-18));
#5286 = LINE('',#5287,#5288);
#5287 = CARTESIAN_POINT('',(0.365,-0.25,-1.734723475977E-18));
#5288 = VECTOR('',#5289,1.);
#5289 = DIRECTION('',(0.,1.,0.));
#5290 = ORIENTED_EDGE('',*,*,#5291,.T.);
#5291 = EDGE_CURVE('',#5284,#4578,#5292,.T.);
#5292 = CIRCLE('',#5293,1.5E-02);
#5293 = AXIS2_PLACEMENT_3D('',#5294,#5295,#5296);
#5294 = CARTESIAN_POINT('',(0.365,-0.1875,1.5E-02));
#5295 = DIRECTION('',(0.,1.,-0.));
#5296 = DIRECTION('',(-1.,0.,0.));
#5297 = ORIENTED_EDGE('',*,*,#4585,.T.);
#5298 = CYLINDRICAL_SURFACE('',#5299,1.5E-02);
#5299 = AXIS2_PLACEMENT_3D('',#5300,#5301,#5302);
#5300 = CARTESIAN_POINT('',(0.365,-0.25,1.5E-02));
#5301 = DIRECTION('',(0.,1.,0.));
#5302 = DIRECTION('',(-1.,0.,0.));
#5303 = ADVANCED_FACE('',(#5304),#5322,.F.);
#5304 = FACE_BOUND('',#5305,.F.);
#5305 = EDGE_LOOP('',(#5306,#5307,#5315,#5321));
#5306 = ORIENTED_EDGE('',*,*,#4577,.T.);
#5307 = ORIENTED_EDGE('',*,*,#5308,.T.);
#5308 = EDGE_CURVE('',#4570,#5309,#5311,.T.);
#5309 = VERTEX_POINT('',#5310);
#5310 = CARTESIAN_POINT('',(0.4625,-0.1875,0.));
#5311 = LINE('',#5312,#5313);
#5312 = CARTESIAN_POINT('',(0.4625,-0.1875,0.3));
#5313 = VECTOR('',#5314,1.);
#5314 = DIRECTION('',(-0.,-0.,-1.));
#5315 = ORIENTED_EDGE('',*,*,#5316,.T.);
#5316 = EDGE_CURVE('',#5309,#5284,#5317,.T.);
#5317 = LINE('',#5318,#5319);
#5318 = CARTESIAN_POINT('',(0.40625,-0.1875,0.));
#5319 = VECTOR('',#5320,1.);
#5320 = DIRECTION('',(-1.,0.,0.));
#5321 = ORIENTED_EDGE('',*,*,#5291,.T.);
#5322 = PLANE('',#5323);
#5323 = AXIS2_PLACEMENT_3D('',#5324,#5325,#5326);
#5324 = CARTESIAN_POINT('',(0.4625,-0.1875,0.3));
#5325 = DIRECTION('',(0.,1.,0.));
#5326 = DIRECTION('',(-1.,0.,0.));
#5327 = ADVANCED_FACE('',(#5328),#5339,.F.);
#5328 = FACE_BOUND('',#5329,.F.);
#5329 = EDGE_LOOP('',(#5330,#5331,#5332,#5333));
#5330 = ORIENTED_EDGE('',*,*,#5308,.F.);
#5331 = ORIENTED_EDGE('',*,*,#4569,.T.);
#5332 = ORIENTED_EDGE('',*,*,#4691,.T.);
#5333 = ORIENTED_EDGE('',*,*,#5334,.T.);
#5334 = EDGE_CURVE('',#4682,#5309,#5335,.T.);
#5335 = LINE('',#5336,#5337);
#5336 = CARTESIAN_POINT('',(0.4625,-0.28125,0.));
#5337 = VECTOR('',#5338,1.);
#5338 = DIRECTION('',(0.,1.,0.));
#5339 = PLANE('',#5340);
#5340 = AXIS2_PLACEMENT_3D('',#5341,#5342,#5343);
#5341 = CARTESIAN_POINT('',(0.4625,-0.3125,0.3));
#5342 = DIRECTION('',(1.,0.,0.));
#5343 = DIRECTION('',(-0.,1.,0.));
#5344 = ADVANCED_FACE('',(#5345),#5370,.T.);
#5345 = FACE_BOUND('',#5346,.T.);
#5346 = EDGE_LOOP('',(#5347,#5355,#5356,#5364));
#5347 = ORIENTED_EDGE('',*,*,#5348,.T.);
#5348 = EDGE_CURVE('',#5349,#4650,#5351,.T.);
#5349 = VERTEX_POINT('',#5350);
#5350 = CARTESIAN_POINT('',(0.173205080757,0.2,7.5E-03));
#5351 = LINE('',#5352,#5353);
#5352 = CARTESIAN_POINT('',(0.173205080757,0.2,7.5E-03));
#5353 = VECTOR('',#5354,1.);
#5354 = DIRECTION('',(0.,0.,1.));
#5355 = ORIENTED_EDGE('',*,*,#4649,.T.);
#5356 = ORIENTED_EDGE('',*,*,#5357,.F.);
#5357 = EDGE_CURVE('',#5358,#4652,#5360,.T.);
#5358 = VERTEX_POINT('',#5359);
#5359 = CARTESIAN_POINT('',(0.173205080757,-0.2,7.5E-03));
#5360 = LINE('',#5361,#5362);
#5361 = CARTESIAN_POINT('',(0.173205080757,-0.2,7.5E-03));
#5362 = VECTOR('',#5363,1.);
#5363 = DIRECTION('',(0.,0.,1.));
#5364 = ORIENTED_EDGE('',*,*,#5365,.F.);
#5365 = EDGE_CURVE('',#5349,#5358,#5366,.T.);
#5366 = LINE('',#5367,#5368);
#5367 = CARTESIAN_POINT('',(0.173205080757,0.2,7.5E-03));
#5368 = VECTOR('',#5369,1.);
#5369 = DIRECTION('',(0.,-1.,0.));
#5370 = PLANE('',#5371);
#5371 = AXIS2_PLACEMENT_3D('',#5372,#5373,#5374);
#5372 = CARTESIAN_POINT('',(0.173205080757,0.2,7.5E-03));
#5373 = DIRECTION('',(1.,0.,0.));
#5374 = DIRECTION('',(0.,-1.,0.));
#5375 = ADVANCED_FACE('',(#5376),#5394,.T.);
#5376 = FACE_BOUND('',#5377,.T.);
#5377 = EDGE_LOOP('',(#5378,#5386,#5387,#5388));
#5378 = ORIENTED_EDGE('',*,*,#5379,.T.);
#5379 = EDGE_CURVE('',#5380,#4660,#5382,.T.);
#5380 = VERTEX_POINT('',#5381);
#5381 = CARTESIAN_POINT('',(-0.173205080757,0.,7.5E-03));
#5382 = LINE('',#5383,#5384);
#5383 = CARTESIAN_POINT('',(-0.173205080757,0.,7.5E-03));
#5384 = VECTOR('',#5385,1.);
#5385 = DIRECTION('',(0.,0.,1.));
#5386 = ORIENTED_EDGE('',*,*,#4667,.T.);
#5387 = ORIENTED_EDGE('',*,*,#5348,.F.);
#5388 = ORIENTED_EDGE('',*,*,#5389,.F.);
#5389 = EDGE_CURVE('',#5380,#5349,#5390,.T.);
#5390 = LINE('',#5391,#5392);
#5391 = CARTESIAN_POINT('',(-0.173205080757,0.,7.5E-03));
#5392 = VECTOR('',#5393,1.);
#5393 = DIRECTION('',(0.866025403784,0.5,0.));
#5394 = PLANE('',#5395);
#5395 = AXIS2_PLACEMENT_3D('',#5396,#5397,#5398);
#5396 = CARTESIAN_POINT('',(-0.173205080757,0.,7.5E-03));
#5397 = DIRECTION('',(-0.5,0.866025403784,0.));
#5398 = DIRECTION('',(0.866025403784,0.5,0.));
#5399 = ADVANCED_FACE('',(#5400),#5411,.T.);
#5400 = FACE_BOUND('',#5401,.T.);
#5401 = EDGE_LOOP('',(#5402,#5403,#5404,#5405));
#5402 = ORIENTED_EDGE('',*,*,#5357,.T.);
#5403 = ORIENTED_EDGE('',*,*,#4659,.T.);
#5404 = ORIENTED_EDGE('',*,*,#5379,.F.);
#5405 = ORIENTED_EDGE('',*,*,#5406,.F.);
#5406 = EDGE_CURVE('',#5358,#5380,#5407,.T.);
#5407 = LINE('',#5408,#5409);
#5408 = CARTESIAN_POINT('',(0.173205080757,-0.2,7.5E-03));
#5409 = VECTOR('',#5410,1.);
#5410 = DIRECTION('',(-0.866025403784,0.5,0.));
#5411 = PLANE('',#5412);
#5412 = AXIS2_PLACEMENT_3D('',#5413,#5414,#5415);
#5413 = CARTESIAN_POINT('',(0.173205080757,-0.2,7.5E-03));
#5414 = DIRECTION('',(-0.5,-0.866025403784,0.));
#5415 = DIRECTION('',(-0.866025403784,0.5,0.));
#5416 = ADVANCED_FACE('',(#5417),#5439,.F.);
#5417 = FACE_BOUND('',#5418,.F.);
#5418 = EDGE_LOOP('',(#5419,#5427,#5428,#5429,#5430,#5431,#5432,#5433));
#5419 = ORIENTED_EDGE('',*,*,#5420,.F.);
#5420 = EDGE_CURVE('',#5236,#5421,#5423,.T.);
#5421 = VERTEX_POINT('',#5422);
#5422 = CARTESIAN_POINT('',(0.485,0.25,-1.734723475977E-18));
#5423 = LINE('',#5424,#5425);
#5424 = CARTESIAN_POINT('',(0.35,0.25,0.));
#5425 = VECTOR('',#5426,1.);
#5426 = DIRECTION('',(1.,0.,0.));
#5427 = ORIENTED_EDGE('',*,*,#5235,.F.);
#5428 = ORIENTED_EDGE('',*,*,#5268,.F.);
#5429 = ORIENTED_EDGE('',*,*,#5283,.F.);
#5430 = ORIENTED_EDGE('',*,*,#5316,.F.);
#5431 = ORIENTED_EDGE('',*,*,#5334,.F.);
#5432 = ORIENTED_EDGE('',*,*,#4681,.T.);
#5433 = ORIENTED_EDGE('',*,*,#5434,.T.);
#5434 = EDGE_CURVE('',#4684,#5421,#5435,.T.);
#5435 = LINE('',#5436,#5437);
#5436 = CARTESIAN_POINT('',(0.485,-0.25,-1.734723475977E-18));
#5437 = VECTOR('',#5438,1.);
#5438 = DIRECTION('',(0.,1.,0.));
#5439 = PLANE('',#5440);
#5440 = AXIS2_PLACEMENT_3D('',#5441,#5442,#5443);
#5441 = CARTESIAN_POINT('',(0.35,-0.25,0.));
#5442 = DIRECTION('',(0.,0.,1.));
#5443 = DIRECTION('',(1.,0.,-0.));
#5444 = ADVANCED_FACE('',(#5445),#5464,.T.);
#5445 = FACE_BOUND('',#5446,.T.);
#5446 = EDGE_LOOP('',(#5447,#5448,#5449,#5458));
#5447 = ORIENTED_EDGE('',*,*,#4733,.T.);
#5448 = ORIENTED_EDGE('',*,*,#5434,.T.);
#5449 = ORIENTED_EDGE('',*,*,#5450,.F.);
#5450 = EDGE_CURVE('',#5451,#5421,#5453,.T.);
#5451 = VERTEX_POINT('',#5452);
#5452 = CARTESIAN_POINT('',(0.5,0.25,1.5E-02));
#5453 = CIRCLE('',#5454,1.5E-02);
#5454 = AXIS2_PLACEMENT_3D('',#5455,#5456,#5457);
#5455 = CARTESIAN_POINT('',(0.485,0.25,1.5E-02));
#5456 = DIRECTION('',(0.,1.,0.));
#5457 = DIRECTION('',(0.,-0.,1.));
#5458 = ORIENTED_EDGE('',*,*,#5459,.F.);
#5459 = EDGE_CURVE('',#4726,#5451,#5460,.T.);
#5460 = LINE('',#5461,#5462);
#5461 = CARTESIAN_POINT('',(0.5,-0.25,1.5E-02));
#5462 = VECTOR('',#5463,1.);
#5463 = DIRECTION('',(0.,1.,0.));
#5464 = CYLINDRICAL_SURFACE('',#5465,1.5E-02);
#5465 = AXIS2_PLACEMENT_3D('',#5466,#5467,#5468);
#5466 = CARTESIAN_POINT('',(0.485,-0.25,1.5E-02));
#5467 = DIRECTION('',(0.,1.,0.));
#5468 = DIRECTION('',(1.,0.,0.));
#5469 = ADVANCED_FACE('',(#5470),#5488,.T.);
#5470 = FACE_BOUND('',#5471,.T.);
#5471 = EDGE_LOOP('',(#5472,#5473,#5474,#5482));
#5472 = ORIENTED_EDGE('',*,*,#4725,.F.);
#5473 = ORIENTED_EDGE('',*,*,#5459,.T.);
#5474 = ORIENTED_EDGE('',*,*,#5475,.T.);
#5475 = EDGE_CURVE('',#5451,#5476,#5478,.T.);
#5476 = VERTEX_POINT('',#5477);
#5477 = CARTESIAN_POINT('',(0.5,0.25,0.185));
#5478 = LINE('',#5479,#5480);
#5479 = CARTESIAN_POINT('',(0.5,0.25,0.));
#5480 = VECTOR('',#5481,1.);
#5481 = DIRECTION('',(0.,0.,1.));
#5482 = ORIENTED_EDGE('',*,*,#5483,.F.);
#5483 = EDGE_CURVE('',#4717,#5476,#5484,.T.);
#5484 = LINE('',#5485,#5486);
#5485 = CARTESIAN_POINT('',(0.5,-0.25,0.185));
#5486 = VECTOR('',#5487,1.);
#5487 = DIRECTION('',(0.,1.,0.));
#5488 = PLANE('',#5489);
#5489 = AXIS2_PLACEMENT_3D('',#5490,#5491,#5492);
#5490 = CARTESIAN_POINT('',(0.5,-0.25,0.));
#5491 = DIRECTION('',(1.,0.,0.));
#5492 = DIRECTION('',(0.,0.,1.));
#5493 = ADVANCED_FACE('',(#5494),#5513,.T.);
#5494 = FACE_BOUND('',#5495,.T.);
#5495 = EDGE_LOOP('',(#5496,#5497,#5506,#5512));
#5496 = ORIENTED_EDGE('',*,*,#5483,.T.);
#5497 = ORIENTED_EDGE('',*,*,#5498,.T.);
#5498 = EDGE_CURVE('',#5476,#5499,#5501,.T.);
#5499 = VERTEX_POINT('',#5500);
#5500 = CARTESIAN_POINT('',(0.485,0.25,0.2));
#5501 = CIRCLE('',#5502,1.5E-02);
#5502 = AXIS2_PLACEMENT_3D('',#5503,#5504,#5505);
#5503 = CARTESIAN_POINT('',(0.485,0.25,0.185));
#5504 = DIRECTION('',(0.,-1.,0.));
#5505 = DIRECTION('',(0.,0.,1.));
#5506 = ORIENTED_EDGE('',*,*,#5507,.F.);
#5507 = EDGE_CURVE('',#4709,#5499,#5508,.T.);
#5508 = LINE('',#5509,#5510);
#5509 = CARTESIAN_POINT('',(0.485,-0.25,0.2));
#5510 = VECTOR('',#5511,1.);
#5511 = DIRECTION('',(0.,1.,0.));
#5512 = ORIENTED_EDGE('',*,*,#4716,.F.);
#5513 = CYLINDRICAL_SURFACE('',#5514,1.5E-02);
#5514 = AXIS2_PLACEMENT_3D('',#5515,#5516,#5517);
#5515 = CARTESIAN_POINT('',(0.485,-0.25,0.185));
#5516 = DIRECTION('',(0.,1.,0.));
#5517 = DIRECTION('',(1.,0.,0.));
#5518 = ADVANCED_FACE('',(#5519),#5560,.T.);
#5519 = FACE_BOUND('',#5520,.T.);
#5520 = EDGE_LOOP('',(#5521,#5529,#5537,#5543,#5544,#5552,#5558,#5559));
#5521 = ORIENTED_EDGE('',*,*,#5522,.F.);
#5522 = EDGE_CURVE('',#5523,#5499,#5525,.T.);
#5523 = VERTEX_POINT('',#5524);
#5524 = CARTESIAN_POINT('',(0.4625,0.25,0.2));
#5525 = LINE('',#5526,#5527);
#5526 = CARTESIAN_POINT('',(0.35,0.25,0.2));
#5527 = VECTOR('',#5528,1.);
#5528 = DIRECTION('',(1.,0.,0.));
#5529 = ORIENTED_EDGE('',*,*,#5530,.F.);
#5530 = EDGE_CURVE('',#5531,#5523,#5533,.T.);
#5531 = VERTEX_POINT('',#5532);
#5532 = CARTESIAN_POINT('',(0.4625,0.1875,0.2));
#5533 = LINE('',#5534,#5535);
#5534 = CARTESIAN_POINT('',(0.4625,-3.125E-02,0.2));
#5535 = VECTOR('',#5536,1.);
#5536 = DIRECTION('',(0.,1.,0.));
#5537 = ORIENTED_EDGE('',*,*,#5538,.F.);
#5538 = EDGE_CURVE('',#4814,#5531,#5539,.T.);
#5539 = LINE('',#5540,#5541);
#5540 = CARTESIAN_POINT('',(-5.625E-02,0.1875,0.2));
#5541 = VECTOR('',#5542,1.);
#5542 = DIRECTION('',(1.,0.,0.));
#5543 = ORIENTED_EDGE('',*,*,#4813,.F.);
#5544 = ORIENTED_EDGE('',*,*,#5545,.F.);
#5545 = EDGE_CURVE('',#5546,#4805,#5548,.T.);
#5546 = VERTEX_POINT('',#5547);
#5547 = CARTESIAN_POINT('',(0.4625,-0.1875,0.2));
#5548 = LINE('',#5549,#5550);
#5549 = CARTESIAN_POINT('',(0.40625,-0.1875,0.2));
#5550 = VECTOR('',#5551,1.);
#5551 = DIRECTION('',(-1.,0.,0.));
#5552 = ORIENTED_EDGE('',*,*,#5553,.F.);
#5553 = EDGE_CURVE('',#4701,#5546,#5554,.T.);
#5554 = LINE('',#5555,#5556);
#5555 = CARTESIAN_POINT('',(0.4625,-0.28125,0.2));
#5556 = VECTOR('',#5557,1.);
#5557 = DIRECTION('',(0.,1.,0.));
#5558 = ORIENTED_EDGE('',*,*,#4708,.T.);
#5559 = ORIENTED_EDGE('',*,*,#5507,.T.);
#5560 = PLANE('',#5561);
#5561 = AXIS2_PLACEMENT_3D('',#5562,#5563,#5564);
#5562 = CARTESIAN_POINT('',(0.35,-0.25,0.2));
#5563 = DIRECTION('',(0.,0.,1.));
#5564 = DIRECTION('',(1.,0.,-0.));
#5565 = ADVANCED_FACE('',(#5566),#5577,.F.);
#5566 = FACE_BOUND('',#5567,.F.);
#5567 = EDGE_LOOP('',(#5568,#5574,#5575,#5576));
#5568 = ORIENTED_EDGE('',*,*,#5569,.F.);
#5569 = EDGE_CURVE('',#5546,#4749,#5570,.T.);
#5570 = LINE('',#5571,#5572);
#5571 = CARTESIAN_POINT('',(0.4625,-0.1875,0.3));
#5572 = VECTOR('',#5573,1.);
#5573 = DIRECTION('',(-0.,-0.,-1.));
#5574 = ORIENTED_EDGE('',*,*,#5553,.F.);
#5575 = ORIENTED_EDGE('',*,*,#4700,.T.);
#5576 = ORIENTED_EDGE('',*,*,#4758,.F.);
#5577 = PLANE('',#5578);
#5578 = AXIS2_PLACEMENT_3D('',#5579,#5580,#5581);
#5579 = CARTESIAN_POINT('',(0.4625,-0.3125,0.3));
#5580 = DIRECTION('',(1.,0.,0.));
#5581 = DIRECTION('',(-0.,1.,0.));
#5582 = ADVANCED_FACE('',(#5583),#5589,.F.);
#5583 = FACE_BOUND('',#5584,.F.);
#5584 = EDGE_LOOP('',(#5585,#5586,#5587,#5588));
#5585 = ORIENTED_EDGE('',*,*,#5545,.F.);
#5586 = ORIENTED_EDGE('',*,*,#5569,.T.);
#5587 = ORIENTED_EDGE('',*,*,#4748,.F.);
#5588 = ORIENTED_EDGE('',*,*,#4804,.T.);
#5589 = PLANE('',#5590);
#5590 = AXIS2_PLACEMENT_3D('',#5591,#5592,#5593);
#5591 = CARTESIAN_POINT('',(0.4625,-0.1875,0.3));
#5592 = DIRECTION('',(0.,1.,0.));
#5593 = DIRECTION('',(-1.,0.,0.));
#5594 = ADVANCED_FACE('',(#5595),#5611,.F.);
#5595 = FACE_BOUND('',#5596,.F.);
#5596 = EDGE_LOOP('',(#5597,#5598,#5604,#5605));
#5597 = ORIENTED_EDGE('',*,*,#5530,.F.);
#5598 = ORIENTED_EDGE('',*,*,#5599,.T.);
#5599 = EDGE_CURVE('',#5531,#4782,#5600,.T.);
#5600 = LINE('',#5601,#5602);
#5601 = CARTESIAN_POINT('',(0.4625,0.1875,0.3));
#5602 = VECTOR('',#5603,1.);
#5603 = DIRECTION('',(-0.,-0.,-1.));
#5604 = ORIENTED_EDGE('',*,*,#4789,.F.);
#5605 = ORIENTED_EDGE('',*,*,#5606,.F.);
#5606 = EDGE_CURVE('',#5523,#4773,#5607,.T.);
#5607 = LINE('',#5608,#5609);
#5608 = CARTESIAN_POINT('',(0.4625,0.25,0.15));
#5609 = VECTOR('',#5610,1.);
#5610 = DIRECTION('',(0.,0.,-1.));
#5611 = PLANE('',#5612);
#5612 = AXIS2_PLACEMENT_3D('',#5613,#5614,#5615);
#5613 = CARTESIAN_POINT('',(0.4625,0.1875,0.3));
#5614 = DIRECTION('',(1.,0.,0.));
#5615 = DIRECTION('',(-0.,1.,0.));
#5616 = ADVANCED_FACE('',(#5617),#5623,.F.);
#5617 = FACE_BOUND('',#5618,.F.);
#5618 = EDGE_LOOP('',(#5619,#5620,#5621,#5622));
#5619 = ORIENTED_EDGE('',*,*,#5599,.F.);
#5620 = ORIENTED_EDGE('',*,*,#5538,.F.);
#5621 = ORIENTED_EDGE('',*,*,#4821,.F.);
#5622 = ORIENTED_EDGE('',*,*,#4781,.F.);
#5623 = PLANE('',#5624);
#5624 = AXIS2_PLACEMENT_3D('',#5625,#5626,#5627);
#5625 = CARTESIAN_POINT('',(-0.4625,0.1875,0.3));
#5626 = DIRECTION('',(0.,-1.,0.));
#5627 = DIRECTION('',(1.,0.,0.));
#5628 = ADVANCED_FACE('',(#5629),#5641,.T.);
#5629 = FACE_BOUND('',#5630,.T.);
#5630 = EDGE_LOOP('',(#5631,#5632,#5633,#5634,#5635,#5636,#5637,#5638,
    #5639,#5640));
#5631 = ORIENTED_EDGE('',*,*,#5009,.F.);
#5632 = ORIENTED_EDGE('',*,*,#5080,.F.);
#5633 = ORIENTED_EDGE('',*,*,#5116,.T.);
#5634 = ORIENTED_EDGE('',*,*,#5140,.T.);
#5635 = ORIENTED_EDGE('',*,*,#4964,.T.);
#5636 = ORIENTED_EDGE('',*,*,#4925,.F.);
#5637 = ORIENTED_EDGE('',*,*,#4852,.F.);
#5638 = ORIENTED_EDGE('',*,*,#4844,.F.);
#5639 = ORIENTED_EDGE('',*,*,#4836,.T.);
#5640 = ORIENTED_EDGE('',*,*,#5211,.F.);
#5641 = PLANE('',#5642);
#5642 = AXIS2_PLACEMENT_3D('',#5643,#5644,#5645);
#5643 = CARTESIAN_POINT('',(-0.5,0.25,0.));
#5644 = DIRECTION('',(0.,1.,0.));
#5645 = DIRECTION('',(0.,-0.,1.));
#5646 = ADVANCED_FACE('',(#5647),#5659,.T.);
#5647 = FACE_BOUND('',#5648,.T.);
#5648 = EDGE_LOOP('',(#5649,#5650,#5651,#5652,#5653,#5654,#5655,#5656,
    #5657,#5658));
#5649 = ORIENTED_EDGE('',*,*,#5420,.F.);
#5650 = ORIENTED_EDGE('',*,*,#5243,.F.);
#5651 = ORIENTED_EDGE('',*,*,#4877,.T.);
#5652 = ORIENTED_EDGE('',*,*,#4869,.T.);
#5653 = ORIENTED_EDGE('',*,*,#4861,.F.);
#5654 = ORIENTED_EDGE('',*,*,#5606,.F.);
#5655 = ORIENTED_EDGE('',*,*,#5522,.T.);
#5656 = ORIENTED_EDGE('',*,*,#5498,.F.);
#5657 = ORIENTED_EDGE('',*,*,#5475,.F.);
#5658 = ORIENTED_EDGE('',*,*,#5450,.T.);
#5659 = PLANE('',#5660);
#5660 = AXIS2_PLACEMENT_3D('',#5661,#5662,#5663);
#5661 = CARTESIAN_POINT('',(0.35,0.25,0.));
#5662 = DIRECTION('',(0.,1.,0.));
#5663 = DIRECTION('',(0.,-0.,1.));
#5664 = ADVANCED_FACE('',(#5665),#5670,.T.);
#5665 = FACE_BOUND('',#5666,.T.);
#5666 = EDGE_LOOP('',(#5667,#5668,#5669));
#5667 = ORIENTED_EDGE('',*,*,#5389,.T.);
#5668 = ORIENTED_EDGE('',*,*,#5365,.T.);
#5669 = ORIENTED_EDGE('',*,*,#5406,.T.);
#5670 = PLANE('',#5671);
#5671 = AXIS2_PLACEMENT_3D('',#5672,#5673,#5674);
#5672 = CARTESIAN_POINT('',(5.773502691896E-02,0.,7.5E-03));
#5673 = DIRECTION('',(-0.,-0.,-1.));
#5674 = DIRECTION('',(-1.,0.,0.));
#5675 = ( GEOMETRIC_REPRESENTATION_CONTEXT(3) 
GLOBAL_UNCERTAINTY_ASSIGNED_CONTEXT((#5679)) 
GLOBAL_UNIT_ASSIGNED_CONTEXT((#5676,#5677,#5678)) REPRESENTATION_CONTEXT
('Context #1','3D Context with UNIT and UNCERTAINTY') );
#5676 = ( LENGTH_UNIT() NAMED_UNIT(*) SI_UNIT(.MILLI.,.METRE.) );
#5677 = ( NAMED_UNIT(*) PLANE_ANGLE_UNIT() SI_UNIT($,.RADIAN.) );
#5678 = ( NAMED_UNIT(*) SI_UNIT($,.STERADIAN.) SOLID_ANGLE_UNIT() );
#5679 = UNCERTAINTY_MEASURE_WITH_UNIT(LENGTH_MEASURE(1.E-07),#5676,
  'distance_accuracy_value','confusion accuracy');
#5680 = CONTEXT_DEPENDENT_SHAPE_REPRESENTATION(#5681,#5683);
#5681 = ( REPRESENTATION_RELATIONSHIP('','',#4151,#10) 
REPRESENTATION_RELATIONSHIP_WITH_TRANSFORMATION(#5682) 
SHAPE_REPRESENTATION_RELATIONSHIP() );
#5682 = ITEM_DEFINED_TRANSFORMATION('','',#11,#27);
#5683 = PRODUCT_DEFINITION_SHAPE('Placement','Placement of an item',
  #5684);
#5684 = NEXT_ASSEMBLY_USAGE_OCCURRENCE('4','D1','',#5,#4146,$);
#5685 = PRODUCT_RELATED_PRODUCT_CATEGORY('part',$,(#4148));
#5686 = CONTEXT_DEPENDENT_SHAPE_REPRESENTATION(#5687,#5689);
#5687 = ( REPRESENTATION_RELATIONSHIP('','',#84,#10) 
REPRESENTATION_RELATIONSHIP_WITH_TRANSFORMATION(#5688) 
SHAPE_REPRESENTATION_RELATIONSHIP() );
#5688 = ITEM_DEFINED_TRANSFORMATION('','',#11,#31);
#5689 = PRODUCT_DEFINITION_SHAPE('Placement','Placement of an item',
  #5690);
#5690 = NEXT_ASSEMBLY_USAGE_OCCURRENCE('5','C3','',#5,#79,$);
#5691 = SHAPE_DEFINITION_REPRESENTATION(#5692,#5698);
#5692 = PRODUCT_DEFINITION_SHAPE('','',#5693);
#5693 = PRODUCT_DEFINITION('design','',#5694,#5697);
#5694 = PRODUCT_DEFINITION_FORMATION('','',#5695);
#5695 = PRODUCT('R_0402_1005Metric','R_0402_1005Metric','',(#5696));
#5696 = PRODUCT_CONTEXT('',#2,'mechanical');
#5697 = PRODUCT_DEFINITION_CONTEXT('part definition',#2,'design');
#5698 = ADVANCED_BREP_SHAPE_REPRESENTATION('',(#11,#5699),#6489);
#5699 = MANIFOLD_SOLID_BREP('',#5700);
#5700 = CLOSED_SHELL('',(#5701,#5741,#5824,#5849,#5874,#5941,#5958,#5975
    ,#6024,#6041,#6058,#6107,#6124,#6193,#6224,#6248,#6317,#6341,#6358,
    #6375,#6392,#6409,#6426,#6443,#6460,#6477));
#5701 = ADVANCED_FACE('',(#5702),#5736,.F.);
#5702 = FACE_BOUND('',#5703,.F.);
#5703 = EDGE_LOOP('',(#5704,#5714,#5722,#5730));
#5704 = ORIENTED_EDGE('',*,*,#5705,.F.);
#5705 = EDGE_CURVE('',#5706,#5708,#5710,.T.);
#5706 = VERTEX_POINT('',#5707);
#5707 = CARTESIAN_POINT('',(-0.5,-0.25,3.5E-02));
#5708 = VERTEX_POINT('',#5709);
#5709 = CARTESIAN_POINT('',(-0.5,-0.25,0.315));
#5710 = LINE('',#5711,#5712);
#5711 = CARTESIAN_POINT('',(-0.5,-0.25,0.));
#5712 = VECTOR('',#5713,1.);
#5713 = DIRECTION('',(0.,0.,1.));
#5714 = ORIENTED_EDGE('',*,*,#5715,.T.);
#5715 = EDGE_CURVE('',#5706,#5716,#5718,.T.);
#5716 = VERTEX_POINT('',#5717);
#5717 = CARTESIAN_POINT('',(-0.5,0.25,3.5E-02));
#5718 = LINE('',#5719,#5720);
#5719 = CARTESIAN_POINT('',(-0.5,-0.25,3.5E-02));
#5720 = VECTOR('',#5721,1.);
#5721 = DIRECTION('',(0.,1.,0.));
#5722 = ORIENTED_EDGE('',*,*,#5723,.T.);
#5723 = EDGE_CURVE('',#5716,#5724,#5726,.T.);
#5724 = VERTEX_POINT('',#5725);
#5725 = CARTESIAN_POINT('',(-0.5,0.25,0.315));
#5726 = LINE('',#5727,#5728);
#5727 = CARTESIAN_POINT('',(-0.5,0.25,0.));
#5728 = VECTOR('',#5729,1.);
#5729 = DIRECTION('',(0.,0.,1.));
#5730 = ORIENTED_EDGE('',*,*,#5731,.F.);
#5731 = EDGE_CURVE('',#5708,#5724,#5732,.T.);
#5732 = LINE('',#5733,#5734);
#5733 = CARTESIAN_POINT('',(-0.5,-0.25,0.315));
#5734 = VECTOR('',#5735,1.);
#5735 = DIRECTION('',(0.,1.,0.));
#5736 = PLANE('',#5737);
#5737 = AXIS2_PLACEMENT_3D('',#5738,#5739,#5740);
#5738 = CARTESIAN_POINT('',(-0.5,-0.25,0.));
#5739 = DIRECTION('',(1.,0.,0.));
#5740 = DIRECTION('',(0.,0.,1.));
#5741 = ADVANCED_FACE('',(#5742),#5819,.F.);
#5742 = FACE_BOUND('',#5743,.F.);
#5743 = EDGE_LOOP('',(#5744,#5754,#5761,#5762,#5771,#5779,#5788,#5796,
    #5804,#5812));
#5744 = ORIENTED_EDGE('',*,*,#5745,.F.);
#5745 = EDGE_CURVE('',#5746,#5748,#5750,.T.);
#5746 = VERTEX_POINT('',#5747);
#5747 = CARTESIAN_POINT('',(-0.465,-0.25,-2.775557561563E-17));
#5748 = VERTEX_POINT('',#5749);
#5749 = CARTESIAN_POINT('',(-0.335,-0.25,-2.775557561563E-17));
#5750 = LINE('',#5751,#5752);
#5751 = CARTESIAN_POINT('',(-0.5,-0.25,0.));
#5752 = VECTOR('',#5753,1.);
#5753 = DIRECTION('',(1.,0.,0.));
#5754 = ORIENTED_EDGE('',*,*,#5755,.F.);
#5755 = EDGE_CURVE('',#5706,#5746,#5756,.T.);
#5756 = CIRCLE('',#5757,3.5E-02);
#5757 = AXIS2_PLACEMENT_3D('',#5758,#5759,#5760);
#5758 = CARTESIAN_POINT('',(-0.465,-0.25,3.5E-02));
#5759 = DIRECTION('',(0.,-1.,0.));
#5760 = DIRECTION('',(0.,0.,1.));
#5761 = ORIENTED_EDGE('',*,*,#5705,.T.);
#5762 = ORIENTED_EDGE('',*,*,#5763,.T.);
#5763 = EDGE_CURVE('',#5708,#5764,#5766,.T.);
#5764 = VERTEX_POINT('',#5765);
#5765 = CARTESIAN_POINT('',(-0.465,-0.25,0.35));
#5766 = CIRCLE('',#5767,3.5E-02);
#5767 = AXIS2_PLACEMENT_3D('',#5768,#5769,#5770);
#5768 = CARTESIAN_POINT('',(-0.465,-0.25,0.315));
#5769 = DIRECTION('',(0.,1.,0.));
#5770 = DIRECTION('',(0.,-0.,1.));
#5771 = ORIENTED_EDGE('',*,*,#5772,.T.);
#5772 = EDGE_CURVE('',#5764,#5773,#5775,.T.);
#5773 = VERTEX_POINT('',#5774);
#5774 = CARTESIAN_POINT('',(-0.335,-0.25,0.35));
#5775 = LINE('',#5776,#5777);
#5776 = CARTESIAN_POINT('',(-0.5,-0.25,0.35));
#5777 = VECTOR('',#5778,1.);
#5778 = DIRECTION('',(1.,0.,0.));
#5779 = ORIENTED_EDGE('',*,*,#5780,.F.);
#5780 = EDGE_CURVE('',#5781,#5773,#5783,.T.);
#5781 = VERTEX_POINT('',#5782);
#5782 = CARTESIAN_POINT('',(-0.3,-0.25,0.315));
#5783 = CIRCLE('',#5784,3.5E-02);
#5784 = AXIS2_PLACEMENT_3D('',#5785,#5786,#5787);
#5785 = CARTESIAN_POINT('',(-0.335,-0.25,0.315));
#5786 = DIRECTION('',(0.,-1.,0.));
#5787 = DIRECTION('',(0.,0.,1.));
#5788 = ORIENTED_EDGE('',*,*,#5789,.F.);
#5789 = EDGE_CURVE('',#5790,#5781,#5792,.T.);
#5790 = VERTEX_POINT('',#5791);
#5791 = CARTESIAN_POINT('',(-0.465,-0.25,0.315));
#5792 = LINE('',#5793,#5794);
#5793 = CARTESIAN_POINT('',(-0.465,-0.25,0.315));
#5794 = VECTOR('',#5795,1.);
#5795 = DIRECTION('',(1.,0.,0.));
#5796 = ORIENTED_EDGE('',*,*,#5797,.F.);
#5797 = EDGE_CURVE('',#5798,#5790,#5800,.T.);
#5798 = VERTEX_POINT('',#5799);
#5799 = CARTESIAN_POINT('',(-0.465,-0.25,3.5E-02));
#5800 = LINE('',#5801,#5802);
#5801 = CARTESIAN_POINT('',(-0.465,-0.25,3.5E-02));
#5802 = VECTOR('',#5803,1.);
#5803 = DIRECTION('',(0.,0.,1.));
#5804 = ORIENTED_EDGE('',*,*,#5805,.T.);
#5805 = EDGE_CURVE('',#5798,#5806,#5808,.T.);
#5806 = VERTEX_POINT('',#5807);
#5807 = CARTESIAN_POINT('',(-0.3,-0.25,3.5E-02));
#5808 = LINE('',#5809,#5810);
#5809 = CARTESIAN_POINT('',(-0.465,-0.25,3.5E-02));
#5810 = VECTOR('',#5811,1.);
#5811 = DIRECTION('',(1.,0.,0.));
#5812 = ORIENTED_EDGE('',*,*,#5813,.T.);
#5813 = EDGE_CURVE('',#5806,#5748,#5814,.T.);
#5814 = CIRCLE('',#5815,3.5E-02);
#5815 = AXIS2_PLACEMENT_3D('',#5816,#5817,#5818);
#5816 = CARTESIAN_POINT('',(-0.335,-0.25,3.5E-02));
#5817 = DIRECTION('',(0.,1.,0.));
#5818 = DIRECTION('',(0.,-0.,1.));
#5819 = PLANE('',#5820);
#5820 = AXIS2_PLACEMENT_3D('',#5821,#5822,#5823);
#5821 = CARTESIAN_POINT('',(-0.5,-0.25,0.));
#5822 = DIRECTION('',(0.,1.,0.));
#5823 = DIRECTION('',(0.,-0.,1.));
#5824 = ADVANCED_FACE('',(#5825),#5844,.T.);
#5825 = FACE_BOUND('',#5826,.T.);
#5826 = EDGE_LOOP('',(#5827,#5828,#5837,#5843));
#5827 = ORIENTED_EDGE('',*,*,#5715,.T.);
#5828 = ORIENTED_EDGE('',*,*,#5829,.T.);
#5829 = EDGE_CURVE('',#5716,#5830,#5832,.T.);
#5830 = VERTEX_POINT('',#5831);
#5831 = CARTESIAN_POINT('',(-0.465,0.25,-2.775557561563E-17));
#5832 = CIRCLE('',#5833,3.5E-02);
#5833 = AXIS2_PLACEMENT_3D('',#5834,#5835,#5836);
#5834 = CARTESIAN_POINT('',(-0.465,0.25,3.5E-02));
#5835 = DIRECTION('',(0.,-1.,0.));
#5836 = DIRECTION('',(0.,0.,1.));
#5837 = ORIENTED_EDGE('',*,*,#5838,.F.);
#5838 = EDGE_CURVE('',#5746,#5830,#5839,.T.);
#5839 = LINE('',#5840,#5841);
#5840 = CARTESIAN_POINT('',(-0.465,-0.25,-2.775557561563E-17));
#5841 = VECTOR('',#5842,1.);
#5842 = DIRECTION('',(0.,1.,0.));
#5843 = ORIENTED_EDGE('',*,*,#5755,.F.);
#5844 = CYLINDRICAL_SURFACE('',#5845,3.5E-02);
#5845 = AXIS2_PLACEMENT_3D('',#5846,#5847,#5848);
#5846 = CARTESIAN_POINT('',(-0.465,-0.25,3.5E-02));
#5847 = DIRECTION('',(0.,1.,0.));
#5848 = DIRECTION('',(-1.,0.,0.));
#5849 = ADVANCED_FACE('',(#5850),#5869,.T.);
#5850 = FACE_BOUND('',#5851,.T.);
#5851 = EDGE_LOOP('',(#5852,#5853,#5861,#5868));
#5852 = ORIENTED_EDGE('',*,*,#5763,.T.);
#5853 = ORIENTED_EDGE('',*,*,#5854,.T.);
#5854 = EDGE_CURVE('',#5764,#5855,#5857,.T.);
#5855 = VERTEX_POINT('',#5856);
#5856 = CARTESIAN_POINT('',(-0.465,0.25,0.35));
#5857 = LINE('',#5858,#5859);
#5858 = CARTESIAN_POINT('',(-0.465,-0.25,0.35));
#5859 = VECTOR('',#5860,1.);
#5860 = DIRECTION('',(0.,1.,0.));
#5861 = ORIENTED_EDGE('',*,*,#5862,.F.);
#5862 = EDGE_CURVE('',#5724,#5855,#5863,.T.);
#5863 = CIRCLE('',#5864,3.5E-02);
#5864 = AXIS2_PLACEMENT_3D('',#5865,#5866,#5867);
#5865 = CARTESIAN_POINT('',(-0.465,0.25,0.315));
#5866 = DIRECTION('',(0.,1.,0.));
#5867 = DIRECTION('',(0.,-0.,1.));
#5868 = ORIENTED_EDGE('',*,*,#5731,.F.);
#5869 = CYLINDRICAL_SURFACE('',#5870,3.5E-02);
#5870 = AXIS2_PLACEMENT_3D('',#5871,#5872,#5873);
#5871 = CARTESIAN_POINT('',(-0.465,-0.25,0.315));
#5872 = DIRECTION('',(0.,1.,0.));
#5873 = DIRECTION('',(-1.,0.,0.));
#5874 = ADVANCED_FACE('',(#5875),#5936,.T.);
#5875 = FACE_BOUND('',#5876,.T.);
#5876 = EDGE_LOOP('',(#5877,#5885,#5886,#5887,#5888,#5896,#5905,#5913,
    #5921,#5929));
#5877 = ORIENTED_EDGE('',*,*,#5878,.F.);
#5878 = EDGE_CURVE('',#5830,#5879,#5881,.T.);
#5879 = VERTEX_POINT('',#5880);
#5880 = CARTESIAN_POINT('',(-0.335,0.25,-2.775557561563E-17));
#5881 = LINE('',#5882,#5883);
#5882 = CARTESIAN_POINT('',(-0.5,0.25,0.));
#5883 = VECTOR('',#5884,1.);
#5884 = DIRECTION('',(1.,0.,0.));
#5885 = ORIENTED_EDGE('',*,*,#5829,.F.);
#5886 = ORIENTED_EDGE('',*,*,#5723,.T.);
#5887 = ORIENTED_EDGE('',*,*,#5862,.T.);
#5888 = ORIENTED_EDGE('',*,*,#5889,.T.);
#5889 = EDGE_CURVE('',#5855,#5890,#5892,.T.);
#5890 = VERTEX_POINT('',#5891);
#5891 = CARTESIAN_POINT('',(-0.335,0.25,0.35));
#5892 = LINE('',#5893,#5894);
#5893 = CARTESIAN_POINT('',(-0.5,0.25,0.35));
#5894 = VECTOR('',#5895,1.);
#5895 = DIRECTION('',(1.,0.,0.));
#5896 = ORIENTED_EDGE('',*,*,#5897,.F.);
#5897 = EDGE_CURVE('',#5898,#5890,#5900,.T.);
#5898 = VERTEX_POINT('',#5899);
#5899 = CARTESIAN_POINT('',(-0.3,0.25,0.315));
#5900 = CIRCLE('',#5901,3.5E-02);
#5901 = AXIS2_PLACEMENT_3D('',#5902,#5903,#5904);
#5902 = CARTESIAN_POINT('',(-0.335,0.25,0.315));
#5903 = DIRECTION('',(0.,-1.,0.));
#5904 = DIRECTION('',(0.,0.,1.));
#5905 = ORIENTED_EDGE('',*,*,#5906,.F.);
#5906 = EDGE_CURVE('',#5907,#5898,#5909,.T.);
#5907 = VERTEX_POINT('',#5908);
#5908 = CARTESIAN_POINT('',(-0.465,0.25,0.315));
#5909 = LINE('',#5910,#5911);
#5910 = CARTESIAN_POINT('',(-0.465,0.25,0.315));
#5911 = VECTOR('',#5912,1.);
#5912 = DIRECTION('',(1.,0.,0.));
#5913 = ORIENTED_EDGE('',*,*,#5914,.F.);
#5914 = EDGE_CURVE('',#5915,#5907,#5917,.T.);
#5915 = VERTEX_POINT('',#5916);
#5916 = CARTESIAN_POINT('',(-0.465,0.25,3.5E-02));
#5917 = LINE('',#5918,#5919);
#5918 = CARTESIAN_POINT('',(-0.465,0.25,3.5E-02));
#5919 = VECTOR('',#5920,1.);
#5920 = DIRECTION('',(0.,0.,1.));
#5921 = ORIENTED_EDGE('',*,*,#5922,.T.);
#5922 = EDGE_CURVE('',#5915,#5923,#5925,.T.);
#5923 = VERTEX_POINT('',#5924);
#5924 = CARTESIAN_POINT('',(-0.3,0.25,3.5E-02));
#5925 = LINE('',#5926,#5927);
#5926 = CARTESIAN_POINT('',(-0.465,0.25,3.5E-02));
#5927 = VECTOR('',#5928,1.);
#5928 = DIRECTION('',(1.,0.,0.));
#5929 = ORIENTED_EDGE('',*,*,#5930,.T.);
#5930 = EDGE_CURVE('',#5923,#5879,#5931,.T.);
#5931 = CIRCLE('',#5932,3.5E-02);
#5932 = AXIS2_PLACEMENT_3D('',#5933,#5934,#5935);
#5933 = CARTESIAN_POINT('',(-0.335,0.25,3.5E-02));
#5934 = DIRECTION('',(0.,1.,0.));
#5935 = DIRECTION('',(0.,-0.,1.));
#5936 = PLANE('',#5937);
#5937 = AXIS2_PLACEMENT_3D('',#5938,#5939,#5940);
#5938 = CARTESIAN_POINT('',(-0.5,0.25,0.));
#5939 = DIRECTION('',(0.,1.,0.));
#5940 = DIRECTION('',(0.,-0.,1.));
#5941 = ADVANCED_FACE('',(#5942),#5953,.F.);
#5942 = FACE_BOUND('',#5943,.F.);
#5943 = EDGE_LOOP('',(#5944,#5945,#5946,#5947));
#5944 = ORIENTED_EDGE('',*,*,#5878,.F.);
#5945 = ORIENTED_EDGE('',*,*,#5838,.F.);
#5946 = ORIENTED_EDGE('',*,*,#5745,.T.);
#5947 = ORIENTED_EDGE('',*,*,#5948,.T.);
#5948 = EDGE_CURVE('',#5748,#5879,#5949,.T.);
#5949 = LINE('',#5950,#5951);
#5950 = CARTESIAN_POINT('',(-0.335,-0.25,-2.775557561563E-17));
#5951 = VECTOR('',#5952,1.);
#5952 = DIRECTION('',(0.,1.,0.));
#5953 = PLANE('',#5954);
#5954 = AXIS2_PLACEMENT_3D('',#5955,#5956,#5957);
#5955 = CARTESIAN_POINT('',(-0.5,-0.25,0.));
#5956 = DIRECTION('',(0.,0.,1.));
#5957 = DIRECTION('',(1.,0.,-0.));
#5958 = ADVANCED_FACE('',(#5959),#5970,.T.);
#5959 = FACE_BOUND('',#5960,.T.);
#5960 = EDGE_LOOP('',(#5961,#5962,#5963,#5964));
#5961 = ORIENTED_EDGE('',*,*,#5813,.T.);
#5962 = ORIENTED_EDGE('',*,*,#5948,.T.);
#5963 = ORIENTED_EDGE('',*,*,#5930,.F.);
#5964 = ORIENTED_EDGE('',*,*,#5965,.F.);
#5965 = EDGE_CURVE('',#5806,#5923,#5966,.T.);
#5966 = LINE('',#5967,#5968);
#5967 = CARTESIAN_POINT('',(-0.3,-0.25,3.5E-02));
#5968 = VECTOR('',#5969,1.);
#5969 = DIRECTION('',(0.,1.,0.));
#5970 = CYLINDRICAL_SURFACE('',#5971,3.5E-02);
#5971 = AXIS2_PLACEMENT_3D('',#5972,#5973,#5974);
#5972 = CARTESIAN_POINT('',(-0.335,-0.25,3.5E-02));
#5973 = DIRECTION('',(0.,1.,0.));
#5974 = DIRECTION('',(1.,0.,0.));
#5975 = ADVANCED_FACE('',(#5976),#6019,.F.);
#5976 = FACE_BOUND('',#5977,.F.);
#5977 = EDGE_LOOP('',(#5978,#5979,#5980,#5981,#5989,#5997,#6005,#6013));
#5978 = ORIENTED_EDGE('',*,*,#5805,.F.);
#5979 = ORIENTED_EDGE('',*,*,#5797,.T.);
#5980 = ORIENTED_EDGE('',*,*,#5789,.T.);
#5981 = ORIENTED_EDGE('',*,*,#5982,.T.);
#5982 = EDGE_CURVE('',#5781,#5983,#5985,.T.);
#5983 = VERTEX_POINT('',#5984);
#5984 = CARTESIAN_POINT('',(0.3,-0.25,0.315));
#5985 = LINE('',#5986,#5987);
#5986 = CARTESIAN_POINT('',(-0.3,-0.25,0.315));
#5987 = VECTOR('',#5988,1.);
#5988 = DIRECTION('',(1.,0.,0.));
#5989 = ORIENTED_EDGE('',*,*,#5990,.T.);
#5990 = EDGE_CURVE('',#5983,#5991,#5993,.T.);
#5991 = VERTEX_POINT('',#5992);
#5992 = CARTESIAN_POINT('',(0.465,-0.25,0.315));
#5993 = LINE('',#5994,#5995);
#5994 = CARTESIAN_POINT('',(-0.465,-0.25,0.315));
#5995 = VECTOR('',#5996,1.);
#5996 = DIRECTION('',(1.,0.,0.));
#5997 = ORIENTED_EDGE('',*,*,#5998,.F.);
#5998 = EDGE_CURVE('',#5999,#5991,#6001,.T.);
#5999 = VERTEX_POINT('',#6000);
#6000 = CARTESIAN_POINT('',(0.465,-0.25,3.5E-02));
#6001 = LINE('',#6002,#6003);
#6002 = CARTESIAN_POINT('',(0.465,-0.25,3.5E-02));
#6003 = VECTOR('',#6004,1.);
#6004 = DIRECTION('',(0.,0.,1.));
#6005 = ORIENTED_EDGE('',*,*,#6006,.F.);
#6006 = EDGE_CURVE('',#6007,#5999,#6009,.T.);
#6007 = VERTEX_POINT('',#6008);
#6008 = CARTESIAN_POINT('',(0.3,-0.25,3.5E-02));
#6009 = LINE('',#6010,#6011);
#6010 = CARTESIAN_POINT('',(-0.465,-0.25,3.5E-02));
#6011 = VECTOR('',#6012,1.);
#6012 = DIRECTION('',(1.,0.,0.));
#6013 = ORIENTED_EDGE('',*,*,#6014,.F.);
#6014 = EDGE_CURVE('',#5806,#6007,#6015,.T.);
#6015 = LINE('',#6016,#6017);
#6016 = CARTESIAN_POINT('',(-0.465,-0.25,3.5E-02));
#6017 = VECTOR('',#6018,1.);
#6018 = DIRECTION('',(1.,0.,0.));
#6019 = PLANE('',#6020);
#6020 = AXIS2_PLACEMENT_3D('',#6021,#6022,#6023);
#6021 = CARTESIAN_POINT('',(-0.465,-0.25,3.5E-02));
#6022 = DIRECTION('',(0.,1.,0.));
#6023 = DIRECTION('',(0.,-0.,1.));
#6024 = ADVANCED_FACE('',(#6025),#6036,.T.);
#6025 = FACE_BOUND('',#6026,.T.);
#6026 = EDGE_LOOP('',(#6027,#6028,#6029,#6030));
#6027 = ORIENTED_EDGE('',*,*,#5889,.F.);
#6028 = ORIENTED_EDGE('',*,*,#5854,.F.);
#6029 = ORIENTED_EDGE('',*,*,#5772,.T.);
#6030 = ORIENTED_EDGE('',*,*,#6031,.T.);
#6031 = EDGE_CURVE('',#5773,#5890,#6032,.T.);
#6032 = LINE('',#6033,#6034);
#6033 = CARTESIAN_POINT('',(-0.335,-0.25,0.35));
#6034 = VECTOR('',#6035,1.);
#6035 = DIRECTION('',(0.,1.,0.));
#6036 = PLANE('',#6037);
#6037 = AXIS2_PLACEMENT_3D('',#6038,#6039,#6040);
#6038 = CARTESIAN_POINT('',(-0.5,-0.25,0.35));
#6039 = DIRECTION('',(0.,0.,1.));
#6040 = DIRECTION('',(1.,0.,-0.));
#6041 = ADVANCED_FACE('',(#6042),#6053,.T.);
#6042 = FACE_BOUND('',#6043,.T.);
#6043 = EDGE_LOOP('',(#6044,#6050,#6051,#6052));
#6044 = ORIENTED_EDGE('',*,*,#6045,.T.);
#6045 = EDGE_CURVE('',#5781,#5898,#6046,.T.);
#6046 = LINE('',#6047,#6048);
#6047 = CARTESIAN_POINT('',(-0.3,-0.25,0.315));
#6048 = VECTOR('',#6049,1.);
#6049 = DIRECTION('',(0.,1.,0.));
#6050 = ORIENTED_EDGE('',*,*,#5897,.T.);
#6051 = ORIENTED_EDGE('',*,*,#6031,.F.);
#6052 = ORIENTED_EDGE('',*,*,#5780,.F.);
#6053 = CYLINDRICAL_SURFACE('',#6054,3.5E-02);
#6054 = AXIS2_PLACEMENT_3D('',#6055,#6056,#6057);
#6055 = CARTESIAN_POINT('',(-0.335,-0.25,0.315));
#6056 = DIRECTION('',(0.,1.,0.));
#6057 = DIRECTION('',(1.,0.,0.));
#6058 = ADVANCED_FACE('',(#6059),#6102,.T.);
#6059 = FACE_BOUND('',#6060,.T.);
#6060 = EDGE_LOOP('',(#6061,#6062,#6063,#6064,#6072,#6080,#6088,#6096));
#6061 = ORIENTED_EDGE('',*,*,#5922,.F.);
#6062 = ORIENTED_EDGE('',*,*,#5914,.T.);
#6063 = ORIENTED_EDGE('',*,*,#5906,.T.);
#6064 = ORIENTED_EDGE('',*,*,#6065,.T.);
#6065 = EDGE_CURVE('',#5898,#6066,#6068,.T.);
#6066 = VERTEX_POINT('',#6067);
#6067 = CARTESIAN_POINT('',(0.3,0.25,0.315));
#6068 = LINE('',#6069,#6070);
#6069 = CARTESIAN_POINT('',(-0.3,0.25,0.315));
#6070 = VECTOR('',#6071,1.);
#6071 = DIRECTION('',(1.,0.,0.));
#6072 = ORIENTED_EDGE('',*,*,#6073,.T.);
#6073 = EDGE_CURVE('',#6066,#6074,#6076,.T.);
#6074 = VERTEX_POINT('',#6075);
#6075 = CARTESIAN_POINT('',(0.465,0.25,0.315));
#6076 = LINE('',#6077,#6078);
#6077 = CARTESIAN_POINT('',(-0.465,0.25,0.315));
#6078 = VECTOR('',#6079,1.);
#6079 = DIRECTION('',(1.,0.,0.));
#6080 = ORIENTED_EDGE('',*,*,#6081,.F.);
#6081 = EDGE_CURVE('',#6082,#6074,#6084,.T.);
#6082 = VERTEX_POINT('',#6083);
#6083 = CARTESIAN_POINT('',(0.465,0.25,3.5E-02));
#6084 = LINE('',#6085,#6086);
#6085 = CARTESIAN_POINT('',(0.465,0.25,3.5E-02));
#6086 = VECTOR('',#6087,1.);
#6087 = DIRECTION('',(0.,0.,1.));
#6088 = ORIENTED_EDGE('',*,*,#6089,.F.);
#6089 = EDGE_CURVE('',#6090,#6082,#6092,.T.);
#6090 = VERTEX_POINT('',#6091);
#6091 = CARTESIAN_POINT('',(0.3,0.25,3.5E-02));
#6092 = LINE('',#6093,#6094);
#6093 = CARTESIAN_POINT('',(-0.465,0.25,3.5E-02));
#6094 = VECTOR('',#6095,1.);
#6095 = DIRECTION('',(1.,0.,0.));
#6096 = ORIENTED_EDGE('',*,*,#6097,.F.);
#6097 = EDGE_CURVE('',#5923,#6090,#6098,.T.);
#6098 = LINE('',#6099,#6100);
#6099 = CARTESIAN_POINT('',(-0.465,0.25,3.5E-02));
#6100 = VECTOR('',#6101,1.);
#6101 = DIRECTION('',(1.,0.,0.));
#6102 = PLANE('',#6103);
#6103 = AXIS2_PLACEMENT_3D('',#6104,#6105,#6106);
#6104 = CARTESIAN_POINT('',(-0.465,0.25,3.5E-02));
#6105 = DIRECTION('',(0.,1.,0.));
#6106 = DIRECTION('',(0.,-0.,1.));
#6107 = ADVANCED_FACE('',(#6108),#6119,.F.);
#6108 = FACE_BOUND('',#6109,.F.);
#6109 = EDGE_LOOP('',(#6110,#6111,#6112,#6118));
#6110 = ORIENTED_EDGE('',*,*,#5965,.F.);
#6111 = ORIENTED_EDGE('',*,*,#6014,.T.);
#6112 = ORIENTED_EDGE('',*,*,#6113,.T.);
#6113 = EDGE_CURVE('',#6007,#6090,#6114,.T.);
#6114 = LINE('',#6115,#6116);
#6115 = CARTESIAN_POINT('',(0.3,-0.25,3.5E-02));
#6116 = VECTOR('',#6117,1.);
#6117 = DIRECTION('',(0.,1.,0.));
#6118 = ORIENTED_EDGE('',*,*,#6097,.F.);
#6119 = PLANE('',#6120);
#6120 = AXIS2_PLACEMENT_3D('',#6121,#6122,#6123);
#6121 = CARTESIAN_POINT('',(-0.465,-0.25,3.5E-02));
#6122 = DIRECTION('',(0.,0.,1.));
#6123 = DIRECTION('',(1.,0.,-0.));
#6124 = ADVANCED_FACE('',(#6125),#6188,.F.);
#6125 = FACE_BOUND('',#6126,.F.);
#6126 = EDGE_LOOP('',(#6127,#6137,#6144,#6145,#6146,#6147,#6156,#6164,
    #6173,#6181));
#6127 = ORIENTED_EDGE('',*,*,#6128,.F.);
#6128 = EDGE_CURVE('',#6129,#6131,#6133,.T.);
#6129 = VERTEX_POINT('',#6130);
#6130 = CARTESIAN_POINT('',(0.335,-0.25,-2.775557561563E-17));
#6131 = VERTEX_POINT('',#6132);
#6132 = CARTESIAN_POINT('',(0.465,-0.25,-2.775557561563E-17));
#6133 = LINE('',#6134,#6135);
#6134 = CARTESIAN_POINT('',(0.3,-0.25,0.));
#6135 = VECTOR('',#6136,1.);
#6136 = DIRECTION('',(1.,0.,0.));
#6137 = ORIENTED_EDGE('',*,*,#6138,.F.);
#6138 = EDGE_CURVE('',#6007,#6129,#6139,.T.);
#6139 = CIRCLE('',#6140,3.5E-02);
#6140 = AXIS2_PLACEMENT_3D('',#6141,#6142,#6143);
#6141 = CARTESIAN_POINT('',(0.335,-0.25,3.5E-02));
#6142 = DIRECTION('',(0.,-1.,0.));
#6143 = DIRECTION('',(0.,0.,1.));
#6144 = ORIENTED_EDGE('',*,*,#6006,.T.);
#6145 = ORIENTED_EDGE('',*,*,#5998,.T.);
#6146 = ORIENTED_EDGE('',*,*,#5990,.F.);
#6147 = ORIENTED_EDGE('',*,*,#6148,.T.);
#6148 = EDGE_CURVE('',#5983,#6149,#6151,.T.);
#6149 = VERTEX_POINT('',#6150);
#6150 = CARTESIAN_POINT('',(0.335,-0.25,0.35));
#6151 = CIRCLE('',#6152,3.5E-02);
#6152 = AXIS2_PLACEMENT_3D('',#6153,#6154,#6155);
#6153 = CARTESIAN_POINT('',(0.335,-0.25,0.315));
#6154 = DIRECTION('',(0.,1.,0.));
#6155 = DIRECTION('',(0.,-0.,1.));
#6156 = ORIENTED_EDGE('',*,*,#6157,.T.);
#6157 = EDGE_CURVE('',#6149,#6158,#6160,.T.);
#6158 = VERTEX_POINT('',#6159);
#6159 = CARTESIAN_POINT('',(0.465,-0.25,0.35));
#6160 = LINE('',#6161,#6162);
#6161 = CARTESIAN_POINT('',(0.3,-0.25,0.35));
#6162 = VECTOR('',#6163,1.);
#6163 = DIRECTION('',(1.,0.,0.));
#6164 = ORIENTED_EDGE('',*,*,#6165,.F.);
#6165 = EDGE_CURVE('',#6166,#6158,#6168,.T.);
#6166 = VERTEX_POINT('',#6167);
#6167 = CARTESIAN_POINT('',(0.5,-0.25,0.315));
#6168 = CIRCLE('',#6169,3.5E-02);
#6169 = AXIS2_PLACEMENT_3D('',#6170,#6171,#6172);
#6170 = CARTESIAN_POINT('',(0.465,-0.25,0.315));
#6171 = DIRECTION('',(0.,-1.,0.));
#6172 = DIRECTION('',(0.,0.,1.));
#6173 = ORIENTED_EDGE('',*,*,#6174,.F.);
#6174 = EDGE_CURVE('',#6175,#6166,#6177,.T.);
#6175 = VERTEX_POINT('',#6176);
#6176 = CARTESIAN_POINT('',(0.5,-0.25,3.5E-02));
#6177 = LINE('',#6178,#6179);
#6178 = CARTESIAN_POINT('',(0.5,-0.25,0.));
#6179 = VECTOR('',#6180,1.);
#6180 = DIRECTION('',(0.,0.,1.));
#6181 = ORIENTED_EDGE('',*,*,#6182,.T.);
#6182 = EDGE_CURVE('',#6175,#6131,#6183,.T.);
#6183 = CIRCLE('',#6184,3.5E-02);
#6184 = AXIS2_PLACEMENT_3D('',#6185,#6186,#6187);
#6185 = CARTESIAN_POINT('',(0.465,-0.25,3.5E-02));
#6186 = DIRECTION('',(0.,1.,0.));
#6187 = DIRECTION('',(0.,-0.,1.));
#6188 = PLANE('',#6189);
#6189 = AXIS2_PLACEMENT_3D('',#6190,#6191,#6192);
#6190 = CARTESIAN_POINT('',(0.3,-0.25,0.));
#6191 = DIRECTION('',(0.,1.,0.));
#6192 = DIRECTION('',(0.,-0.,1.));
#6193 = ADVANCED_FACE('',(#6194),#6219,.F.);
#6194 = FACE_BOUND('',#6195,.F.);
#6195 = EDGE_LOOP('',(#6196,#6197,#6205,#6213));
#6196 = ORIENTED_EDGE('',*,*,#5982,.F.);
#6197 = ORIENTED_EDGE('',*,*,#6198,.T.);
#6198 = EDGE_CURVE('',#5781,#6199,#6201,.T.);
#6199 = VERTEX_POINT('',#6200);
#6200 = CARTESIAN_POINT('',(-0.3,-0.25,0.35));
#6201 = LINE('',#6202,#6203);
#6202 = CARTESIAN_POINT('',(-0.3,-0.25,0.315));
#6203 = VECTOR('',#6204,1.);
#6204 = DIRECTION('',(0.,0.,1.));
#6205 = ORIENTED_EDGE('',*,*,#6206,.T.);
#6206 = EDGE_CURVE('',#6199,#6207,#6209,.T.);
#6207 = VERTEX_POINT('',#6208);
#6208 = CARTESIAN_POINT('',(0.3,-0.25,0.35));
#6209 = LINE('',#6210,#6211);
#6210 = CARTESIAN_POINT('',(-0.3,-0.25,0.35));
#6211 = VECTOR('',#6212,1.);
#6212 = DIRECTION('',(1.,0.,0.));
#6213 = ORIENTED_EDGE('',*,*,#6214,.F.);
#6214 = EDGE_CURVE('',#5983,#6207,#6215,.T.);
#6215 = LINE('',#6216,#6217);
#6216 = CARTESIAN_POINT('',(0.3,-0.25,0.315));
#6217 = VECTOR('',#6218,1.);
#6218 = DIRECTION('',(0.,0.,1.));
#6219 = PLANE('',#6220);
#6220 = AXIS2_PLACEMENT_3D('',#6221,#6222,#6223);
#6221 = CARTESIAN_POINT('',(-0.3,-0.25,0.315));
#6222 = DIRECTION('',(0.,1.,0.));
#6223 = DIRECTION('',(0.,-0.,1.));
#6224 = ADVANCED_FACE('',(#6225),#6243,.F.);
#6225 = FACE_BOUND('',#6226,.F.);
#6226 = EDGE_LOOP('',(#6227,#6228,#6229,#6237));
#6227 = ORIENTED_EDGE('',*,*,#6198,.F.);
#6228 = ORIENTED_EDGE('',*,*,#6045,.T.);
#6229 = ORIENTED_EDGE('',*,*,#6230,.T.);
#6230 = EDGE_CURVE('',#5898,#6231,#6233,.T.);
#6231 = VERTEX_POINT('',#6232);
#6232 = CARTESIAN_POINT('',(-0.3,0.25,0.35));
#6233 = LINE('',#6234,#6235);
#6234 = CARTESIAN_POINT('',(-0.3,0.25,0.315));
#6235 = VECTOR('',#6236,1.);
#6236 = DIRECTION('',(0.,0.,1.));
#6237 = ORIENTED_EDGE('',*,*,#6238,.F.);
#6238 = EDGE_CURVE('',#6199,#6231,#6239,.T.);
#6239 = LINE('',#6240,#6241);
#6240 = CARTESIAN_POINT('',(-0.3,-0.25,0.35));
#6241 = VECTOR('',#6242,1.);
#6242 = DIRECTION('',(0.,1.,0.));
#6243 = PLANE('',#6244);
#6244 = AXIS2_PLACEMENT_3D('',#6245,#6246,#6247);
#6245 = CARTESIAN_POINT('',(-0.3,-0.25,0.315));
#6246 = DIRECTION('',(1.,0.,0.));
#6247 = DIRECTION('',(0.,0.,1.));
#6248 = ADVANCED_FACE('',(#6249),#6312,.T.);
#6249 = FACE_BOUND('',#6250,.T.);
#6250 = EDGE_LOOP('',(#6251,#6261,#6268,#6269,#6270,#6271,#6280,#6288,
    #6297,#6305));
#6251 = ORIENTED_EDGE('',*,*,#6252,.F.);
#6252 = EDGE_CURVE('',#6253,#6255,#6257,.T.);
#6253 = VERTEX_POINT('',#6254);
#6254 = CARTESIAN_POINT('',(0.335,0.25,-2.775557561563E-17));
#6255 = VERTEX_POINT('',#6256);
#6256 = CARTESIAN_POINT('',(0.465,0.25,-2.775557561563E-17));
#6257 = LINE('',#6258,#6259);
#6258 = CARTESIAN_POINT('',(0.3,0.25,0.));
#6259 = VECTOR('',#6260,1.);
#6260 = DIRECTION('',(1.,0.,0.));
#6261 = ORIENTED_EDGE('',*,*,#6262,.F.);
#6262 = EDGE_CURVE('',#6090,#6253,#6263,.T.);
#6263 = CIRCLE('',#6264,3.5E-02);
#6264 = AXIS2_PLACEMENT_3D('',#6265,#6266,#6267);
#6265 = CARTESIAN_POINT('',(0.335,0.25,3.5E-02));
#6266 = DIRECTION('',(0.,-1.,0.));
#6267 = DIRECTION('',(0.,0.,1.));
#6268 = ORIENTED_EDGE('',*,*,#6089,.T.);
#6269 = ORIENTED_EDGE('',*,*,#6081,.T.);
#6270 = ORIENTED_EDGE('',*,*,#6073,.F.);
#6271 = ORIENTED_EDGE('',*,*,#6272,.T.);
#6272 = EDGE_CURVE('',#6066,#6273,#6275,.T.);
#6273 = VERTEX_POINT('',#6274);
#6274 = CARTESIAN_POINT('',(0.335,0.25,0.35));
#6275 = CIRCLE('',#6276,3.5E-02);
#6276 = AXIS2_PLACEMENT_3D('',#6277,#6278,#6279);
#6277 = CARTESIAN_POINT('',(0.335,0.25,0.315));
#6278 = DIRECTION('',(0.,1.,0.));
#6279 = DIRECTION('',(0.,-0.,1.));
#6280 = ORIENTED_EDGE('',*,*,#6281,.T.);
#6281 = EDGE_CURVE('',#6273,#6282,#6284,.T.);
#6282 = VERTEX_POINT('',#6283);
#6283 = CARTESIAN_POINT('',(0.465,0.25,0.35));
#6284 = LINE('',#6285,#6286);
#6285 = CARTESIAN_POINT('',(0.3,0.25,0.35));
#6286 = VECTOR('',#6287,1.);
#6287 = DIRECTION('',(1.,0.,0.));
#6288 = ORIENTED_EDGE('',*,*,#6289,.F.);
#6289 = EDGE_CURVE('',#6290,#6282,#6292,.T.);
#6290 = VERTEX_POINT('',#6291);
#6291 = CARTESIAN_POINT('',(0.5,0.25,0.315));
#6292 = CIRCLE('',#6293,3.5E-02);
#6293 = AXIS2_PLACEMENT_3D('',#6294,#6295,#6296);
#6294 = CARTESIAN_POINT('',(0.465,0.25,0.315));
#6295 = DIRECTION('',(0.,-1.,0.));
#6296 = DIRECTION('',(0.,0.,1.));
#6297 = ORIENTED_EDGE('',*,*,#6298,.F.);
#6298 = EDGE_CURVE('',#6299,#6290,#6301,.T.);
#6299 = VERTEX_POINT('',#6300);
#6300 = CARTESIAN_POINT('',(0.5,0.25,3.5E-02));
#6301 = LINE('',#6302,#6303);
#6302 = CARTESIAN_POINT('',(0.5,0.25,0.));
#6303 = VECTOR('',#6304,1.);
#6304 = DIRECTION('',(0.,0.,1.));
#6305 = ORIENTED_EDGE('',*,*,#6306,.T.);
#6306 = EDGE_CURVE('',#6299,#6255,#6307,.T.);
#6307 = CIRCLE('',#6308,3.5E-02);
#6308 = AXIS2_PLACEMENT_3D('',#6309,#6310,#6311);
#6309 = CARTESIAN_POINT('',(0.465,0.25,3.5E-02));
#6310 = DIRECTION('',(0.,1.,0.));
#6311 = DIRECTION('',(0.,-0.,1.));
#6312 = PLANE('',#6313);
#6313 = AXIS2_PLACEMENT_3D('',#6314,#6315,#6316);
#6314 = CARTESIAN_POINT('',(0.3,0.25,0.));
#6315 = DIRECTION('',(0.,1.,0.));
#6316 = DIRECTION('',(0.,-0.,1.));
#6317 = ADVANCED_FACE('',(#6318),#6336,.T.);
#6318 = FACE_BOUND('',#6319,.T.);
#6319 = EDGE_LOOP('',(#6320,#6321,#6322,#6330));
#6320 = ORIENTED_EDGE('',*,*,#6065,.F.);
#6321 = ORIENTED_EDGE('',*,*,#6230,.T.);
#6322 = ORIENTED_EDGE('',*,*,#6323,.T.);
#6323 = EDGE_CURVE('',#6231,#6324,#6326,.T.);
#6324 = VERTEX_POINT('',#6325);
#6325 = CARTESIAN_POINT('',(0.3,0.25,0.35));
#6326 = LINE('',#6327,#6328);
#6327 = CARTESIAN_POINT('',(-0.3,0.25,0.35));
#6328 = VECTOR('',#6329,1.);
#6329 = DIRECTION('',(1.,0.,0.));
#6330 = ORIENTED_EDGE('',*,*,#6331,.F.);
#6331 = EDGE_CURVE('',#6066,#6324,#6332,.T.);
#6332 = LINE('',#6333,#6334);
#6333 = CARTESIAN_POINT('',(0.3,0.25,0.315));
#6334 = VECTOR('',#6335,1.);
#6335 = DIRECTION('',(0.,0.,1.));
#6336 = PLANE('',#6337);
#6337 = AXIS2_PLACEMENT_3D('',#6338,#6339,#6340);
#6338 = CARTESIAN_POINT('',(-0.3,0.25,0.315));
#6339 = DIRECTION('',(0.,1.,0.));
#6340 = DIRECTION('',(0.,-0.,1.));
#6341 = ADVANCED_FACE('',(#6342),#6353,.T.);
#6342 = FACE_BOUND('',#6343,.T.);
#6343 = EDGE_LOOP('',(#6344,#6345,#6346,#6352));
#6344 = ORIENTED_EDGE('',*,*,#6113,.T.);
#6345 = ORIENTED_EDGE('',*,*,#6262,.T.);
#6346 = ORIENTED_EDGE('',*,*,#6347,.F.);
#6347 = EDGE_CURVE('',#6129,#6253,#6348,.T.);
#6348 = LINE('',#6349,#6350);
#6349 = CARTESIAN_POINT('',(0.335,-0.25,-2.775557561563E-17));
#6350 = VECTOR('',#6351,1.);
#6351 = DIRECTION('',(0.,1.,0.));
#6352 = ORIENTED_EDGE('',*,*,#6138,.F.);
#6353 = CYLINDRICAL_SURFACE('',#6354,3.5E-02);
#6354 = AXIS2_PLACEMENT_3D('',#6355,#6356,#6357);
#6355 = CARTESIAN_POINT('',(0.335,-0.25,3.5E-02));
#6356 = DIRECTION('',(0.,1.,0.));
#6357 = DIRECTION('',(-1.,0.,0.));
#6358 = ADVANCED_FACE('',(#6359),#6370,.F.);
#6359 = FACE_BOUND('',#6360,.F.);
#6360 = EDGE_LOOP('',(#6361,#6362,#6363,#6364));
#6361 = ORIENTED_EDGE('',*,*,#6252,.F.);
#6362 = ORIENTED_EDGE('',*,*,#6347,.F.);
#6363 = ORIENTED_EDGE('',*,*,#6128,.T.);
#6364 = ORIENTED_EDGE('',*,*,#6365,.T.);
#6365 = EDGE_CURVE('',#6131,#6255,#6366,.T.);
#6366 = LINE('',#6367,#6368);
#6367 = CARTESIAN_POINT('',(0.465,-0.25,-2.775557561563E-17));
#6368 = VECTOR('',#6369,1.);
#6369 = DIRECTION('',(0.,1.,0.));
#6370 = PLANE('',#6371);
#6371 = AXIS2_PLACEMENT_3D('',#6372,#6373,#6374);
#6372 = CARTESIAN_POINT('',(0.3,-0.25,0.));
#6373 = DIRECTION('',(0.,0.,1.));
#6374 = DIRECTION('',(1.,0.,-0.));
#6375 = ADVANCED_FACE('',(#6376),#6387,.T.);
#6376 = FACE_BOUND('',#6377,.T.);
#6377 = EDGE_LOOP('',(#6378,#6379,#6380,#6381));
#6378 = ORIENTED_EDGE('',*,*,#6182,.T.);
#6379 = ORIENTED_EDGE('',*,*,#6365,.T.);
#6380 = ORIENTED_EDGE('',*,*,#6306,.F.);
#6381 = ORIENTED_EDGE('',*,*,#6382,.F.);
#6382 = EDGE_CURVE('',#6175,#6299,#6383,.T.);
#6383 = LINE('',#6384,#6385);
#6384 = CARTESIAN_POINT('',(0.5,-0.25,3.5E-02));
#6385 = VECTOR('',#6386,1.);
#6386 = DIRECTION('',(0.,1.,0.));
#6387 = CYLINDRICAL_SURFACE('',#6388,3.5E-02);
#6388 = AXIS2_PLACEMENT_3D('',#6389,#6390,#6391);
#6389 = CARTESIAN_POINT('',(0.465,-0.25,3.5E-02));
#6390 = DIRECTION('',(0.,1.,0.));
#6391 = DIRECTION('',(1.,0.,0.));
#6392 = ADVANCED_FACE('',(#6393),#6404,.T.);
#6393 = FACE_BOUND('',#6394,.T.);
#6394 = EDGE_LOOP('',(#6395,#6396,#6397,#6398));
#6395 = ORIENTED_EDGE('',*,*,#6174,.F.);
#6396 = ORIENTED_EDGE('',*,*,#6382,.T.);
#6397 = ORIENTED_EDGE('',*,*,#6298,.T.);
#6398 = ORIENTED_EDGE('',*,*,#6399,.F.);
#6399 = EDGE_CURVE('',#6166,#6290,#6400,.T.);
#6400 = LINE('',#6401,#6402);
#6401 = CARTESIAN_POINT('',(0.5,-0.25,0.315));
#6402 = VECTOR('',#6403,1.);
#6403 = DIRECTION('',(0.,1.,0.));
#6404 = PLANE('',#6405);
#6405 = AXIS2_PLACEMENT_3D('',#6406,#6407,#6408);
#6406 = CARTESIAN_POINT('',(0.5,-0.25,0.));
#6407 = DIRECTION('',(1.,0.,0.));
#6408 = DIRECTION('',(0.,0.,1.));
#6409 = ADVANCED_FACE('',(#6410),#6421,.T.);
#6410 = FACE_BOUND('',#6411,.T.);
#6411 = EDGE_LOOP('',(#6412,#6413,#6414,#6420));
#6412 = ORIENTED_EDGE('',*,*,#6399,.T.);
#6413 = ORIENTED_EDGE('',*,*,#6289,.T.);
#6414 = ORIENTED_EDGE('',*,*,#6415,.F.);
#6415 = EDGE_CURVE('',#6158,#6282,#6416,.T.);
#6416 = LINE('',#6417,#6418);
#6417 = CARTESIAN_POINT('',(0.465,-0.25,0.35));
#6418 = VECTOR('',#6419,1.);
#6419 = DIRECTION('',(0.,1.,0.));
#6420 = ORIENTED_EDGE('',*,*,#6165,.F.);
#6421 = CYLINDRICAL_SURFACE('',#6422,3.5E-02);
#6422 = AXIS2_PLACEMENT_3D('',#6423,#6424,#6425);
#6423 = CARTESIAN_POINT('',(0.465,-0.25,0.315));
#6424 = DIRECTION('',(0.,1.,0.));
#6425 = DIRECTION('',(1.,0.,0.));
#6426 = ADVANCED_FACE('',(#6427),#6438,.T.);
#6427 = FACE_BOUND('',#6428,.T.);
#6428 = EDGE_LOOP('',(#6429,#6430,#6436,#6437));
#6429 = ORIENTED_EDGE('',*,*,#6281,.F.);
#6430 = ORIENTED_EDGE('',*,*,#6431,.F.);
#6431 = EDGE_CURVE('',#6149,#6273,#6432,.T.);
#6432 = LINE('',#6433,#6434);
#6433 = CARTESIAN_POINT('',(0.335,-0.25,0.35));
#6434 = VECTOR('',#6435,1.);
#6435 = DIRECTION('',(0.,1.,0.));
#6436 = ORIENTED_EDGE('',*,*,#6157,.T.);
#6437 = ORIENTED_EDGE('',*,*,#6415,.T.);
#6438 = PLANE('',#6439);
#6439 = AXIS2_PLACEMENT_3D('',#6440,#6441,#6442);
#6440 = CARTESIAN_POINT('',(0.3,-0.25,0.35));
#6441 = DIRECTION('',(0.,0.,1.));
#6442 = DIRECTION('',(1.,0.,-0.));
#6443 = ADVANCED_FACE('',(#6444),#6455,.T.);
#6444 = FACE_BOUND('',#6445,.T.);
#6445 = EDGE_LOOP('',(#6446,#6447,#6448,#6449));
#6446 = ORIENTED_EDGE('',*,*,#6148,.T.);
#6447 = ORIENTED_EDGE('',*,*,#6431,.T.);
#6448 = ORIENTED_EDGE('',*,*,#6272,.F.);
#6449 = ORIENTED_EDGE('',*,*,#6450,.F.);
#6450 = EDGE_CURVE('',#5983,#6066,#6451,.T.);
#6451 = LINE('',#6452,#6453);
#6452 = CARTESIAN_POINT('',(0.3,-0.25,0.315));
#6453 = VECTOR('',#6454,1.);
#6454 = DIRECTION('',(0.,1.,0.));
#6455 = CYLINDRICAL_SURFACE('',#6456,3.5E-02);
#6456 = AXIS2_PLACEMENT_3D('',#6457,#6458,#6459);
#6457 = CARTESIAN_POINT('',(0.335,-0.25,0.315));
#6458 = DIRECTION('',(0.,1.,0.));
#6459 = DIRECTION('',(-1.,0.,0.));
#6460 = ADVANCED_FACE('',(#6461),#6472,.T.);
#6461 = FACE_BOUND('',#6462,.T.);
#6462 = EDGE_LOOP('',(#6463,#6464,#6465,#6466));
#6463 = ORIENTED_EDGE('',*,*,#6214,.F.);
#6464 = ORIENTED_EDGE('',*,*,#6450,.T.);
#6465 = ORIENTED_EDGE('',*,*,#6331,.T.);
#6466 = ORIENTED_EDGE('',*,*,#6467,.F.);
#6467 = EDGE_CURVE('',#6207,#6324,#6468,.T.);
#6468 = LINE('',#6469,#6470);
#6469 = CARTESIAN_POINT('',(0.3,-0.25,0.35));
#6470 = VECTOR('',#6471,1.);
#6471 = DIRECTION('',(0.,1.,0.));
#6472 = PLANE('',#6473);
#6473 = AXIS2_PLACEMENT_3D('',#6474,#6475,#6476);
#6474 = CARTESIAN_POINT('',(0.3,-0.25,0.315));
#6475 = DIRECTION('',(1.,0.,0.));
#6476 = DIRECTION('',(0.,0.,1.));
#6477 = ADVANCED_FACE('',(#6478),#6484,.T.);
#6478 = FACE_BOUND('',#6479,.T.);
#6479 = EDGE_LOOP('',(#6480,#6481,#6482,#6483));
#6480 = ORIENTED_EDGE('',*,*,#6238,.F.);
#6481 = ORIENTED_EDGE('',*,*,#6206,.T.);
#6482 = ORIENTED_EDGE('',*,*,#6467,.T.);
#6483 = ORIENTED_EDGE('',*,*,#6323,.F.);
#6484 = PLANE('',#6485);
#6485 = AXIS2_PLACEMENT_3D('',#6486,#6487,#6488);
#6486 = CARTESIAN_POINT('',(-0.3,-0.25,0.35));
#6487 = DIRECTION('',(0.,0.,1.));
#6488 = DIRECTION('',(1.,0.,-0.));
#6489 = ( GEOMETRIC_REPRESENTATION_CONTEXT(3) 
GLOBAL_UNCERTAINTY_ASSIGNED_CONTEXT((#6493)) 
GLOBAL_UNIT_ASSIGNED_CONTEXT((#6490,#6491,#6492)) REPRESENTATION_CONTEXT
('Context #1','3D Context with UNIT and UNCERTAINTY') );
#6490 = ( LENGTH_UNIT() NAMED_UNIT(*) SI_UNIT(.MILLI.,.METRE.) );
#6491 = ( NAMED_UNIT(*) PLANE_ANGLE_UNIT() SI_UNIT($,.RADIAN.) );
#6492 = ( NAMED_UNIT(*) SI_UNIT($,.STERADIAN.) SOLID_ANGLE_UNIT() );
#6493 = UNCERTAINTY_MEASURE_WITH_UNIT(LENGTH_MEASURE(1.E-07),#6490,
  'distance_accuracy_value','confusion accuracy');
#6494 = CONTEXT_DEPENDENT_SHAPE_REPRESENTATION(#6495,#6497);
#6495 = ( REPRESENTATION_RELATIONSHIP('','',#5698,#10) 
REPRESENTATION_RELATIONSHIP_WITH_TRANSFORMATION(#6496) 
SHAPE_REPRESENTATION_RELATIONSHIP() );
#6496 = ITEM_DEFINED_TRANSFORMATION('','',#11,#35);
#6497 = PRODUCT_DEFINITION_SHAPE('Placement','Placement of an item',
  #6498);
#6498 = NEXT_ASSEMBLY_USAGE_OCCURRENCE('6','R7','',#5,#5693,$);
#6499 = PRODUCT_RELATED_PRODUCT_CATEGORY('part',$,(#5695));
#6500 = CONTEXT_DEPENDENT_SHAPE_REPRESENTATION(#6501,#6503);
#6501 = ( REPRESENTATION_RELATIONSHIP('','',#84,#10) 
REPRESENTATION_RELATIONSHIP_WITH_TRANSFORMATION(#6502) 
SHAPE_REPRESENTATION_RELATIONSHIP() );
#6502 = ITEM_DEFINED_TRANSFORMATION('','',#11,#39);
#6503 = PRODUCT_DEFINITION_SHAPE('Placement','Placement of an item',
  #6504);
#6504 = NEXT_ASSEMBLY_USAGE_OCCURRENCE('7','C4','',#5,#79,$);
#6505 = SHAPE_DEFINITION_REPRESENTATION(#6506,#6512);
#6506 = PRODUCT_DEFINITION_SHAPE('','',#6507);
#6507 = PRODUCT_DEFINITION('design','',#6508,#6511);
#6508 = PRODUCT_DEFINITION_FORMATION('','',#6509);
#6509 = PRODUCT('kicad_embedded_3351D60FDAF86F74528C59DA770C054B',
  'kicad_embedded_3351D60FDAF86F74528C59DA770C054B','',(#6510));
#6510 = PRODUCT_CONTEXT('',#2,'mechanical');
#6511 = PRODUCT_DEFINITION_CONTEXT('part definition',#2,'design');
#6512 = SHAPE_REPRESENTATION('',(#11,#6513,#8400,#8630,#8780,#8930,#9080
    ,#9230,#9380,#9530,#9680,#9830,#10013,#10163,#10313),#10463);
#6513 = MANIFOLD_SOLID_BREP('',#6514);
#6514 = CLOSED_SHELL('',(#6515,#6555,#6586,#6617,#6639,#7067,#7079,#7110
    ,#7134,#7158,#7175,#7187,#7218,#7242,#7266,#7283,#7295,#7326,#7350,
    #7374,#7391,#7403,#7434,#7458,#7482,#7499,#7511,#7542,#7573,#7597,
    #7614,#7632,#7663,#7687,#7711,#7728,#7740,#7771,#7795,#7819,#7836,
    #7848,#7879,#7903,#7927,#7944,#7956,#7987,#8011,#8035,#8052,#8064,
    #8095,#8119,#8143,#8160,#8172,#8203,#8227,#8251,#8268,#8280,#8311,
    #8335,#8359,#8376,#8388));
#6515 = ADVANCED_FACE('',(#6516),#6550,.F.);
#6516 = FACE_BOUND('',#6517,.T.);
#6517 = EDGE_LOOP('',(#6518,#6528,#6536,#6544));
#6518 = ORIENTED_EDGE('',*,*,#6519,.T.);
#6519 = EDGE_CURVE('',#6520,#6522,#6524,.T.);
#6520 = VERTEX_POINT('',#6521);
#6521 = CARTESIAN_POINT('',(1.,0.75,1.));
#6522 = VERTEX_POINT('',#6523);
#6523 = CARTESIAN_POINT('',(1.,0.75,-1.));
#6524 = LINE('',#6525,#6526);
#6525 = CARTESIAN_POINT('',(1.,0.75,1.));
#6526 = VECTOR('',#6527,1.);
#6527 = DIRECTION('',(0.,0.,-1.));
#6528 = ORIENTED_EDGE('',*,*,#6529,.F.);
#6529 = EDGE_CURVE('',#6530,#6522,#6532,.T.);
#6530 = VERTEX_POINT('',#6531);
#6531 = CARTESIAN_POINT('',(1.,1.,-1.));
#6532 = LINE('',#6533,#6534);
#6533 = CARTESIAN_POINT('',(1.,1.,-1.));
#6534 = VECTOR('',#6535,1.);
#6535 = DIRECTION('',(-0.,-1.,-0.));
#6536 = ORIENTED_EDGE('',*,*,#6537,.F.);
#6537 = EDGE_CURVE('',#6538,#6530,#6540,.T.);
#6538 = VERTEX_POINT('',#6539);
#6539 = CARTESIAN_POINT('',(1.,1.,1.));
#6540 = LINE('',#6541,#6542);
#6541 = CARTESIAN_POINT('',(1.,1.,1.));
#6542 = VECTOR('',#6543,1.);
#6543 = DIRECTION('',(0.,0.,-1.));
#6544 = ORIENTED_EDGE('',*,*,#6545,.T.);
#6545 = EDGE_CURVE('',#6538,#6520,#6546,.T.);
#6546 = LINE('',#6547,#6548);
#6547 = CARTESIAN_POINT('',(1.,1.,1.));
#6548 = VECTOR('',#6549,1.);
#6549 = DIRECTION('',(-0.,-1.,-0.));
#6550 = PLANE('',#6551);
#6551 = AXIS2_PLACEMENT_3D('',#6552,#6553,#6554);
#6552 = CARTESIAN_POINT('',(1.,1.,1.));
#6553 = DIRECTION('',(-1.,0.,0.));
#6554 = DIRECTION('',(0.,0.,1.));
#6555 = ADVANCED_FACE('',(#6556),#6581,.F.);
#6556 = FACE_BOUND('',#6557,.T.);
#6557 = EDGE_LOOP('',(#6558,#6566,#6574,#6580));
#6558 = ORIENTED_EDGE('',*,*,#6559,.T.);
#6559 = EDGE_CURVE('',#6522,#6560,#6562,.T.);
#6560 = VERTEX_POINT('',#6561);
#6561 = CARTESIAN_POINT('',(-1.,0.75,-1.));
#6562 = LINE('',#6563,#6564);
#6563 = CARTESIAN_POINT('',(1.,0.75,-1.));
#6564 = VECTOR('',#6565,1.);
#6565 = DIRECTION('',(-1.,0.,1.084202172486E-16));
#6566 = ORIENTED_EDGE('',*,*,#6567,.F.);
#6567 = EDGE_CURVE('',#6568,#6560,#6570,.T.);
#6568 = VERTEX_POINT('',#6569);
#6569 = CARTESIAN_POINT('',(-1.,1.,-1.));
#6570 = LINE('',#6571,#6572);
#6571 = CARTESIAN_POINT('',(-1.,1.,-1.));
#6572 = VECTOR('',#6573,1.);
#6573 = DIRECTION('',(-0.,-1.,-0.));
#6574 = ORIENTED_EDGE('',*,*,#6575,.F.);
#6575 = EDGE_CURVE('',#6530,#6568,#6576,.T.);
#6576 = LINE('',#6577,#6578);
#6577 = CARTESIAN_POINT('',(1.,1.,-1.));
#6578 = VECTOR('',#6579,1.);
#6579 = DIRECTION('',(-1.,0.,1.084202172486E-16));
#6580 = ORIENTED_EDGE('',*,*,#6529,.T.);
#6581 = PLANE('',#6582);
#6582 = AXIS2_PLACEMENT_3D('',#6583,#6584,#6585);
#6583 = CARTESIAN_POINT('',(1.,1.,-1.));
#6584 = DIRECTION('',(1.084202172486E-16,-0.,1.));
#6585 = DIRECTION('',(1.,0.,-1.084202172486E-16));
#6586 = ADVANCED_FACE('',(#6587),#6612,.F.);
#6587 = FACE_BOUND('',#6588,.T.);
#6588 = EDGE_LOOP('',(#6589,#6597,#6605,#6611));
#6589 = ORIENTED_EDGE('',*,*,#6590,.T.);
#6590 = EDGE_CURVE('',#6560,#6591,#6593,.T.);
#6591 = VERTEX_POINT('',#6592);
#6592 = CARTESIAN_POINT('',(-1.,0.75,1.));
#6593 = LINE('',#6594,#6595);
#6594 = CARTESIAN_POINT('',(-1.,0.75,-1.));
#6595 = VECTOR('',#6596,1.);
#6596 = DIRECTION('',(0.,0.,1.));
#6597 = ORIENTED_EDGE('',*,*,#6598,.F.);
#6598 = EDGE_CURVE('',#6599,#6591,#6601,.T.);
#6599 = VERTEX_POINT('',#6600);
#6600 = CARTESIAN_POINT('',(-1.,1.,1.));
#6601 = LINE('',#6602,#6603);
#6602 = CARTESIAN_POINT('',(-1.,1.,1.));
#6603 = VECTOR('',#6604,1.);
#6604 = DIRECTION('',(-0.,-1.,-0.));
#6605 = ORIENTED_EDGE('',*,*,#6606,.F.);
#6606 = EDGE_CURVE('',#6568,#6599,#6607,.T.);
#6607 = LINE('',#6608,#6609);
#6608 = CARTESIAN_POINT('',(-1.,1.,-1.));
#6609 = VECTOR('',#6610,1.);
#6610 = DIRECTION('',(0.,0.,1.));
#6611 = ORIENTED_EDGE('',*,*,#6567,.T.);
#6612 = PLANE('',#6613);
#6613 = AXIS2_PLACEMENT_3D('',#6614,#6615,#6616);
#6614 = CARTESIAN_POINT('',(-1.,1.,-1.));
#6615 = DIRECTION('',(1.,0.,0.));
#6616 = DIRECTION('',(0.,0.,-1.));
#6617 = ADVANCED_FACE('',(#6618),#6634,.F.);
#6618 = FACE_BOUND('',#6619,.T.);
#6619 = EDGE_LOOP('',(#6620,#6626,#6627,#6633));
#6620 = ORIENTED_EDGE('',*,*,#6621,.T.);
#6621 = EDGE_CURVE('',#6591,#6520,#6622,.T.);
#6622 = LINE('',#6623,#6624);
#6623 = CARTESIAN_POINT('',(-1.,0.75,1.));
#6624 = VECTOR('',#6625,1.);
#6625 = DIRECTION('',(1.,0.,-1.084202172486E-16));
#6626 = ORIENTED_EDGE('',*,*,#6545,.F.);
#6627 = ORIENTED_EDGE('',*,*,#6628,.F.);
#6628 = EDGE_CURVE('',#6599,#6538,#6629,.T.);
#6629 = LINE('',#6630,#6631);
#6630 = CARTESIAN_POINT('',(-1.,1.,1.));
#6631 = VECTOR('',#6632,1.);
#6632 = DIRECTION('',(1.,0.,-1.084202172486E-16));
#6633 = ORIENTED_EDGE('',*,*,#6598,.T.);
#6634 = PLANE('',#6635);
#6635 = AXIS2_PLACEMENT_3D('',#6636,#6637,#6638);
#6636 = CARTESIAN_POINT('',(-1.,1.,1.));
#6637 = DIRECTION('',(-1.084202172486E-16,0.,-1.));
#6638 = DIRECTION('',(-1.,0.,1.084202172486E-16));
#6639 = ADVANCED_FACE('',(#6640,#6674,#6708,#6742,#6776,#6810,#6844,
    #6878,#6920,#6954,#6988,#7022,#7056),#7062,.T.);
#6640 = FACE_BOUND('',#6641,.T.);
#6641 = EDGE_LOOP('',(#6642,#6652,#6660,#6668));
#6642 = ORIENTED_EDGE('',*,*,#6643,.F.);
#6643 = EDGE_CURVE('',#6644,#6646,#6648,.T.);
#6644 = VERTEX_POINT('',#6645);
#6645 = CARTESIAN_POINT('',(-0.9,1.,-0.375));
#6646 = VERTEX_POINT('',#6647);
#6647 = CARTESIAN_POINT('',(-0.9,1.,-0.125));
#6648 = LINE('',#6649,#6650);
#6649 = CARTESIAN_POINT('',(-0.9,1.,-0.375));
#6650 = VECTOR('',#6651,1.);
#6651 = DIRECTION('',(0.,0.,1.));
#6652 = ORIENTED_EDGE('',*,*,#6653,.F.);
#6653 = EDGE_CURVE('',#6654,#6644,#6656,.T.);
#6654 = VERTEX_POINT('',#6655);
#6655 = CARTESIAN_POINT('',(-0.625,1.,-0.375));
#6656 = LINE('',#6657,#6658);
#6657 = CARTESIAN_POINT('',(-0.9,1.,-0.375));
#6658 = VECTOR('',#6659,1.);
#6659 = DIRECTION('',(-1.,-0.,-1.971276677246E-16));
#6660 = ORIENTED_EDGE('',*,*,#6661,.F.);
#6661 = EDGE_CURVE('',#6662,#6654,#6664,.T.);
#6662 = VERTEX_POINT('',#6663);
#6663 = CARTESIAN_POINT('',(-0.625,1.,-0.125));
#6664 = LINE('',#6665,#6666);
#6665 = CARTESIAN_POINT('',(-0.625,1.,-0.375));
#6666 = VECTOR('',#6667,1.);
#6667 = DIRECTION('',(-0.,-0.,-1.));
#6668 = ORIENTED_EDGE('',*,*,#6669,.F.);
#6669 = EDGE_CURVE('',#6646,#6662,#6670,.T.);
#6670 = LINE('',#6671,#6672);
#6671 = CARTESIAN_POINT('',(-0.9,1.,-0.125));
#6672 = VECTOR('',#6673,1.);
#6673 = DIRECTION('',(1.,0.,1.971276677246E-16));
#6674 = FACE_BOUND('',#6675,.T.);
#6675 = EDGE_LOOP('',(#6676,#6686,#6694,#6702));
#6676 = ORIENTED_EDGE('',*,*,#6677,.F.);
#6677 = EDGE_CURVE('',#6678,#6680,#6682,.T.);
#6678 = VERTEX_POINT('',#6679);
#6679 = CARTESIAN_POINT('',(-0.9,1.,0.125));
#6680 = VERTEX_POINT('',#6681);
#6681 = CARTESIAN_POINT('',(-0.9,1.,0.375));
#6682 = LINE('',#6683,#6684);
#6683 = CARTESIAN_POINT('',(-0.9,1.,0.375));
#6684 = VECTOR('',#6685,1.);
#6685 = DIRECTION('',(-0.,-0.,1.));
#6686 = ORIENTED_EDGE('',*,*,#6687,.F.);
#6687 = EDGE_CURVE('',#6688,#6678,#6690,.T.);
#6688 = VERTEX_POINT('',#6689);
#6689 = CARTESIAN_POINT('',(-0.625,1.,0.125));
#6690 = LINE('',#6691,#6692);
#6691 = CARTESIAN_POINT('',(-0.9,1.,0.125));
#6692 = VECTOR('',#6693,1.);
#6693 = DIRECTION('',(-1.,-0.,-1.971276677246E-16));
#6694 = ORIENTED_EDGE('',*,*,#6695,.F.);
#6695 = EDGE_CURVE('',#6696,#6688,#6698,.T.);
#6696 = VERTEX_POINT('',#6697);
#6697 = CARTESIAN_POINT('',(-0.625,1.,0.375));
#6698 = LINE('',#6699,#6700);
#6699 = CARTESIAN_POINT('',(-0.625,1.,0.375));
#6700 = VECTOR('',#6701,1.);
#6701 = DIRECTION('',(0.,0.,-1.));
#6702 = ORIENTED_EDGE('',*,*,#6703,.F.);
#6703 = EDGE_CURVE('',#6680,#6696,#6704,.T.);
#6704 = LINE('',#6705,#6706);
#6705 = CARTESIAN_POINT('',(-0.9,1.,0.375));
#6706 = VECTOR('',#6707,1.);
#6707 = DIRECTION('',(1.,0.,1.971276677246E-16));
#6708 = FACE_BOUND('',#6709,.T.);
#6709 = EDGE_LOOP('',(#6710,#6720,#6728,#6736));
#6710 = ORIENTED_EDGE('',*,*,#6711,.F.);
#6711 = EDGE_CURVE('',#6712,#6714,#6716,.T.);
#6712 = VERTEX_POINT('',#6713);
#6713 = CARTESIAN_POINT('',(0.9,1.,0.375));
#6714 = VERTEX_POINT('',#6715);
#6715 = CARTESIAN_POINT('',(0.9,1.,0.125));
#6716 = LINE('',#6717,#6718);
#6717 = CARTESIAN_POINT('',(0.9,1.,0.375));
#6718 = VECTOR('',#6719,1.);
#6719 = DIRECTION('',(0.,0.,-1.));
#6720 = ORIENTED_EDGE('',*,*,#6721,.F.);
#6721 = EDGE_CURVE('',#6722,#6712,#6724,.T.);
#6722 = VERTEX_POINT('',#6723);
#6723 = CARTESIAN_POINT('',(0.625,1.,0.375));
#6724 = LINE('',#6725,#6726);
#6725 = CARTESIAN_POINT('',(0.9,1.,0.375));
#6726 = VECTOR('',#6727,1.);
#6727 = DIRECTION('',(1.,-0.,-1.971276677246E-16));
#6728 = ORIENTED_EDGE('',*,*,#6729,.F.);
#6729 = EDGE_CURVE('',#6730,#6722,#6732,.T.);
#6730 = VERTEX_POINT('',#6731);
#6731 = CARTESIAN_POINT('',(0.625,1.,0.125));
#6732 = LINE('',#6733,#6734);
#6733 = CARTESIAN_POINT('',(0.625,1.,0.375));
#6734 = VECTOR('',#6735,1.);
#6735 = DIRECTION('',(-0.,-0.,1.));
#6736 = ORIENTED_EDGE('',*,*,#6737,.F.);
#6737 = EDGE_CURVE('',#6714,#6730,#6738,.T.);
#6738 = LINE('',#6739,#6740);
#6739 = CARTESIAN_POINT('',(0.9,1.,0.125));
#6740 = VECTOR('',#6741,1.);
#6741 = DIRECTION('',(-1.,0.,1.971276677246E-16));
#6742 = FACE_BOUND('',#6743,.T.);
#6743 = EDGE_LOOP('',(#6744,#6754,#6762,#6770));
#6744 = ORIENTED_EDGE('',*,*,#6745,.F.);
#6745 = EDGE_CURVE('',#6746,#6748,#6750,.T.);
#6746 = VERTEX_POINT('',#6747);
#6747 = CARTESIAN_POINT('',(0.625,1.,-0.375));
#6748 = VERTEX_POINT('',#6749);
#6749 = CARTESIAN_POINT('',(0.625,1.,-0.125));
#6750 = LINE('',#6751,#6752);
#6751 = CARTESIAN_POINT('',(0.625,1.,-0.375));
#6752 = VECTOR('',#6753,1.);
#6753 = DIRECTION('',(0.,0.,1.));
#6754 = ORIENTED_EDGE('',*,*,#6755,.F.);
#6755 = EDGE_CURVE('',#6756,#6746,#6758,.T.);
#6756 = VERTEX_POINT('',#6757);
#6757 = CARTESIAN_POINT('',(0.9,1.,-0.375));
#6758 = LINE('',#6759,#6760);
#6759 = CARTESIAN_POINT('',(0.9,1.,-0.375));
#6760 = VECTOR('',#6761,1.);
#6761 = DIRECTION('',(-1.,0.,1.971276677246E-16));
#6762 = ORIENTED_EDGE('',*,*,#6763,.F.);
#6763 = EDGE_CURVE('',#6764,#6756,#6766,.T.);
#6764 = VERTEX_POINT('',#6765);
#6765 = CARTESIAN_POINT('',(0.9,1.,-0.125));
#6766 = LINE('',#6767,#6768);
#6767 = CARTESIAN_POINT('',(0.9,1.,-0.375));
#6768 = VECTOR('',#6769,1.);
#6769 = DIRECTION('',(-0.,-0.,-1.));
#6770 = ORIENTED_EDGE('',*,*,#6771,.F.);
#6771 = EDGE_CURVE('',#6748,#6764,#6772,.T.);
#6772 = LINE('',#6773,#6774);
#6773 = CARTESIAN_POINT('',(0.9,1.,-0.125));
#6774 = VECTOR('',#6775,1.);
#6775 = DIRECTION('',(1.,-0.,-1.971276677246E-16));
#6776 = FACE_BOUND('',#6777,.T.);
#6777 = EDGE_LOOP('',(#6778,#6788,#6796,#6804));
#6778 = ORIENTED_EDGE('',*,*,#6779,.F.);
#6779 = EDGE_CURVE('',#6780,#6782,#6784,.T.);
#6780 = VERTEX_POINT('',#6781);
#6781 = CARTESIAN_POINT('',(-0.125,1.,-0.9));
#6782 = VERTEX_POINT('',#6783);
#6783 = CARTESIAN_POINT('',(-0.375,1.,-0.9));
#6784 = LINE('',#6785,#6786);
#6785 = CARTESIAN_POINT('',(-0.375,1.,-0.9));
#6786 = VECTOR('',#6787,1.);
#6787 = DIRECTION('',(-1.,-0.,-0.));
#6788 = ORIENTED_EDGE('',*,*,#6789,.F.);
#6789 = EDGE_CURVE('',#6790,#6780,#6792,.T.);
#6790 = VERTEX_POINT('',#6791);
#6791 = CARTESIAN_POINT('',(-0.125,1.,-0.625));
#6792 = LINE('',#6793,#6794);
#6793 = CARTESIAN_POINT('',(-0.125,1.,-0.625));
#6794 = VECTOR('',#6795,1.);
#6795 = DIRECTION('',(0.,0.,-1.));
#6796 = ORIENTED_EDGE('',*,*,#6797,.F.);
#6797 = EDGE_CURVE('',#6798,#6790,#6800,.T.);
#6798 = VERTEX_POINT('',#6799);
#6799 = CARTESIAN_POINT('',(-0.375,1.,-0.625));
#6800 = LINE('',#6801,#6802);
#6801 = CARTESIAN_POINT('',(-0.375,1.,-0.625));
#6802 = VECTOR('',#6803,1.);
#6803 = DIRECTION('',(1.,0.,0.));
#6804 = ORIENTED_EDGE('',*,*,#6805,.F.);
#6805 = EDGE_CURVE('',#6782,#6798,#6806,.T.);
#6806 = LINE('',#6807,#6808);
#6807 = CARTESIAN_POINT('',(-0.375,1.,-0.625));
#6808 = VECTOR('',#6809,1.);
#6809 = DIRECTION('',(-0.,-0.,1.));
#6810 = FACE_BOUND('',#6811,.T.);
#6811 = EDGE_LOOP('',(#6812,#6822,#6830,#6838));
#6812 = ORIENTED_EDGE('',*,*,#6813,.F.);
#6813 = EDGE_CURVE('',#6814,#6816,#6818,.T.);
#6814 = VERTEX_POINT('',#6815);
#6815 = CARTESIAN_POINT('',(0.125,1.,0.625));
#6816 = VERTEX_POINT('',#6817);
#6817 = CARTESIAN_POINT('',(0.125,1.,0.9));
#6818 = LINE('',#6819,#6820);
#6819 = CARTESIAN_POINT('',(0.125,1.,0.625));
#6820 = VECTOR('',#6821,1.);
#6821 = DIRECTION('',(0.,0.,1.));
#6822 = ORIENTED_EDGE('',*,*,#6823,.F.);
#6823 = EDGE_CURVE('',#6824,#6814,#6826,.T.);
#6824 = VERTEX_POINT('',#6825);
#6825 = CARTESIAN_POINT('',(0.375,1.,0.625));
#6826 = LINE('',#6827,#6828);
#6827 = CARTESIAN_POINT('',(0.125,1.,0.625));
#6828 = VECTOR('',#6829,1.);
#6829 = DIRECTION('',(-1.,-0.,-0.));
#6830 = ORIENTED_EDGE('',*,*,#6831,.F.);
#6831 = EDGE_CURVE('',#6832,#6824,#6834,.T.);
#6832 = VERTEX_POINT('',#6833);
#6833 = CARTESIAN_POINT('',(0.375,1.,0.9));
#6834 = LINE('',#6835,#6836);
#6835 = CARTESIAN_POINT('',(0.375,1.,0.625));
#6836 = VECTOR('',#6837,1.);
#6837 = DIRECTION('',(-0.,-0.,-1.));
#6838 = ORIENTED_EDGE('',*,*,#6839,.F.);
#6839 = EDGE_CURVE('',#6816,#6832,#6840,.T.);
#6840 = LINE('',#6841,#6842);
#6841 = CARTESIAN_POINT('',(0.125,1.,0.9));
#6842 = VECTOR('',#6843,1.);
#6843 = DIRECTION('',(1.,0.,0.));
#6844 = FACE_BOUND('',#6845,.T.);
#6845 = EDGE_LOOP('',(#6846,#6856,#6864,#6872));
#6846 = ORIENTED_EDGE('',*,*,#6847,.F.);
#6847 = EDGE_CURVE('',#6848,#6850,#6852,.T.);
#6848 = VERTEX_POINT('',#6849);
#6849 = CARTESIAN_POINT('',(0.375,1.,-0.9));
#6850 = VERTEX_POINT('',#6851);
#6851 = CARTESIAN_POINT('',(0.125,1.,-0.9));
#6852 = LINE('',#6853,#6854);
#6853 = CARTESIAN_POINT('',(0.125,1.,-0.9));
#6854 = VECTOR('',#6855,1.);
#6855 = DIRECTION('',(-1.,-0.,-0.));
#6856 = ORIENTED_EDGE('',*,*,#6857,.F.);
#6857 = EDGE_CURVE('',#6858,#6848,#6860,.T.);
#6858 = VERTEX_POINT('',#6859);
#6859 = CARTESIAN_POINT('',(0.375,1.,-0.625));
#6860 = LINE('',#6861,#6862);
#6861 = CARTESIAN_POINT('',(0.375,1.,-0.625));
#6862 = VECTOR('',#6863,1.);
#6863 = DIRECTION('',(0.,0.,-1.));
#6864 = ORIENTED_EDGE('',*,*,#6865,.F.);
#6865 = EDGE_CURVE('',#6866,#6858,#6868,.T.);
#6866 = VERTEX_POINT('',#6867);
#6867 = CARTESIAN_POINT('',(0.125,1.,-0.625));
#6868 = LINE('',#6869,#6870);
#6869 = CARTESIAN_POINT('',(0.125,1.,-0.625));
#6870 = VECTOR('',#6871,1.);
#6871 = DIRECTION('',(1.,0.,0.));
#6872 = ORIENTED_EDGE('',*,*,#6873,.F.);
#6873 = EDGE_CURVE('',#6850,#6866,#6874,.T.);
#6874 = LINE('',#6875,#6876);
#6875 = CARTESIAN_POINT('',(0.125,1.,-0.625));
#6876 = VECTOR('',#6877,1.);
#6877 = DIRECTION('',(-0.,-0.,1.));
#6878 = FACE_BOUND('',#6879,.T.);
#6879 = EDGE_LOOP('',(#6880,#6890,#6898,#6906,#6914));
#6880 = ORIENTED_EDGE('',*,*,#6881,.F.);
#6881 = EDGE_CURVE('',#6882,#6884,#6886,.T.);
#6882 = VERTEX_POINT('',#6883);
#6883 = CARTESIAN_POINT('',(0.625,1.,0.725));
#6884 = VERTEX_POINT('',#6885);
#6885 = CARTESIAN_POINT('',(0.625,1.,0.9));
#6886 = LINE('',#6887,#6888);
#6887 = CARTESIAN_POINT('',(0.625,1.,0.625));
#6888 = VECTOR('',#6889,1.);
#6889 = DIRECTION('',(0.,0.,1.));
#6890 = ORIENTED_EDGE('',*,*,#6891,.T.);
#6891 = EDGE_CURVE('',#6882,#6892,#6894,.T.);
#6892 = VERTEX_POINT('',#6893);
#6893 = CARTESIAN_POINT('',(0.725,1.,0.625));
#6894 = LINE('',#6895,#6896);
#6895 = CARTESIAN_POINT('',(0.625,1.,0.725));
#6896 = VECTOR('',#6897,1.);
#6897 = DIRECTION('',(0.707106781187,-0.,-0.707106781187));
#6898 = ORIENTED_EDGE('',*,*,#6899,.F.);
#6899 = EDGE_CURVE('',#6900,#6892,#6902,.T.);
#6900 = VERTEX_POINT('',#6901);
#6901 = CARTESIAN_POINT('',(0.875,1.,0.625));
#6902 = LINE('',#6903,#6904);
#6903 = CARTESIAN_POINT('',(0.625,1.,0.625));
#6904 = VECTOR('',#6905,1.);
#6905 = DIRECTION('',(-1.,-0.,-0.));
#6906 = ORIENTED_EDGE('',*,*,#6907,.F.);
#6907 = EDGE_CURVE('',#6908,#6900,#6910,.T.);
#6908 = VERTEX_POINT('',#6909);
#6909 = CARTESIAN_POINT('',(0.875,1.,0.9));
#6910 = LINE('',#6911,#6912);
#6911 = CARTESIAN_POINT('',(0.875,1.,0.625));
#6912 = VECTOR('',#6913,1.);
#6913 = DIRECTION('',(-0.,-0.,-1.));
#6914 = ORIENTED_EDGE('',*,*,#6915,.F.);
#6915 = EDGE_CURVE('',#6884,#6908,#6916,.T.);
#6916 = LINE('',#6917,#6918);
#6917 = CARTESIAN_POINT('',(0.625,1.,0.9));
#6918 = VECTOR('',#6919,1.);
#6919 = DIRECTION('',(1.,0.,0.));
#6920 = FACE_BOUND('',#6921,.T.);
#6921 = EDGE_LOOP('',(#6922,#6932,#6940,#6948));
#6922 = ORIENTED_EDGE('',*,*,#6923,.F.);
#6923 = EDGE_CURVE('',#6924,#6926,#6928,.T.);
#6924 = VERTEX_POINT('',#6925);
#6925 = CARTESIAN_POINT('',(-0.875,1.,0.625));
#6926 = VERTEX_POINT('',#6927);
#6927 = CARTESIAN_POINT('',(-0.875,1.,0.9));
#6928 = LINE('',#6929,#6930);
#6929 = CARTESIAN_POINT('',(-0.875,1.,0.625));
#6930 = VECTOR('',#6931,1.);
#6931 = DIRECTION('',(-7.885106708985E-16,0.,1.));
#6932 = ORIENTED_EDGE('',*,*,#6933,.F.);
#6933 = EDGE_CURVE('',#6934,#6924,#6936,.T.);
#6934 = VERTEX_POINT('',#6935);
#6935 = CARTESIAN_POINT('',(-0.625,1.,0.625));
#6936 = LINE('',#6937,#6938);
#6937 = CARTESIAN_POINT('',(-0.875,1.,0.625));
#6938 = VECTOR('',#6939,1.);
#6939 = DIRECTION('',(-1.,-0.,-4.163336342344E-14));
#6940 = ORIENTED_EDGE('',*,*,#6941,.F.);
#6941 = EDGE_CURVE('',#6942,#6934,#6944,.T.);
#6942 = VERTEX_POINT('',#6943);
#6943 = CARTESIAN_POINT('',(-0.625,1.,0.9));
#6944 = LINE('',#6945,#6946);
#6945 = CARTESIAN_POINT('',(-0.625,1.,0.625));
#6946 = VECTOR('',#6947,1.);
#6947 = DIRECTION('',(-0.,-0.,-1.));
#6948 = ORIENTED_EDGE('',*,*,#6949,.F.);
#6949 = EDGE_CURVE('',#6926,#6942,#6950,.T.);
#6950 = LINE('',#6951,#6952);
#6951 = CARTESIAN_POINT('',(-0.875,1.,0.9));
#6952 = VECTOR('',#6953,1.);
#6953 = DIRECTION('',(1.,0.,0.));
#6954 = FACE_BOUND('',#6955,.T.);
#6955 = EDGE_LOOP('',(#6956,#6966,#6974,#6982));
#6956 = ORIENTED_EDGE('',*,*,#6957,.F.);
#6957 = EDGE_CURVE('',#6958,#6960,#6962,.T.);
#6958 = VERTEX_POINT('',#6959);
#6959 = CARTESIAN_POINT('',(-0.625,1.,-0.9));
#6960 = VERTEX_POINT('',#6961);
#6961 = CARTESIAN_POINT('',(-0.875,1.,-0.9));
#6962 = LINE('',#6963,#6964);
#6963 = CARTESIAN_POINT('',(-0.875,1.,-0.9));
#6964 = VECTOR('',#6965,1.);
#6965 = DIRECTION('',(-1.,-0.,-0.));
#6966 = ORIENTED_EDGE('',*,*,#6967,.F.);
#6967 = EDGE_CURVE('',#6968,#6958,#6970,.T.);
#6968 = VERTEX_POINT('',#6969);
#6969 = CARTESIAN_POINT('',(-0.625,1.,-0.625));
#6970 = LINE('',#6971,#6972);
#6971 = CARTESIAN_POINT('',(-0.625,1.,-0.625));
#6972 = VECTOR('',#6973,1.);
#6973 = DIRECTION('',(0.,0.,-1.));
#6974 = ORIENTED_EDGE('',*,*,#6975,.F.);
#6975 = EDGE_CURVE('',#6976,#6968,#6978,.T.);
#6976 = VERTEX_POINT('',#6977);
#6977 = CARTESIAN_POINT('',(-0.875,1.,-0.625));
#6978 = LINE('',#6979,#6980);
#6979 = CARTESIAN_POINT('',(-0.875,1.,-0.625));
#6980 = VECTOR('',#6981,1.);
#6981 = DIRECTION('',(1.,0.,0.));
#6982 = ORIENTED_EDGE('',*,*,#6983,.F.);
#6983 = EDGE_CURVE('',#6960,#6976,#6984,.T.);
#6984 = LINE('',#6985,#6986);
#6985 = CARTESIAN_POINT('',(-0.875,1.,-0.625));
#6986 = VECTOR('',#6987,1.);
#6987 = DIRECTION('',(-0.,-0.,1.));
#6988 = FACE_BOUND('',#6989,.T.);
#6989 = EDGE_LOOP('',(#6990,#7000,#7008,#7016));
#6990 = ORIENTED_EDGE('',*,*,#6991,.F.);
#6991 = EDGE_CURVE('',#6992,#6994,#6996,.T.);
#6992 = VERTEX_POINT('',#6993);
#6993 = CARTESIAN_POINT('',(-0.375,1.,0.625));
#6994 = VERTEX_POINT('',#6995);
#6995 = CARTESIAN_POINT('',(-0.375,1.,0.9));
#6996 = LINE('',#6997,#6998);
#6997 = CARTESIAN_POINT('',(-0.375,1.,0.625));
#6998 = VECTOR('',#6999,1.);
#6999 = DIRECTION('',(0.,0.,1.));
#7000 = ORIENTED_EDGE('',*,*,#7001,.F.);
#7001 = EDGE_CURVE('',#7002,#6992,#7004,.T.);
#7002 = VERTEX_POINT('',#7003);
#7003 = CARTESIAN_POINT('',(-0.125,1.,0.625));
#7004 = LINE('',#7005,#7006);
#7005 = CARTESIAN_POINT('',(-0.375,1.,0.625));
#7006 = VECTOR('',#7007,1.);
#7007 = DIRECTION('',(-1.,-0.,-0.));
#7008 = ORIENTED_EDGE('',*,*,#7009,.F.);
#7009 = EDGE_CURVE('',#7010,#7002,#7012,.T.);
#7010 = VERTEX_POINT('',#7011);
#7011 = CARTESIAN_POINT('',(-0.125,1.,0.9));
#7012 = LINE('',#7013,#7014);
#7013 = CARTESIAN_POINT('',(-0.125,1.,0.625));
#7014 = VECTOR('',#7015,1.);
#7015 = DIRECTION('',(-0.,-0.,-1.));
#7016 = ORIENTED_EDGE('',*,*,#7017,.F.);
#7017 = EDGE_CURVE('',#6994,#7010,#7018,.T.);
#7018 = LINE('',#7019,#7020);
#7019 = CARTESIAN_POINT('',(-0.375,1.,0.9));
#7020 = VECTOR('',#7021,1.);
#7021 = DIRECTION('',(1.,0.,0.));
#7022 = FACE_BOUND('',#7023,.T.);
#7023 = EDGE_LOOP('',(#7024,#7034,#7042,#7050));
#7024 = ORIENTED_EDGE('',*,*,#7025,.F.);
#7025 = EDGE_CURVE('',#7026,#7028,#7030,.T.);
#7026 = VERTEX_POINT('',#7027);
#7027 = CARTESIAN_POINT('',(0.875,1.,-0.625));
#7028 = VERTEX_POINT('',#7029);
#7029 = CARTESIAN_POINT('',(0.875,1.,-0.9));
#7030 = LINE('',#7031,#7032);
#7031 = CARTESIAN_POINT('',(0.875,1.,-0.625));
#7032 = VECTOR('',#7033,1.);
#7033 = DIRECTION('',(0.,0.,-1.));
#7034 = ORIENTED_EDGE('',*,*,#7035,.F.);
#7035 = EDGE_CURVE('',#7036,#7026,#7038,.T.);
#7036 = VERTEX_POINT('',#7037);
#7037 = CARTESIAN_POINT('',(0.625,1.,-0.625));
#7038 = LINE('',#7039,#7040);
#7039 = CARTESIAN_POINT('',(0.625,1.,-0.625));
#7040 = VECTOR('',#7041,1.);
#7041 = DIRECTION('',(1.,0.,0.));
#7042 = ORIENTED_EDGE('',*,*,#7043,.F.);
#7043 = EDGE_CURVE('',#7044,#7036,#7046,.T.);
#7044 = VERTEX_POINT('',#7045);
#7045 = CARTESIAN_POINT('',(0.625,1.,-0.9));
#7046 = LINE('',#7047,#7048);
#7047 = CARTESIAN_POINT('',(0.625,1.,-0.625));
#7048 = VECTOR('',#7049,1.);
#7049 = DIRECTION('',(-0.,-0.,1.));
#7050 = ORIENTED_EDGE('',*,*,#7051,.F.);
#7051 = EDGE_CURVE('',#7028,#7044,#7052,.T.);
#7052 = LINE('',#7053,#7054);
#7053 = CARTESIAN_POINT('',(0.625,1.,-0.9));
#7054 = VECTOR('',#7055,1.);
#7055 = DIRECTION('',(-1.,-0.,-0.));
#7056 = FACE_BOUND('',#7057,.T.);
#7057 = EDGE_LOOP('',(#7058,#7059,#7060,#7061));
#7058 = ORIENTED_EDGE('',*,*,#6537,.T.);
#7059 = ORIENTED_EDGE('',*,*,#6575,.T.);
#7060 = ORIENTED_EDGE('',*,*,#6606,.T.);
#7061 = ORIENTED_EDGE('',*,*,#6628,.T.);
#7062 = PLANE('',#7063);
#7063 = AXIS2_PLACEMENT_3D('',#7064,#7065,#7066);
#7064 = CARTESIAN_POINT('',(0.,1.,0.));
#7065 = DIRECTION('',(0.,1.,0.));
#7066 = DIRECTION('',(0.,-0.,1.));
#7067 = ADVANCED_FACE('',(#7068),#7074,.F.);
#7068 = FACE_BOUND('',#7069,.T.);
#7069 = EDGE_LOOP('',(#7070,#7071,#7072,#7073));
#7070 = ORIENTED_EDGE('',*,*,#6519,.F.);
#7071 = ORIENTED_EDGE('',*,*,#6621,.F.);
#7072 = ORIENTED_EDGE('',*,*,#6590,.F.);
#7073 = ORIENTED_EDGE('',*,*,#6559,.F.);
#7074 = PLANE('',#7075);
#7075 = AXIS2_PLACEMENT_3D('',#7076,#7077,#7078);
#7076 = CARTESIAN_POINT('',(0.,0.75,0.));
#7077 = DIRECTION('',(0.,1.,0.));
#7078 = DIRECTION('',(0.,-0.,1.));
#7079 = ADVANCED_FACE('',(#7080),#7105,.F.);
#7080 = FACE_BOUND('',#7081,.T.);
#7081 = EDGE_LOOP('',(#7082,#7083,#7091,#7099));
#7082 = ORIENTED_EDGE('',*,*,#7025,.T.);
#7083 = ORIENTED_EDGE('',*,*,#7084,.F.);
#7084 = EDGE_CURVE('',#7085,#7028,#7087,.T.);
#7085 = VERTEX_POINT('',#7086);
#7086 = CARTESIAN_POINT('',(0.875,0.9,-0.9));
#7087 = LINE('',#7088,#7089);
#7088 = CARTESIAN_POINT('',(0.875,0.9,-0.9));
#7089 = VECTOR('',#7090,1.);
#7090 = DIRECTION('',(-0.,1.,-0.));
#7091 = ORIENTED_EDGE('',*,*,#7092,.F.);
#7092 = EDGE_CURVE('',#7093,#7085,#7095,.T.);
#7093 = VERTEX_POINT('',#7094);
#7094 = CARTESIAN_POINT('',(0.875,0.9,-0.625));
#7095 = LINE('',#7096,#7097);
#7096 = CARTESIAN_POINT('',(0.875,0.9,-0.625));
#7097 = VECTOR('',#7098,1.);
#7098 = DIRECTION('',(0.,0.,-1.));
#7099 = ORIENTED_EDGE('',*,*,#7100,.T.);
#7100 = EDGE_CURVE('',#7093,#7026,#7101,.T.);
#7101 = LINE('',#7102,#7103);
#7102 = CARTESIAN_POINT('',(0.875,0.9,-0.625));
#7103 = VECTOR('',#7104,1.);
#7104 = DIRECTION('',(-0.,1.,-0.));
#7105 = PLANE('',#7106);
#7106 = AXIS2_PLACEMENT_3D('',#7107,#7108,#7109);
#7107 = CARTESIAN_POINT('',(0.875,0.9,-0.625));
#7108 = DIRECTION('',(1.,0.,0.));
#7109 = DIRECTION('',(0.,0.,-1.));
#7110 = ADVANCED_FACE('',(#7111),#7129,.F.);
#7111 = FACE_BOUND('',#7112,.T.);
#7112 = EDGE_LOOP('',(#7113,#7114,#7115,#7123));
#7113 = ORIENTED_EDGE('',*,*,#7035,.T.);
#7114 = ORIENTED_EDGE('',*,*,#7100,.F.);
#7115 = ORIENTED_EDGE('',*,*,#7116,.F.);
#7116 = EDGE_CURVE('',#7117,#7093,#7119,.T.);
#7117 = VERTEX_POINT('',#7118);
#7118 = CARTESIAN_POINT('',(0.625,0.9,-0.625));
#7119 = LINE('',#7120,#7121);
#7120 = CARTESIAN_POINT('',(0.625,0.9,-0.625));
#7121 = VECTOR('',#7122,1.);
#7122 = DIRECTION('',(1.,0.,0.));
#7123 = ORIENTED_EDGE('',*,*,#7124,.T.);
#7124 = EDGE_CURVE('',#7117,#7036,#7125,.T.);
#7125 = LINE('',#7126,#7127);
#7126 = CARTESIAN_POINT('',(0.625,0.9,-0.625));
#7127 = VECTOR('',#7128,1.);
#7128 = DIRECTION('',(-0.,1.,-0.));
#7129 = PLANE('',#7130);
#7130 = AXIS2_PLACEMENT_3D('',#7131,#7132,#7133);
#7131 = CARTESIAN_POINT('',(0.625,0.9,-0.625));
#7132 = DIRECTION('',(-0.,0.,1.));
#7133 = DIRECTION('',(1.,0.,0.));
#7134 = ADVANCED_FACE('',(#7135),#7153,.F.);
#7135 = FACE_BOUND('',#7136,.T.);
#7136 = EDGE_LOOP('',(#7137,#7138,#7139,#7147));
#7137 = ORIENTED_EDGE('',*,*,#7043,.T.);
#7138 = ORIENTED_EDGE('',*,*,#7124,.F.);
#7139 = ORIENTED_EDGE('',*,*,#7140,.F.);
#7140 = EDGE_CURVE('',#7141,#7117,#7143,.T.);
#7141 = VERTEX_POINT('',#7142);
#7142 = CARTESIAN_POINT('',(0.625,0.9,-0.9));
#7143 = LINE('',#7144,#7145);
#7144 = CARTESIAN_POINT('',(0.625,0.9,-0.625));
#7145 = VECTOR('',#7146,1.);
#7146 = DIRECTION('',(-0.,-0.,1.));
#7147 = ORIENTED_EDGE('',*,*,#7148,.T.);
#7148 = EDGE_CURVE('',#7141,#7044,#7149,.T.);
#7149 = LINE('',#7150,#7151);
#7150 = CARTESIAN_POINT('',(0.625,0.9,-0.9));
#7151 = VECTOR('',#7152,1.);
#7152 = DIRECTION('',(-0.,1.,-0.));
#7153 = PLANE('',#7154);
#7154 = AXIS2_PLACEMENT_3D('',#7155,#7156,#7157);
#7155 = CARTESIAN_POINT('',(0.625,0.9,-0.625));
#7156 = DIRECTION('',(-1.,0.,-0.));
#7157 = DIRECTION('',(0.,0.,1.));
#7158 = ADVANCED_FACE('',(#7159),#7170,.F.);
#7159 = FACE_BOUND('',#7160,.T.);
#7160 = EDGE_LOOP('',(#7161,#7162,#7163,#7169));
#7161 = ORIENTED_EDGE('',*,*,#7051,.T.);
#7162 = ORIENTED_EDGE('',*,*,#7148,.F.);
#7163 = ORIENTED_EDGE('',*,*,#7164,.F.);
#7164 = EDGE_CURVE('',#7085,#7141,#7165,.T.);
#7165 = LINE('',#7166,#7167);
#7166 = CARTESIAN_POINT('',(0.625,0.9,-0.9));
#7167 = VECTOR('',#7168,1.);
#7168 = DIRECTION('',(-1.,-0.,-0.));
#7169 = ORIENTED_EDGE('',*,*,#7084,.T.);
#7170 = PLANE('',#7171);
#7171 = AXIS2_PLACEMENT_3D('',#7172,#7173,#7174);
#7172 = CARTESIAN_POINT('',(0.625,0.9,-0.9));
#7173 = DIRECTION('',(0.,0.,-1.));
#7174 = DIRECTION('',(-1.,0.,-0.));
#7175 = ADVANCED_FACE('',(#7176),#7182,.F.);
#7176 = FACE_BOUND('',#7177,.T.);
#7177 = EDGE_LOOP('',(#7178,#7179,#7180,#7181));
#7178 = ORIENTED_EDGE('',*,*,#7092,.T.);
#7179 = ORIENTED_EDGE('',*,*,#7164,.T.);
#7180 = ORIENTED_EDGE('',*,*,#7140,.T.);
#7181 = ORIENTED_EDGE('',*,*,#7116,.T.);
#7182 = PLANE('',#7183);
#7183 = AXIS2_PLACEMENT_3D('',#7184,#7185,#7186);
#7184 = CARTESIAN_POINT('',(0.,0.9,0.));
#7185 = DIRECTION('',(0.,-1.,0.));
#7186 = DIRECTION('',(0.,-0.,-1.));
#7187 = ADVANCED_FACE('',(#7188),#7213,.F.);
#7188 = FACE_BOUND('',#7189,.T.);
#7189 = EDGE_LOOP('',(#7190,#7191,#7199,#7207));
#7190 = ORIENTED_EDGE('',*,*,#6991,.T.);
#7191 = ORIENTED_EDGE('',*,*,#7192,.F.);
#7192 = EDGE_CURVE('',#7193,#6994,#7195,.T.);
#7193 = VERTEX_POINT('',#7194);
#7194 = CARTESIAN_POINT('',(-0.375,0.9,0.9));
#7195 = LINE('',#7196,#7197);
#7196 = CARTESIAN_POINT('',(-0.375,0.9,0.9));
#7197 = VECTOR('',#7198,1.);
#7198 = DIRECTION('',(-0.,1.,-0.));
#7199 = ORIENTED_EDGE('',*,*,#7200,.F.);
#7200 = EDGE_CURVE('',#7201,#7193,#7203,.T.);
#7201 = VERTEX_POINT('',#7202);
#7202 = CARTESIAN_POINT('',(-0.375,0.9,0.625));
#7203 = LINE('',#7204,#7205);
#7204 = CARTESIAN_POINT('',(-0.375,0.9,0.625));
#7205 = VECTOR('',#7206,1.);
#7206 = DIRECTION('',(0.,0.,1.));
#7207 = ORIENTED_EDGE('',*,*,#7208,.T.);
#7208 = EDGE_CURVE('',#7201,#6992,#7209,.T.);
#7209 = LINE('',#7210,#7211);
#7210 = CARTESIAN_POINT('',(-0.375,0.9,0.625));
#7211 = VECTOR('',#7212,1.);
#7212 = DIRECTION('',(-0.,1.,-0.));
#7213 = PLANE('',#7214);
#7214 = AXIS2_PLACEMENT_3D('',#7215,#7216,#7217);
#7215 = CARTESIAN_POINT('',(-0.375,0.9,0.625));
#7216 = DIRECTION('',(-1.,0.,0.));
#7217 = DIRECTION('',(0.,0.,1.));
#7218 = ADVANCED_FACE('',(#7219),#7237,.F.);
#7219 = FACE_BOUND('',#7220,.T.);
#7220 = EDGE_LOOP('',(#7221,#7222,#7223,#7231));
#7221 = ORIENTED_EDGE('',*,*,#7001,.T.);
#7222 = ORIENTED_EDGE('',*,*,#7208,.F.);
#7223 = ORIENTED_EDGE('',*,*,#7224,.F.);
#7224 = EDGE_CURVE('',#7225,#7201,#7227,.T.);
#7225 = VERTEX_POINT('',#7226);
#7226 = CARTESIAN_POINT('',(-0.125,0.9,0.625));
#7227 = LINE('',#7228,#7229);
#7228 = CARTESIAN_POINT('',(-0.375,0.9,0.625));
#7229 = VECTOR('',#7230,1.);
#7230 = DIRECTION('',(-1.,-0.,-0.));
#7231 = ORIENTED_EDGE('',*,*,#7232,.T.);
#7232 = EDGE_CURVE('',#7225,#7002,#7233,.T.);
#7233 = LINE('',#7234,#7235);
#7234 = CARTESIAN_POINT('',(-0.125,0.9,0.625));
#7235 = VECTOR('',#7236,1.);
#7236 = DIRECTION('',(-0.,1.,-0.));
#7237 = PLANE('',#7238);
#7238 = AXIS2_PLACEMENT_3D('',#7239,#7240,#7241);
#7239 = CARTESIAN_POINT('',(-0.375,0.9,0.625));
#7240 = DIRECTION('',(0.,0.,-1.));
#7241 = DIRECTION('',(-1.,0.,-0.));
#7242 = ADVANCED_FACE('',(#7243),#7261,.F.);
#7243 = FACE_BOUND('',#7244,.T.);
#7244 = EDGE_LOOP('',(#7245,#7246,#7247,#7255));
#7245 = ORIENTED_EDGE('',*,*,#7009,.T.);
#7246 = ORIENTED_EDGE('',*,*,#7232,.F.);
#7247 = ORIENTED_EDGE('',*,*,#7248,.F.);
#7248 = EDGE_CURVE('',#7249,#7225,#7251,.T.);
#7249 = VERTEX_POINT('',#7250);
#7250 = CARTESIAN_POINT('',(-0.125,0.9,0.9));
#7251 = LINE('',#7252,#7253);
#7252 = CARTESIAN_POINT('',(-0.125,0.9,0.625));
#7253 = VECTOR('',#7254,1.);
#7254 = DIRECTION('',(-0.,-0.,-1.));
#7255 = ORIENTED_EDGE('',*,*,#7256,.T.);
#7256 = EDGE_CURVE('',#7249,#7010,#7257,.T.);
#7257 = LINE('',#7258,#7259);
#7258 = CARTESIAN_POINT('',(-0.125,0.9,0.9));
#7259 = VECTOR('',#7260,1.);
#7260 = DIRECTION('',(-0.,1.,-0.));
#7261 = PLANE('',#7262);
#7262 = AXIS2_PLACEMENT_3D('',#7263,#7264,#7265);
#7263 = CARTESIAN_POINT('',(-0.125,0.9,0.625));
#7264 = DIRECTION('',(1.,0.,-0.));
#7265 = DIRECTION('',(-0.,0.,-1.));
#7266 = ADVANCED_FACE('',(#7267),#7278,.F.);
#7267 = FACE_BOUND('',#7268,.T.);
#7268 = EDGE_LOOP('',(#7269,#7270,#7271,#7277));
#7269 = ORIENTED_EDGE('',*,*,#7017,.T.);
#7270 = ORIENTED_EDGE('',*,*,#7256,.F.);
#7271 = ORIENTED_EDGE('',*,*,#7272,.F.);
#7272 = EDGE_CURVE('',#7193,#7249,#7273,.T.);
#7273 = LINE('',#7274,#7275);
#7274 = CARTESIAN_POINT('',(-0.375,0.9,0.9));
#7275 = VECTOR('',#7276,1.);
#7276 = DIRECTION('',(1.,0.,0.));
#7277 = ORIENTED_EDGE('',*,*,#7192,.T.);
#7278 = PLANE('',#7279);
#7279 = AXIS2_PLACEMENT_3D('',#7280,#7281,#7282);
#7280 = CARTESIAN_POINT('',(-0.375,0.9,0.9));
#7281 = DIRECTION('',(-0.,0.,1.));
#7282 = DIRECTION('',(1.,0.,0.));
#7283 = ADVANCED_FACE('',(#7284),#7290,.T.);
#7284 = FACE_BOUND('',#7285,.T.);
#7285 = EDGE_LOOP('',(#7286,#7287,#7288,#7289));
#7286 = ORIENTED_EDGE('',*,*,#7200,.T.);
#7287 = ORIENTED_EDGE('',*,*,#7272,.T.);
#7288 = ORIENTED_EDGE('',*,*,#7248,.T.);
#7289 = ORIENTED_EDGE('',*,*,#7224,.T.);
#7290 = PLANE('',#7291);
#7291 = AXIS2_PLACEMENT_3D('',#7292,#7293,#7294);
#7292 = CARTESIAN_POINT('',(0.,0.9,0.));
#7293 = DIRECTION('',(0.,1.,0.));
#7294 = DIRECTION('',(0.,-0.,1.));
#7295 = ADVANCED_FACE('',(#7296),#7321,.F.);
#7296 = FACE_BOUND('',#7297,.T.);
#7297 = EDGE_LOOP('',(#7298,#7299,#7307,#7315));
#7298 = ORIENTED_EDGE('',*,*,#6957,.T.);
#7299 = ORIENTED_EDGE('',*,*,#7300,.F.);
#7300 = EDGE_CURVE('',#7301,#6960,#7303,.T.);
#7301 = VERTEX_POINT('',#7302);
#7302 = CARTESIAN_POINT('',(-0.875,0.9,-0.9));
#7303 = LINE('',#7304,#7305);
#7304 = CARTESIAN_POINT('',(-0.875,0.9,-0.9));
#7305 = VECTOR('',#7306,1.);
#7306 = DIRECTION('',(-0.,1.,-0.));
#7307 = ORIENTED_EDGE('',*,*,#7308,.F.);
#7308 = EDGE_CURVE('',#7309,#7301,#7311,.T.);
#7309 = VERTEX_POINT('',#7310);
#7310 = CARTESIAN_POINT('',(-0.625,0.9,-0.9));
#7311 = LINE('',#7312,#7313);
#7312 = CARTESIAN_POINT('',(-0.875,0.9,-0.9));
#7313 = VECTOR('',#7314,1.);
#7314 = DIRECTION('',(-1.,-0.,-0.));
#7315 = ORIENTED_EDGE('',*,*,#7316,.T.);
#7316 = EDGE_CURVE('',#7309,#6958,#7317,.T.);
#7317 = LINE('',#7318,#7319);
#7318 = CARTESIAN_POINT('',(-0.625,0.9,-0.9));
#7319 = VECTOR('',#7320,1.);
#7320 = DIRECTION('',(-0.,1.,-0.));
#7321 = PLANE('',#7322);
#7322 = AXIS2_PLACEMENT_3D('',#7323,#7324,#7325);
#7323 = CARTESIAN_POINT('',(-0.875,0.9,-0.9));
#7324 = DIRECTION('',(0.,0.,-1.));
#7325 = DIRECTION('',(-1.,0.,-0.));
#7326 = ADVANCED_FACE('',(#7327),#7345,.F.);
#7327 = FACE_BOUND('',#7328,.T.);
#7328 = EDGE_LOOP('',(#7329,#7330,#7331,#7339));
#7329 = ORIENTED_EDGE('',*,*,#6967,.T.);
#7330 = ORIENTED_EDGE('',*,*,#7316,.F.);
#7331 = ORIENTED_EDGE('',*,*,#7332,.F.);
#7332 = EDGE_CURVE('',#7333,#7309,#7335,.T.);
#7333 = VERTEX_POINT('',#7334);
#7334 = CARTESIAN_POINT('',(-0.625,0.9,-0.625));
#7335 = LINE('',#7336,#7337);
#7336 = CARTESIAN_POINT('',(-0.625,0.9,-0.625));
#7337 = VECTOR('',#7338,1.);
#7338 = DIRECTION('',(0.,0.,-1.));
#7339 = ORIENTED_EDGE('',*,*,#7340,.T.);
#7340 = EDGE_CURVE('',#7333,#6968,#7341,.T.);
#7341 = LINE('',#7342,#7343);
#7342 = CARTESIAN_POINT('',(-0.625,0.9,-0.625));
#7343 = VECTOR('',#7344,1.);
#7344 = DIRECTION('',(-0.,1.,-0.));
#7345 = PLANE('',#7346);
#7346 = AXIS2_PLACEMENT_3D('',#7347,#7348,#7349);
#7347 = CARTESIAN_POINT('',(-0.625,0.9,-0.625));
#7348 = DIRECTION('',(1.,0.,0.));
#7349 = DIRECTION('',(0.,0.,-1.));
#7350 = ADVANCED_FACE('',(#7351),#7369,.F.);
#7351 = FACE_BOUND('',#7352,.T.);
#7352 = EDGE_LOOP('',(#7353,#7354,#7355,#7363));
#7353 = ORIENTED_EDGE('',*,*,#6975,.T.);
#7354 = ORIENTED_EDGE('',*,*,#7340,.F.);
#7355 = ORIENTED_EDGE('',*,*,#7356,.F.);
#7356 = EDGE_CURVE('',#7357,#7333,#7359,.T.);
#7357 = VERTEX_POINT('',#7358);
#7358 = CARTESIAN_POINT('',(-0.875,0.9,-0.625));
#7359 = LINE('',#7360,#7361);
#7360 = CARTESIAN_POINT('',(-0.875,0.9,-0.625));
#7361 = VECTOR('',#7362,1.);
#7362 = DIRECTION('',(1.,0.,0.));
#7363 = ORIENTED_EDGE('',*,*,#7364,.T.);
#7364 = EDGE_CURVE('',#7357,#6976,#7365,.T.);
#7365 = LINE('',#7366,#7367);
#7366 = CARTESIAN_POINT('',(-0.875,0.9,-0.625));
#7367 = VECTOR('',#7368,1.);
#7368 = DIRECTION('',(-0.,1.,-0.));
#7369 = PLANE('',#7370);
#7370 = AXIS2_PLACEMENT_3D('',#7371,#7372,#7373);
#7371 = CARTESIAN_POINT('',(-0.875,0.9,-0.625));
#7372 = DIRECTION('',(-0.,0.,1.));
#7373 = DIRECTION('',(1.,0.,0.));
#7374 = ADVANCED_FACE('',(#7375),#7386,.F.);
#7375 = FACE_BOUND('',#7376,.T.);
#7376 = EDGE_LOOP('',(#7377,#7378,#7379,#7385));
#7377 = ORIENTED_EDGE('',*,*,#6983,.T.);
#7378 = ORIENTED_EDGE('',*,*,#7364,.F.);
#7379 = ORIENTED_EDGE('',*,*,#7380,.F.);
#7380 = EDGE_CURVE('',#7301,#7357,#7381,.T.);
#7381 = LINE('',#7382,#7383);
#7382 = CARTESIAN_POINT('',(-0.875,0.9,-0.625));
#7383 = VECTOR('',#7384,1.);
#7384 = DIRECTION('',(-0.,-0.,1.));
#7385 = ORIENTED_EDGE('',*,*,#7300,.T.);
#7386 = PLANE('',#7387);
#7387 = AXIS2_PLACEMENT_3D('',#7388,#7389,#7390);
#7388 = CARTESIAN_POINT('',(-0.875,0.9,-0.625));
#7389 = DIRECTION('',(-1.,0.,-0.));
#7390 = DIRECTION('',(0.,0.,1.));
#7391 = ADVANCED_FACE('',(#7392),#7398,.T.);
#7392 = FACE_BOUND('',#7393,.T.);
#7393 = EDGE_LOOP('',(#7394,#7395,#7396,#7397));
#7394 = ORIENTED_EDGE('',*,*,#7308,.T.);
#7395 = ORIENTED_EDGE('',*,*,#7380,.T.);
#7396 = ORIENTED_EDGE('',*,*,#7356,.T.);
#7397 = ORIENTED_EDGE('',*,*,#7332,.T.);
#7398 = PLANE('',#7399);
#7399 = AXIS2_PLACEMENT_3D('',#7400,#7401,#7402);
#7400 = CARTESIAN_POINT('',(0.,0.9,0.));
#7401 = DIRECTION('',(-0.,1.,0.));
#7402 = DIRECTION('',(0.,0.,1.));
#7403 = ADVANCED_FACE('',(#7404),#7429,.F.);
#7404 = FACE_BOUND('',#7405,.T.);
#7405 = EDGE_LOOP('',(#7406,#7407,#7415,#7423));
#7406 = ORIENTED_EDGE('',*,*,#6923,.T.);
#7407 = ORIENTED_EDGE('',*,*,#7408,.F.);
#7408 = EDGE_CURVE('',#7409,#6926,#7411,.T.);
#7409 = VERTEX_POINT('',#7410);
#7410 = CARTESIAN_POINT('',(-0.875,0.9,0.9));
#7411 = LINE('',#7412,#7413);
#7412 = CARTESIAN_POINT('',(-0.875,0.9,0.9));
#7413 = VECTOR('',#7414,1.);
#7414 = DIRECTION('',(-0.,1.,-0.));
#7415 = ORIENTED_EDGE('',*,*,#7416,.F.);
#7416 = EDGE_CURVE('',#7417,#7409,#7419,.T.);
#7417 = VERTEX_POINT('',#7418);
#7418 = CARTESIAN_POINT('',(-0.875,0.9,0.625));
#7419 = LINE('',#7420,#7421);
#7420 = CARTESIAN_POINT('',(-0.875,0.9,0.625));
#7421 = VECTOR('',#7422,1.);
#7422 = DIRECTION('',(-7.885106708985E-16,0.,1.));
#7423 = ORIENTED_EDGE('',*,*,#7424,.T.);
#7424 = EDGE_CURVE('',#7417,#6924,#7425,.T.);
#7425 = LINE('',#7426,#7427);
#7426 = CARTESIAN_POINT('',(-0.875,0.9,0.625));
#7427 = VECTOR('',#7428,1.);
#7428 = DIRECTION('',(-0.,1.,-0.));
#7429 = PLANE('',#7430);
#7430 = AXIS2_PLACEMENT_3D('',#7431,#7432,#7433);
#7431 = CARTESIAN_POINT('',(-0.875,0.9,0.625));
#7432 = DIRECTION('',(-1.,0.,-7.885106708985E-16));
#7433 = DIRECTION('',(-7.885106708985E-16,0.,1.));
#7434 = ADVANCED_FACE('',(#7435),#7453,.F.);
#7435 = FACE_BOUND('',#7436,.T.);
#7436 = EDGE_LOOP('',(#7437,#7438,#7439,#7447));
#7437 = ORIENTED_EDGE('',*,*,#6933,.T.);
#7438 = ORIENTED_EDGE('',*,*,#7424,.F.);
#7439 = ORIENTED_EDGE('',*,*,#7440,.F.);
#7440 = EDGE_CURVE('',#7441,#7417,#7443,.T.);
#7441 = VERTEX_POINT('',#7442);
#7442 = CARTESIAN_POINT('',(-0.625,0.9,0.625));
#7443 = LINE('',#7444,#7445);
#7444 = CARTESIAN_POINT('',(-0.875,0.9,0.625));
#7445 = VECTOR('',#7446,1.);
#7446 = DIRECTION('',(-1.,-0.,-4.163336342344E-14));
#7447 = ORIENTED_EDGE('',*,*,#7448,.T.);
#7448 = EDGE_CURVE('',#7441,#6934,#7449,.T.);
#7449 = LINE('',#7450,#7451);
#7450 = CARTESIAN_POINT('',(-0.625,0.9,0.625));
#7451 = VECTOR('',#7452,1.);
#7452 = DIRECTION('',(-0.,1.,-0.));
#7453 = PLANE('',#7454);
#7454 = AXIS2_PLACEMENT_3D('',#7455,#7456,#7457);
#7455 = CARTESIAN_POINT('',(-0.875,0.9,0.625));
#7456 = DIRECTION('',(4.163336342344E-14,0.,-1.));
#7457 = DIRECTION('',(-1.,0.,-4.163336342344E-14));
#7458 = ADVANCED_FACE('',(#7459),#7477,.F.);
#7459 = FACE_BOUND('',#7460,.T.);
#7460 = EDGE_LOOP('',(#7461,#7462,#7463,#7471));
#7461 = ORIENTED_EDGE('',*,*,#6941,.T.);
#7462 = ORIENTED_EDGE('',*,*,#7448,.F.);
#7463 = ORIENTED_EDGE('',*,*,#7464,.F.);
#7464 = EDGE_CURVE('',#7465,#7441,#7467,.T.);
#7465 = VERTEX_POINT('',#7466);
#7466 = CARTESIAN_POINT('',(-0.625,0.9,0.9));
#7467 = LINE('',#7468,#7469);
#7468 = CARTESIAN_POINT('',(-0.625,0.9,0.625));
#7469 = VECTOR('',#7470,1.);
#7470 = DIRECTION('',(-0.,-0.,-1.));
#7471 = ORIENTED_EDGE('',*,*,#7472,.T.);
#7472 = EDGE_CURVE('',#7465,#6942,#7473,.T.);
#7473 = LINE('',#7474,#7475);
#7474 = CARTESIAN_POINT('',(-0.625,0.9,0.9));
#7475 = VECTOR('',#7476,1.);
#7476 = DIRECTION('',(-0.,1.,-0.));
#7477 = PLANE('',#7478);
#7478 = AXIS2_PLACEMENT_3D('',#7479,#7480,#7481);
#7479 = CARTESIAN_POINT('',(-0.625,0.9,0.625));
#7480 = DIRECTION('',(1.,0.,-0.));
#7481 = DIRECTION('',(-0.,0.,-1.));
#7482 = ADVANCED_FACE('',(#7483),#7494,.F.);
#7483 = FACE_BOUND('',#7484,.T.);
#7484 = EDGE_LOOP('',(#7485,#7486,#7487,#7493));
#7485 = ORIENTED_EDGE('',*,*,#6949,.T.);
#7486 = ORIENTED_EDGE('',*,*,#7472,.F.);
#7487 = ORIENTED_EDGE('',*,*,#7488,.F.);
#7488 = EDGE_CURVE('',#7409,#7465,#7489,.T.);
#7489 = LINE('',#7490,#7491);
#7490 = CARTESIAN_POINT('',(-0.875,0.9,0.9));
#7491 = VECTOR('',#7492,1.);
#7492 = DIRECTION('',(1.,0.,0.));
#7493 = ORIENTED_EDGE('',*,*,#7408,.T.);
#7494 = PLANE('',#7495);
#7495 = AXIS2_PLACEMENT_3D('',#7496,#7497,#7498);
#7496 = CARTESIAN_POINT('',(-0.875,0.9,0.9));
#7497 = DIRECTION('',(-0.,0.,1.));
#7498 = DIRECTION('',(1.,0.,0.));
#7499 = ADVANCED_FACE('',(#7500),#7506,.T.);
#7500 = FACE_BOUND('',#7501,.T.);
#7501 = EDGE_LOOP('',(#7502,#7503,#7504,#7505));
#7502 = ORIENTED_EDGE('',*,*,#7416,.T.);
#7503 = ORIENTED_EDGE('',*,*,#7488,.T.);
#7504 = ORIENTED_EDGE('',*,*,#7464,.T.);
#7505 = ORIENTED_EDGE('',*,*,#7440,.T.);
#7506 = PLANE('',#7507);
#7507 = AXIS2_PLACEMENT_3D('',#7508,#7509,#7510);
#7508 = CARTESIAN_POINT('',(0.,0.9,0.));
#7509 = DIRECTION('',(0.,1.,-0.));
#7510 = DIRECTION('',(0.,0.,1.));
#7511 = ADVANCED_FACE('',(#7512),#7537,.F.);
#7512 = FACE_BOUND('',#7513,.T.);
#7513 = EDGE_LOOP('',(#7514,#7524,#7530,#7531));
#7514 = ORIENTED_EDGE('',*,*,#7515,.F.);
#7515 = EDGE_CURVE('',#7516,#7518,#7520,.T.);
#7516 = VERTEX_POINT('',#7517);
#7517 = CARTESIAN_POINT('',(0.625,0.9,0.725));
#7518 = VERTEX_POINT('',#7519);
#7519 = CARTESIAN_POINT('',(0.625,0.9,0.9));
#7520 = LINE('',#7521,#7522);
#7521 = CARTESIAN_POINT('',(0.625,0.9,0.625));
#7522 = VECTOR('',#7523,1.);
#7523 = DIRECTION('',(0.,0.,1.));
#7524 = ORIENTED_EDGE('',*,*,#7525,.T.);
#7525 = EDGE_CURVE('',#7516,#6882,#7526,.T.);
#7526 = LINE('',#7527,#7528);
#7527 = CARTESIAN_POINT('',(0.625,1.,0.725));
#7528 = VECTOR('',#7529,1.);
#7529 = DIRECTION('',(0.,1.,0.));
#7530 = ORIENTED_EDGE('',*,*,#6881,.T.);
#7531 = ORIENTED_EDGE('',*,*,#7532,.F.);
#7532 = EDGE_CURVE('',#7518,#6884,#7533,.T.);
#7533 = LINE('',#7534,#7535);
#7534 = CARTESIAN_POINT('',(0.625,0.9,0.9));
#7535 = VECTOR('',#7536,1.);
#7536 = DIRECTION('',(-0.,1.,-0.));
#7537 = PLANE('',#7538);
#7538 = AXIS2_PLACEMENT_3D('',#7539,#7540,#7541);
#7539 = CARTESIAN_POINT('',(0.625,0.9,0.625));
#7540 = DIRECTION('',(-1.,0.,0.));
#7541 = DIRECTION('',(0.,0.,1.));
#7542 = ADVANCED_FACE('',(#7543),#7568,.F.);
#7543 = FACE_BOUND('',#7544,.T.);
#7544 = EDGE_LOOP('',(#7545,#7546,#7554,#7562));
#7545 = ORIENTED_EDGE('',*,*,#6899,.T.);
#7546 = ORIENTED_EDGE('',*,*,#7547,.T.);
#7547 = EDGE_CURVE('',#6892,#7548,#7550,.T.);
#7548 = VERTEX_POINT('',#7549);
#7549 = CARTESIAN_POINT('',(0.725,0.9,0.625));
#7550 = LINE('',#7551,#7552);
#7551 = CARTESIAN_POINT('',(0.725,0.9,0.625));
#7552 = VECTOR('',#7553,1.);
#7553 = DIRECTION('',(0.,-1.,0.));
#7554 = ORIENTED_EDGE('',*,*,#7555,.F.);
#7555 = EDGE_CURVE('',#7556,#7548,#7558,.T.);
#7556 = VERTEX_POINT('',#7557);
#7557 = CARTESIAN_POINT('',(0.875,0.9,0.625));
#7558 = LINE('',#7559,#7560);
#7559 = CARTESIAN_POINT('',(0.625,0.9,0.625));
#7560 = VECTOR('',#7561,1.);
#7561 = DIRECTION('',(-1.,-0.,-0.));
#7562 = ORIENTED_EDGE('',*,*,#7563,.T.);
#7563 = EDGE_CURVE('',#7556,#6900,#7564,.T.);
#7564 = LINE('',#7565,#7566);
#7565 = CARTESIAN_POINT('',(0.875,0.9,0.625));
#7566 = VECTOR('',#7567,1.);
#7567 = DIRECTION('',(-0.,1.,-0.));
#7568 = PLANE('',#7569);
#7569 = AXIS2_PLACEMENT_3D('',#7570,#7571,#7572);
#7570 = CARTESIAN_POINT('',(0.625,0.9,0.625));
#7571 = DIRECTION('',(0.,0.,-1.));
#7572 = DIRECTION('',(-1.,0.,-0.));
#7573 = ADVANCED_FACE('',(#7574),#7592,.F.);
#7574 = FACE_BOUND('',#7575,.T.);
#7575 = EDGE_LOOP('',(#7576,#7577,#7578,#7586));
#7576 = ORIENTED_EDGE('',*,*,#6907,.T.);
#7577 = ORIENTED_EDGE('',*,*,#7563,.F.);
#7578 = ORIENTED_EDGE('',*,*,#7579,.F.);
#7579 = EDGE_CURVE('',#7580,#7556,#7582,.T.);
#7580 = VERTEX_POINT('',#7581);
#7581 = CARTESIAN_POINT('',(0.875,0.9,0.9));
#7582 = LINE('',#7583,#7584);
#7583 = CARTESIAN_POINT('',(0.875,0.9,0.625));
#7584 = VECTOR('',#7585,1.);
#7585 = DIRECTION('',(-0.,-0.,-1.));
#7586 = ORIENTED_EDGE('',*,*,#7587,.T.);
#7587 = EDGE_CURVE('',#7580,#6908,#7588,.T.);
#7588 = LINE('',#7589,#7590);
#7589 = CARTESIAN_POINT('',(0.875,0.9,0.9));
#7590 = VECTOR('',#7591,1.);
#7591 = DIRECTION('',(-0.,1.,-0.));
#7592 = PLANE('',#7593);
#7593 = AXIS2_PLACEMENT_3D('',#7594,#7595,#7596);
#7594 = CARTESIAN_POINT('',(0.875,0.9,0.625));
#7595 = DIRECTION('',(1.,0.,-0.));
#7596 = DIRECTION('',(-0.,0.,-1.));
#7597 = ADVANCED_FACE('',(#7598),#7609,.F.);
#7598 = FACE_BOUND('',#7599,.T.);
#7599 = EDGE_LOOP('',(#7600,#7601,#7602,#7608));
#7600 = ORIENTED_EDGE('',*,*,#6915,.T.);
#7601 = ORIENTED_EDGE('',*,*,#7587,.F.);
#7602 = ORIENTED_EDGE('',*,*,#7603,.F.);
#7603 = EDGE_CURVE('',#7518,#7580,#7604,.T.);
#7604 = LINE('',#7605,#7606);
#7605 = CARTESIAN_POINT('',(0.625,0.9,0.9));
#7606 = VECTOR('',#7607,1.);
#7607 = DIRECTION('',(1.,0.,0.));
#7608 = ORIENTED_EDGE('',*,*,#7532,.T.);
#7609 = PLANE('',#7610);
#7610 = AXIS2_PLACEMENT_3D('',#7611,#7612,#7613);
#7611 = CARTESIAN_POINT('',(0.625,0.9,0.9));
#7612 = DIRECTION('',(-0.,0.,1.));
#7613 = DIRECTION('',(1.,0.,0.));
#7614 = ADVANCED_FACE('',(#7615),#7627,.T.);
#7615 = FACE_BOUND('',#7616,.T.);
#7616 = EDGE_LOOP('',(#7617,#7618,#7624,#7625,#7626));
#7617 = ORIENTED_EDGE('',*,*,#7555,.T.);
#7618 = ORIENTED_EDGE('',*,*,#7619,.T.);
#7619 = EDGE_CURVE('',#7548,#7516,#7620,.T.);
#7620 = LINE('',#7621,#7622);
#7621 = CARTESIAN_POINT('',(0.675,0.9,0.675));
#7622 = VECTOR('',#7623,1.);
#7623 = DIRECTION('',(-0.707106781187,-0.,0.707106781187));
#7624 = ORIENTED_EDGE('',*,*,#7515,.T.);
#7625 = ORIENTED_EDGE('',*,*,#7603,.T.);
#7626 = ORIENTED_EDGE('',*,*,#7579,.T.);
#7627 = PLANE('',#7628);
#7628 = AXIS2_PLACEMENT_3D('',#7629,#7630,#7631);
#7629 = CARTESIAN_POINT('',(0.,0.9,0.));
#7630 = DIRECTION('',(0.,1.,0.));
#7631 = DIRECTION('',(0.,-0.,1.));
#7632 = ADVANCED_FACE('',(#7633),#7658,.F.);
#7633 = FACE_BOUND('',#7634,.T.);
#7634 = EDGE_LOOP('',(#7635,#7636,#7644,#7652));
#7635 = ORIENTED_EDGE('',*,*,#6847,.T.);
#7636 = ORIENTED_EDGE('',*,*,#7637,.F.);
#7637 = EDGE_CURVE('',#7638,#6850,#7640,.T.);
#7638 = VERTEX_POINT('',#7639);
#7639 = CARTESIAN_POINT('',(0.125,0.9,-0.9));
#7640 = LINE('',#7641,#7642);
#7641 = CARTESIAN_POINT('',(0.125,0.9,-0.9));
#7642 = VECTOR('',#7643,1.);
#7643 = DIRECTION('',(-0.,1.,-0.));
#7644 = ORIENTED_EDGE('',*,*,#7645,.F.);
#7645 = EDGE_CURVE('',#7646,#7638,#7648,.T.);
#7646 = VERTEX_POINT('',#7647);
#7647 = CARTESIAN_POINT('',(0.375,0.9,-0.9));
#7648 = LINE('',#7649,#7650);
#7649 = CARTESIAN_POINT('',(0.125,0.9,-0.9));
#7650 = VECTOR('',#7651,1.);
#7651 = DIRECTION('',(-1.,-0.,-0.));
#7652 = ORIENTED_EDGE('',*,*,#7653,.T.);
#7653 = EDGE_CURVE('',#7646,#6848,#7654,.T.);
#7654 = LINE('',#7655,#7656);
#7655 = CARTESIAN_POINT('',(0.375,0.9,-0.9));
#7656 = VECTOR('',#7657,1.);
#7657 = DIRECTION('',(-0.,1.,-0.));
#7658 = PLANE('',#7659);
#7659 = AXIS2_PLACEMENT_3D('',#7660,#7661,#7662);
#7660 = CARTESIAN_POINT('',(0.125,0.9,-0.9));
#7661 = DIRECTION('',(0.,0.,-1.));
#7662 = DIRECTION('',(-1.,0.,-0.));
#7663 = ADVANCED_FACE('',(#7664),#7682,.F.);
#7664 = FACE_BOUND('',#7665,.T.);
#7665 = EDGE_LOOP('',(#7666,#7667,#7668,#7676));
#7666 = ORIENTED_EDGE('',*,*,#6857,.T.);
#7667 = ORIENTED_EDGE('',*,*,#7653,.F.);
#7668 = ORIENTED_EDGE('',*,*,#7669,.F.);
#7669 = EDGE_CURVE('',#7670,#7646,#7672,.T.);
#7670 = VERTEX_POINT('',#7671);
#7671 = CARTESIAN_POINT('',(0.375,0.9,-0.625));
#7672 = LINE('',#7673,#7674);
#7673 = CARTESIAN_POINT('',(0.375,0.9,-0.625));
#7674 = VECTOR('',#7675,1.);
#7675 = DIRECTION('',(0.,0.,-1.));
#7676 = ORIENTED_EDGE('',*,*,#7677,.T.);
#7677 = EDGE_CURVE('',#7670,#6858,#7678,.T.);
#7678 = LINE('',#7679,#7680);
#7679 = CARTESIAN_POINT('',(0.375,0.9,-0.625));
#7680 = VECTOR('',#7681,1.);
#7681 = DIRECTION('',(-0.,1.,-0.));
#7682 = PLANE('',#7683);
#7683 = AXIS2_PLACEMENT_3D('',#7684,#7685,#7686);
#7684 = CARTESIAN_POINT('',(0.375,0.9,-0.625));
#7685 = DIRECTION('',(1.,0.,0.));
#7686 = DIRECTION('',(0.,0.,-1.));
#7687 = ADVANCED_FACE('',(#7688),#7706,.F.);
#7688 = FACE_BOUND('',#7689,.T.);
#7689 = EDGE_LOOP('',(#7690,#7691,#7692,#7700));
#7690 = ORIENTED_EDGE('',*,*,#6865,.T.);
#7691 = ORIENTED_EDGE('',*,*,#7677,.F.);
#7692 = ORIENTED_EDGE('',*,*,#7693,.F.);
#7693 = EDGE_CURVE('',#7694,#7670,#7696,.T.);
#7694 = VERTEX_POINT('',#7695);
#7695 = CARTESIAN_POINT('',(0.125,0.9,-0.625));
#7696 = LINE('',#7697,#7698);
#7697 = CARTESIAN_POINT('',(0.125,0.9,-0.625));
#7698 = VECTOR('',#7699,1.);
#7699 = DIRECTION('',(1.,0.,0.));
#7700 = ORIENTED_EDGE('',*,*,#7701,.T.);
#7701 = EDGE_CURVE('',#7694,#6866,#7702,.T.);
#7702 = LINE('',#7703,#7704);
#7703 = CARTESIAN_POINT('',(0.125,0.9,-0.625));
#7704 = VECTOR('',#7705,1.);
#7705 = DIRECTION('',(-0.,1.,-0.));
#7706 = PLANE('',#7707);
#7707 = AXIS2_PLACEMENT_3D('',#7708,#7709,#7710);
#7708 = CARTESIAN_POINT('',(0.125,0.9,-0.625));
#7709 = DIRECTION('',(-0.,0.,1.));
#7710 = DIRECTION('',(1.,0.,0.));
#7711 = ADVANCED_FACE('',(#7712),#7723,.F.);
#7712 = FACE_BOUND('',#7713,.T.);
#7713 = EDGE_LOOP('',(#7714,#7715,#7716,#7722));
#7714 = ORIENTED_EDGE('',*,*,#6873,.T.);
#7715 = ORIENTED_EDGE('',*,*,#7701,.F.);
#7716 = ORIENTED_EDGE('',*,*,#7717,.F.);
#7717 = EDGE_CURVE('',#7638,#7694,#7718,.T.);
#7718 = LINE('',#7719,#7720);
#7719 = CARTESIAN_POINT('',(0.125,0.9,-0.625));
#7720 = VECTOR('',#7721,1.);
#7721 = DIRECTION('',(-0.,-0.,1.));
#7722 = ORIENTED_EDGE('',*,*,#7637,.T.);
#7723 = PLANE('',#7724);
#7724 = AXIS2_PLACEMENT_3D('',#7725,#7726,#7727);
#7725 = CARTESIAN_POINT('',(0.125,0.9,-0.625));
#7726 = DIRECTION('',(-1.,0.,-0.));
#7727 = DIRECTION('',(0.,0.,1.));
#7728 = ADVANCED_FACE('',(#7729),#7735,.T.);
#7729 = FACE_BOUND('',#7730,.T.);
#7730 = EDGE_LOOP('',(#7731,#7732,#7733,#7734));
#7731 = ORIENTED_EDGE('',*,*,#7645,.T.);
#7732 = ORIENTED_EDGE('',*,*,#7717,.T.);
#7733 = ORIENTED_EDGE('',*,*,#7693,.T.);
#7734 = ORIENTED_EDGE('',*,*,#7669,.T.);
#7735 = PLANE('',#7736);
#7736 = AXIS2_PLACEMENT_3D('',#7737,#7738,#7739);
#7737 = CARTESIAN_POINT('',(0.,0.9,0.));
#7738 = DIRECTION('',(-0.,1.,0.));
#7739 = DIRECTION('',(0.,0.,1.));
#7740 = ADVANCED_FACE('',(#7741),#7766,.F.);
#7741 = FACE_BOUND('',#7742,.T.);
#7742 = EDGE_LOOP('',(#7743,#7744,#7752,#7760));
#7743 = ORIENTED_EDGE('',*,*,#6813,.T.);
#7744 = ORIENTED_EDGE('',*,*,#7745,.F.);
#7745 = EDGE_CURVE('',#7746,#6816,#7748,.T.);
#7746 = VERTEX_POINT('',#7747);
#7747 = CARTESIAN_POINT('',(0.125,0.9,0.9));
#7748 = LINE('',#7749,#7750);
#7749 = CARTESIAN_POINT('',(0.125,0.9,0.9));
#7750 = VECTOR('',#7751,1.);
#7751 = DIRECTION('',(-0.,1.,-0.));
#7752 = ORIENTED_EDGE('',*,*,#7753,.F.);
#7753 = EDGE_CURVE('',#7754,#7746,#7756,.T.);
#7754 = VERTEX_POINT('',#7755);
#7755 = CARTESIAN_POINT('',(0.125,0.9,0.625));
#7756 = LINE('',#7757,#7758);
#7757 = CARTESIAN_POINT('',(0.125,0.9,0.625));
#7758 = VECTOR('',#7759,1.);
#7759 = DIRECTION('',(0.,0.,1.));
#7760 = ORIENTED_EDGE('',*,*,#7761,.T.);
#7761 = EDGE_CURVE('',#7754,#6814,#7762,.T.);
#7762 = LINE('',#7763,#7764);
#7763 = CARTESIAN_POINT('',(0.125,0.9,0.625));
#7764 = VECTOR('',#7765,1.);
#7765 = DIRECTION('',(-0.,1.,-0.));
#7766 = PLANE('',#7767);
#7767 = AXIS2_PLACEMENT_3D('',#7768,#7769,#7770);
#7768 = CARTESIAN_POINT('',(0.125,0.9,0.625));
#7769 = DIRECTION('',(-1.,0.,0.));
#7770 = DIRECTION('',(0.,0.,1.));
#7771 = ADVANCED_FACE('',(#7772),#7790,.F.);
#7772 = FACE_BOUND('',#7773,.T.);
#7773 = EDGE_LOOP('',(#7774,#7775,#7776,#7784));
#7774 = ORIENTED_EDGE('',*,*,#6823,.T.);
#7775 = ORIENTED_EDGE('',*,*,#7761,.F.);
#7776 = ORIENTED_EDGE('',*,*,#7777,.F.);
#7777 = EDGE_CURVE('',#7778,#7754,#7780,.T.);
#7778 = VERTEX_POINT('',#7779);
#7779 = CARTESIAN_POINT('',(0.375,0.9,0.625));
#7780 = LINE('',#7781,#7782);
#7781 = CARTESIAN_POINT('',(0.125,0.9,0.625));
#7782 = VECTOR('',#7783,1.);
#7783 = DIRECTION('',(-1.,-0.,-0.));
#7784 = ORIENTED_EDGE('',*,*,#7785,.T.);
#7785 = EDGE_CURVE('',#7778,#6824,#7786,.T.);
#7786 = LINE('',#7787,#7788);
#7787 = CARTESIAN_POINT('',(0.375,0.9,0.625));
#7788 = VECTOR('',#7789,1.);
#7789 = DIRECTION('',(-0.,1.,-0.));
#7790 = PLANE('',#7791);
#7791 = AXIS2_PLACEMENT_3D('',#7792,#7793,#7794);
#7792 = CARTESIAN_POINT('',(0.125,0.9,0.625));
#7793 = DIRECTION('',(0.,0.,-1.));
#7794 = DIRECTION('',(-1.,0.,-0.));
#7795 = ADVANCED_FACE('',(#7796),#7814,.F.);
#7796 = FACE_BOUND('',#7797,.T.);
#7797 = EDGE_LOOP('',(#7798,#7799,#7800,#7808));
#7798 = ORIENTED_EDGE('',*,*,#6831,.T.);
#7799 = ORIENTED_EDGE('',*,*,#7785,.F.);
#7800 = ORIENTED_EDGE('',*,*,#7801,.F.);
#7801 = EDGE_CURVE('',#7802,#7778,#7804,.T.);
#7802 = VERTEX_POINT('',#7803);
#7803 = CARTESIAN_POINT('',(0.375,0.9,0.9));
#7804 = LINE('',#7805,#7806);
#7805 = CARTESIAN_POINT('',(0.375,0.9,0.625));
#7806 = VECTOR('',#7807,1.);
#7807 = DIRECTION('',(-0.,-0.,-1.));
#7808 = ORIENTED_EDGE('',*,*,#7809,.T.);
#7809 = EDGE_CURVE('',#7802,#6832,#7810,.T.);
#7810 = LINE('',#7811,#7812);
#7811 = CARTESIAN_POINT('',(0.375,0.9,0.9));
#7812 = VECTOR('',#7813,1.);
#7813 = DIRECTION('',(-0.,1.,-0.));
#7814 = PLANE('',#7815);
#7815 = AXIS2_PLACEMENT_3D('',#7816,#7817,#7818);
#7816 = CARTESIAN_POINT('',(0.375,0.9,0.625));
#7817 = DIRECTION('',(1.,0.,-0.));
#7818 = DIRECTION('',(-0.,0.,-1.));
#7819 = ADVANCED_FACE('',(#7820),#7831,.F.);
#7820 = FACE_BOUND('',#7821,.T.);
#7821 = EDGE_LOOP('',(#7822,#7823,#7824,#7830));
#7822 = ORIENTED_EDGE('',*,*,#6839,.T.);
#7823 = ORIENTED_EDGE('',*,*,#7809,.F.);
#7824 = ORIENTED_EDGE('',*,*,#7825,.F.);
#7825 = EDGE_CURVE('',#7746,#7802,#7826,.T.);
#7826 = LINE('',#7827,#7828);
#7827 = CARTESIAN_POINT('',(0.125,0.9,0.9));
#7828 = VECTOR('',#7829,1.);
#7829 = DIRECTION('',(1.,0.,0.));
#7830 = ORIENTED_EDGE('',*,*,#7745,.T.);
#7831 = PLANE('',#7832);
#7832 = AXIS2_PLACEMENT_3D('',#7833,#7834,#7835);
#7833 = CARTESIAN_POINT('',(0.125,0.9,0.9));
#7834 = DIRECTION('',(-0.,0.,1.));
#7835 = DIRECTION('',(1.,0.,0.));
#7836 = ADVANCED_FACE('',(#7837),#7843,.T.);
#7837 = FACE_BOUND('',#7838,.T.);
#7838 = EDGE_LOOP('',(#7839,#7840,#7841,#7842));
#7839 = ORIENTED_EDGE('',*,*,#7753,.T.);
#7840 = ORIENTED_EDGE('',*,*,#7825,.T.);
#7841 = ORIENTED_EDGE('',*,*,#7801,.T.);
#7842 = ORIENTED_EDGE('',*,*,#7777,.T.);
#7843 = PLANE('',#7844);
#7844 = AXIS2_PLACEMENT_3D('',#7845,#7846,#7847);
#7845 = CARTESIAN_POINT('',(0.,0.9,0.));
#7846 = DIRECTION('',(0.,1.,0.));
#7847 = DIRECTION('',(0.,-0.,1.));
#7848 = ADVANCED_FACE('',(#7849),#7874,.F.);
#7849 = FACE_BOUND('',#7850,.T.);
#7850 = EDGE_LOOP('',(#7851,#7852,#7860,#7868));
#7851 = ORIENTED_EDGE('',*,*,#6779,.T.);
#7852 = ORIENTED_EDGE('',*,*,#7853,.F.);
#7853 = EDGE_CURVE('',#7854,#6782,#7856,.T.);
#7854 = VERTEX_POINT('',#7855);
#7855 = CARTESIAN_POINT('',(-0.375,0.9,-0.9));
#7856 = LINE('',#7857,#7858);
#7857 = CARTESIAN_POINT('',(-0.375,0.9,-0.9));
#7858 = VECTOR('',#7859,1.);
#7859 = DIRECTION('',(-0.,1.,-0.));
#7860 = ORIENTED_EDGE('',*,*,#7861,.F.);
#7861 = EDGE_CURVE('',#7862,#7854,#7864,.T.);
#7862 = VERTEX_POINT('',#7863);
#7863 = CARTESIAN_POINT('',(-0.125,0.9,-0.9));
#7864 = LINE('',#7865,#7866);
#7865 = CARTESIAN_POINT('',(-0.375,0.9,-0.9));
#7866 = VECTOR('',#7867,1.);
#7867 = DIRECTION('',(-1.,-0.,-0.));
#7868 = ORIENTED_EDGE('',*,*,#7869,.T.);
#7869 = EDGE_CURVE('',#7862,#6780,#7870,.T.);
#7870 = LINE('',#7871,#7872);
#7871 = CARTESIAN_POINT('',(-0.125,0.9,-0.9));
#7872 = VECTOR('',#7873,1.);
#7873 = DIRECTION('',(-0.,1.,-0.));
#7874 = PLANE('',#7875);
#7875 = AXIS2_PLACEMENT_3D('',#7876,#7877,#7878);
#7876 = CARTESIAN_POINT('',(-0.375,0.9,-0.9));
#7877 = DIRECTION('',(0.,0.,-1.));
#7878 = DIRECTION('',(-1.,0.,-0.));
#7879 = ADVANCED_FACE('',(#7880),#7898,.F.);
#7880 = FACE_BOUND('',#7881,.T.);
#7881 = EDGE_LOOP('',(#7882,#7883,#7884,#7892));
#7882 = ORIENTED_EDGE('',*,*,#6789,.T.);
#7883 = ORIENTED_EDGE('',*,*,#7869,.F.);
#7884 = ORIENTED_EDGE('',*,*,#7885,.F.);
#7885 = EDGE_CURVE('',#7886,#7862,#7888,.T.);
#7886 = VERTEX_POINT('',#7887);
#7887 = CARTESIAN_POINT('',(-0.125,0.9,-0.625));
#7888 = LINE('',#7889,#7890);
#7889 = CARTESIAN_POINT('',(-0.125,0.9,-0.625));
#7890 = VECTOR('',#7891,1.);
#7891 = DIRECTION('',(0.,0.,-1.));
#7892 = ORIENTED_EDGE('',*,*,#7893,.T.);
#7893 = EDGE_CURVE('',#7886,#6790,#7894,.T.);
#7894 = LINE('',#7895,#7896);
#7895 = CARTESIAN_POINT('',(-0.125,0.9,-0.625));
#7896 = VECTOR('',#7897,1.);
#7897 = DIRECTION('',(-0.,1.,-0.));
#7898 = PLANE('',#7899);
#7899 = AXIS2_PLACEMENT_3D('',#7900,#7901,#7902);
#7900 = CARTESIAN_POINT('',(-0.125,0.9,-0.625));
#7901 = DIRECTION('',(1.,0.,0.));
#7902 = DIRECTION('',(0.,0.,-1.));
#7903 = ADVANCED_FACE('',(#7904),#7922,.F.);
#7904 = FACE_BOUND('',#7905,.T.);
#7905 = EDGE_LOOP('',(#7906,#7907,#7908,#7916));
#7906 = ORIENTED_EDGE('',*,*,#6797,.T.);
#7907 = ORIENTED_EDGE('',*,*,#7893,.F.);
#7908 = ORIENTED_EDGE('',*,*,#7909,.F.);
#7909 = EDGE_CURVE('',#7910,#7886,#7912,.T.);
#7910 = VERTEX_POINT('',#7911);
#7911 = CARTESIAN_POINT('',(-0.375,0.9,-0.625));
#7912 = LINE('',#7913,#7914);
#7913 = CARTESIAN_POINT('',(-0.375,0.9,-0.625));
#7914 = VECTOR('',#7915,1.);
#7915 = DIRECTION('',(1.,0.,0.));
#7916 = ORIENTED_EDGE('',*,*,#7917,.T.);
#7917 = EDGE_CURVE('',#7910,#6798,#7918,.T.);
#7918 = LINE('',#7919,#7920);
#7919 = CARTESIAN_POINT('',(-0.375,0.9,-0.625));
#7920 = VECTOR('',#7921,1.);
#7921 = DIRECTION('',(-0.,1.,-0.));
#7922 = PLANE('',#7923);
#7923 = AXIS2_PLACEMENT_3D('',#7924,#7925,#7926);
#7924 = CARTESIAN_POINT('',(-0.375,0.9,-0.625));
#7925 = DIRECTION('',(-0.,0.,1.));
#7926 = DIRECTION('',(1.,0.,0.));
#7927 = ADVANCED_FACE('',(#7928),#7939,.F.);
#7928 = FACE_BOUND('',#7929,.T.);
#7929 = EDGE_LOOP('',(#7930,#7931,#7932,#7938));
#7930 = ORIENTED_EDGE('',*,*,#6805,.T.);
#7931 = ORIENTED_EDGE('',*,*,#7917,.F.);
#7932 = ORIENTED_EDGE('',*,*,#7933,.F.);
#7933 = EDGE_CURVE('',#7854,#7910,#7934,.T.);
#7934 = LINE('',#7935,#7936);
#7935 = CARTESIAN_POINT('',(-0.375,0.9,-0.625));
#7936 = VECTOR('',#7937,1.);
#7937 = DIRECTION('',(-0.,-0.,1.));
#7938 = ORIENTED_EDGE('',*,*,#7853,.T.);
#7939 = PLANE('',#7940);
#7940 = AXIS2_PLACEMENT_3D('',#7941,#7942,#7943);
#7941 = CARTESIAN_POINT('',(-0.375,0.9,-0.625));
#7942 = DIRECTION('',(-1.,0.,-0.));
#7943 = DIRECTION('',(0.,0.,1.));
#7944 = ADVANCED_FACE('',(#7945),#7951,.T.);
#7945 = FACE_BOUND('',#7946,.T.);
#7946 = EDGE_LOOP('',(#7947,#7948,#7949,#7950));
#7947 = ORIENTED_EDGE('',*,*,#7861,.T.);
#7948 = ORIENTED_EDGE('',*,*,#7933,.T.);
#7949 = ORIENTED_EDGE('',*,*,#7909,.T.);
#7950 = ORIENTED_EDGE('',*,*,#7885,.T.);
#7951 = PLANE('',#7952);
#7952 = AXIS2_PLACEMENT_3D('',#7953,#7954,#7955);
#7953 = CARTESIAN_POINT('',(0.,0.9,0.));
#7954 = DIRECTION('',(-0.,1.,0.));
#7955 = DIRECTION('',(0.,0.,1.));
#7956 = ADVANCED_FACE('',(#7957),#7982,.F.);
#7957 = FACE_BOUND('',#7958,.T.);
#7958 = EDGE_LOOP('',(#7959,#7960,#7968,#7976));
#7959 = ORIENTED_EDGE('',*,*,#6745,.T.);
#7960 = ORIENTED_EDGE('',*,*,#7961,.F.);
#7961 = EDGE_CURVE('',#7962,#6748,#7964,.T.);
#7962 = VERTEX_POINT('',#7963);
#7963 = CARTESIAN_POINT('',(0.625,0.9,-0.125));
#7964 = LINE('',#7965,#7966);
#7965 = CARTESIAN_POINT('',(0.625,0.9,-0.125));
#7966 = VECTOR('',#7967,1.);
#7967 = DIRECTION('',(-0.,1.,-0.));
#7968 = ORIENTED_EDGE('',*,*,#7969,.F.);
#7969 = EDGE_CURVE('',#7970,#7962,#7972,.T.);
#7970 = VERTEX_POINT('',#7971);
#7971 = CARTESIAN_POINT('',(0.625,0.9,-0.375));
#7972 = LINE('',#7973,#7974);
#7973 = CARTESIAN_POINT('',(0.625,0.9,-0.375));
#7974 = VECTOR('',#7975,1.);
#7975 = DIRECTION('',(0.,0.,1.));
#7976 = ORIENTED_EDGE('',*,*,#7977,.T.);
#7977 = EDGE_CURVE('',#7970,#6746,#7978,.T.);
#7978 = LINE('',#7979,#7980);
#7979 = CARTESIAN_POINT('',(0.625,0.9,-0.375));
#7980 = VECTOR('',#7981,1.);
#7981 = DIRECTION('',(-0.,1.,-0.));
#7982 = PLANE('',#7983);
#7983 = AXIS2_PLACEMENT_3D('',#7984,#7985,#7986);
#7984 = CARTESIAN_POINT('',(0.625,0.9,-0.375));
#7985 = DIRECTION('',(-1.,0.,0.));
#7986 = DIRECTION('',(0.,0.,1.));
#7987 = ADVANCED_FACE('',(#7988),#8006,.F.);
#7988 = FACE_BOUND('',#7989,.T.);
#7989 = EDGE_LOOP('',(#7990,#7991,#7992,#8000));
#7990 = ORIENTED_EDGE('',*,*,#6755,.T.);
#7991 = ORIENTED_EDGE('',*,*,#7977,.F.);
#7992 = ORIENTED_EDGE('',*,*,#7993,.F.);
#7993 = EDGE_CURVE('',#7994,#7970,#7996,.T.);
#7994 = VERTEX_POINT('',#7995);
#7995 = CARTESIAN_POINT('',(0.9,0.9,-0.375));
#7996 = LINE('',#7997,#7998);
#7997 = CARTESIAN_POINT('',(0.9,0.9,-0.375));
#7998 = VECTOR('',#7999,1.);
#7999 = DIRECTION('',(-1.,0.,1.971276677246E-16));
#8000 = ORIENTED_EDGE('',*,*,#8001,.T.);
#8001 = EDGE_CURVE('',#7994,#6756,#8002,.T.);
#8002 = LINE('',#8003,#8004);
#8003 = CARTESIAN_POINT('',(0.9,0.9,-0.375));
#8004 = VECTOR('',#8005,1.);
#8005 = DIRECTION('',(-0.,1.,-0.));
#8006 = PLANE('',#8007);
#8007 = AXIS2_PLACEMENT_3D('',#8008,#8009,#8010);
#8008 = CARTESIAN_POINT('',(0.9,0.9,-0.375));
#8009 = DIRECTION('',(-1.971276677246E-16,0.,-1.));
#8010 = DIRECTION('',(-1.,0.,1.971276677246E-16));
#8011 = ADVANCED_FACE('',(#8012),#8030,.F.);
#8012 = FACE_BOUND('',#8013,.T.);
#8013 = EDGE_LOOP('',(#8014,#8015,#8016,#8024));
#8014 = ORIENTED_EDGE('',*,*,#6763,.T.);
#8015 = ORIENTED_EDGE('',*,*,#8001,.F.);
#8016 = ORIENTED_EDGE('',*,*,#8017,.F.);
#8017 = EDGE_CURVE('',#8018,#7994,#8020,.T.);
#8018 = VERTEX_POINT('',#8019);
#8019 = CARTESIAN_POINT('',(0.9,0.9,-0.125));
#8020 = LINE('',#8021,#8022);
#8021 = CARTESIAN_POINT('',(0.9,0.9,-0.375));
#8022 = VECTOR('',#8023,1.);
#8023 = DIRECTION('',(-0.,-0.,-1.));
#8024 = ORIENTED_EDGE('',*,*,#8025,.T.);
#8025 = EDGE_CURVE('',#8018,#6764,#8026,.T.);
#8026 = LINE('',#8027,#8028);
#8027 = CARTESIAN_POINT('',(0.9,0.9,-0.125));
#8028 = VECTOR('',#8029,1.);
#8029 = DIRECTION('',(-0.,1.,-0.));
#8030 = PLANE('',#8031);
#8031 = AXIS2_PLACEMENT_3D('',#8032,#8033,#8034);
#8032 = CARTESIAN_POINT('',(0.9,0.9,-0.375));
#8033 = DIRECTION('',(1.,0.,-0.));
#8034 = DIRECTION('',(-0.,0.,-1.));
#8035 = ADVANCED_FACE('',(#8036),#8047,.F.);
#8036 = FACE_BOUND('',#8037,.T.);
#8037 = EDGE_LOOP('',(#8038,#8039,#8040,#8046));
#8038 = ORIENTED_EDGE('',*,*,#6771,.T.);
#8039 = ORIENTED_EDGE('',*,*,#8025,.F.);
#8040 = ORIENTED_EDGE('',*,*,#8041,.F.);
#8041 = EDGE_CURVE('',#7962,#8018,#8042,.T.);
#8042 = LINE('',#8043,#8044);
#8043 = CARTESIAN_POINT('',(0.9,0.9,-0.125));
#8044 = VECTOR('',#8045,1.);
#8045 = DIRECTION('',(1.,-0.,-1.971276677246E-16));
#8046 = ORIENTED_EDGE('',*,*,#7961,.T.);
#8047 = PLANE('',#8048);
#8048 = AXIS2_PLACEMENT_3D('',#8049,#8050,#8051);
#8049 = CARTESIAN_POINT('',(0.9,0.9,-0.125));
#8050 = DIRECTION('',(1.971276677246E-16,0.,1.));
#8051 = DIRECTION('',(1.,0.,-1.971276677246E-16));
#8052 = ADVANCED_FACE('',(#8053),#8059,.F.);
#8053 = FACE_BOUND('',#8054,.T.);
#8054 = EDGE_LOOP('',(#8055,#8056,#8057,#8058));
#8055 = ORIENTED_EDGE('',*,*,#7969,.T.);
#8056 = ORIENTED_EDGE('',*,*,#8041,.T.);
#8057 = ORIENTED_EDGE('',*,*,#8017,.T.);
#8058 = ORIENTED_EDGE('',*,*,#7993,.T.);
#8059 = PLANE('',#8060);
#8060 = AXIS2_PLACEMENT_3D('',#8061,#8062,#8063);
#8061 = CARTESIAN_POINT('',(0.,0.9,0.));
#8062 = DIRECTION('',(0.,-1.,0.));
#8063 = DIRECTION('',(0.,-0.,-1.));
#8064 = ADVANCED_FACE('',(#8065),#8090,.F.);
#8065 = FACE_BOUND('',#8066,.T.);
#8066 = EDGE_LOOP('',(#8067,#8068,#8076,#8084));
#8067 = ORIENTED_EDGE('',*,*,#6711,.T.);
#8068 = ORIENTED_EDGE('',*,*,#8069,.F.);
#8069 = EDGE_CURVE('',#8070,#6714,#8072,.T.);
#8070 = VERTEX_POINT('',#8071);
#8071 = CARTESIAN_POINT('',(0.9,0.9,0.125));
#8072 = LINE('',#8073,#8074);
#8073 = CARTESIAN_POINT('',(0.9,0.9,0.125));
#8074 = VECTOR('',#8075,1.);
#8075 = DIRECTION('',(-0.,1.,-0.));
#8076 = ORIENTED_EDGE('',*,*,#8077,.F.);
#8077 = EDGE_CURVE('',#8078,#8070,#8080,.T.);
#8078 = VERTEX_POINT('',#8079);
#8079 = CARTESIAN_POINT('',(0.9,0.9,0.375));
#8080 = LINE('',#8081,#8082);
#8081 = CARTESIAN_POINT('',(0.9,0.9,0.375));
#8082 = VECTOR('',#8083,1.);
#8083 = DIRECTION('',(0.,0.,-1.));
#8084 = ORIENTED_EDGE('',*,*,#8085,.T.);
#8085 = EDGE_CURVE('',#8078,#6712,#8086,.T.);
#8086 = LINE('',#8087,#8088);
#8087 = CARTESIAN_POINT('',(0.9,0.9,0.375));
#8088 = VECTOR('',#8089,1.);
#8089 = DIRECTION('',(-0.,1.,-0.));
#8090 = PLANE('',#8091);
#8091 = AXIS2_PLACEMENT_3D('',#8092,#8093,#8094);
#8092 = CARTESIAN_POINT('',(0.9,0.9,0.375));
#8093 = DIRECTION('',(1.,0.,0.));
#8094 = DIRECTION('',(0.,0.,-1.));
#8095 = ADVANCED_FACE('',(#8096),#8114,.F.);
#8096 = FACE_BOUND('',#8097,.T.);
#8097 = EDGE_LOOP('',(#8098,#8099,#8100,#8108));
#8098 = ORIENTED_EDGE('',*,*,#6721,.T.);
#8099 = ORIENTED_EDGE('',*,*,#8085,.F.);
#8100 = ORIENTED_EDGE('',*,*,#8101,.F.);
#8101 = EDGE_CURVE('',#8102,#8078,#8104,.T.);
#8102 = VERTEX_POINT('',#8103);
#8103 = CARTESIAN_POINT('',(0.625,0.9,0.375));
#8104 = LINE('',#8105,#8106);
#8105 = CARTESIAN_POINT('',(0.9,0.9,0.375));
#8106 = VECTOR('',#8107,1.);
#8107 = DIRECTION('',(1.,-0.,-1.971276677246E-16));
#8108 = ORIENTED_EDGE('',*,*,#8109,.T.);
#8109 = EDGE_CURVE('',#8102,#6722,#8110,.T.);
#8110 = LINE('',#8111,#8112);
#8111 = CARTESIAN_POINT('',(0.625,0.9,0.375));
#8112 = VECTOR('',#8113,1.);
#8113 = DIRECTION('',(-0.,1.,-0.));
#8114 = PLANE('',#8115);
#8115 = AXIS2_PLACEMENT_3D('',#8116,#8117,#8118);
#8116 = CARTESIAN_POINT('',(0.9,0.9,0.375));
#8117 = DIRECTION('',(1.971276677246E-16,0.,1.));
#8118 = DIRECTION('',(1.,0.,-1.971276677246E-16));
#8119 = ADVANCED_FACE('',(#8120),#8138,.F.);
#8120 = FACE_BOUND('',#8121,.T.);
#8121 = EDGE_LOOP('',(#8122,#8123,#8124,#8132));
#8122 = ORIENTED_EDGE('',*,*,#6729,.T.);
#8123 = ORIENTED_EDGE('',*,*,#8109,.F.);
#8124 = ORIENTED_EDGE('',*,*,#8125,.F.);
#8125 = EDGE_CURVE('',#8126,#8102,#8128,.T.);
#8126 = VERTEX_POINT('',#8127);
#8127 = CARTESIAN_POINT('',(0.625,0.9,0.125));
#8128 = LINE('',#8129,#8130);
#8129 = CARTESIAN_POINT('',(0.625,0.9,0.375));
#8130 = VECTOR('',#8131,1.);
#8131 = DIRECTION('',(-0.,-0.,1.));
#8132 = ORIENTED_EDGE('',*,*,#8133,.T.);
#8133 = EDGE_CURVE('',#8126,#6730,#8134,.T.);
#8134 = LINE('',#8135,#8136);
#8135 = CARTESIAN_POINT('',(0.625,0.9,0.125));
#8136 = VECTOR('',#8137,1.);
#8137 = DIRECTION('',(-0.,1.,-0.));
#8138 = PLANE('',#8139);
#8139 = AXIS2_PLACEMENT_3D('',#8140,#8141,#8142);
#8140 = CARTESIAN_POINT('',(0.625,0.9,0.375));
#8141 = DIRECTION('',(-1.,0.,-0.));
#8142 = DIRECTION('',(0.,0.,1.));
#8143 = ADVANCED_FACE('',(#8144),#8155,.F.);
#8144 = FACE_BOUND('',#8145,.T.);
#8145 = EDGE_LOOP('',(#8146,#8147,#8148,#8154));
#8146 = ORIENTED_EDGE('',*,*,#6737,.T.);
#8147 = ORIENTED_EDGE('',*,*,#8133,.F.);
#8148 = ORIENTED_EDGE('',*,*,#8149,.F.);
#8149 = EDGE_CURVE('',#8070,#8126,#8150,.T.);
#8150 = LINE('',#8151,#8152);
#8151 = CARTESIAN_POINT('',(0.9,0.9,0.125));
#8152 = VECTOR('',#8153,1.);
#8153 = DIRECTION('',(-1.,0.,1.971276677246E-16));
#8154 = ORIENTED_EDGE('',*,*,#8069,.T.);
#8155 = PLANE('',#8156);
#8156 = AXIS2_PLACEMENT_3D('',#8157,#8158,#8159);
#8157 = CARTESIAN_POINT('',(0.9,0.9,0.125));
#8158 = DIRECTION('',(-1.971276677246E-16,0.,-1.));
#8159 = DIRECTION('',(-1.,0.,1.971276677246E-16));
#8160 = ADVANCED_FACE('',(#8161),#8167,.T.);
#8161 = FACE_BOUND('',#8162,.T.);
#8162 = EDGE_LOOP('',(#8163,#8164,#8165,#8166));
#8163 = ORIENTED_EDGE('',*,*,#8077,.T.);
#8164 = ORIENTED_EDGE('',*,*,#8149,.T.);
#8165 = ORIENTED_EDGE('',*,*,#8125,.T.);
#8166 = ORIENTED_EDGE('',*,*,#8101,.T.);
#8167 = PLANE('',#8168);
#8168 = AXIS2_PLACEMENT_3D('',#8169,#8170,#8171);
#8169 = CARTESIAN_POINT('',(0.,0.9,0.));
#8170 = DIRECTION('',(0.,1.,0.));
#8171 = DIRECTION('',(0.,-0.,1.));
#8172 = ADVANCED_FACE('',(#8173),#8198,.F.);
#8173 = FACE_BOUND('',#8174,.T.);
#8174 = EDGE_LOOP('',(#8175,#8176,#8184,#8192));
#8175 = ORIENTED_EDGE('',*,*,#6677,.T.);
#8176 = ORIENTED_EDGE('',*,*,#8177,.F.);
#8177 = EDGE_CURVE('',#8178,#6680,#8180,.T.);
#8178 = VERTEX_POINT('',#8179);
#8179 = CARTESIAN_POINT('',(-0.9,0.9,0.375));
#8180 = LINE('',#8181,#8182);
#8181 = CARTESIAN_POINT('',(-0.9,0.9,0.375));
#8182 = VECTOR('',#8183,1.);
#8183 = DIRECTION('',(-0.,1.,-0.));
#8184 = ORIENTED_EDGE('',*,*,#8185,.F.);
#8185 = EDGE_CURVE('',#8186,#8178,#8188,.T.);
#8186 = VERTEX_POINT('',#8187);
#8187 = CARTESIAN_POINT('',(-0.9,0.9,0.125));
#8188 = LINE('',#8189,#8190);
#8189 = CARTESIAN_POINT('',(-0.9,0.9,0.375));
#8190 = VECTOR('',#8191,1.);
#8191 = DIRECTION('',(-0.,-0.,1.));
#8192 = ORIENTED_EDGE('',*,*,#8193,.T.);
#8193 = EDGE_CURVE('',#8186,#6678,#8194,.T.);
#8194 = LINE('',#8195,#8196);
#8195 = CARTESIAN_POINT('',(-0.9,0.9,0.125));
#8196 = VECTOR('',#8197,1.);
#8197 = DIRECTION('',(-0.,1.,-0.));
#8198 = PLANE('',#8199);
#8199 = AXIS2_PLACEMENT_3D('',#8200,#8201,#8202);
#8200 = CARTESIAN_POINT('',(-0.9,0.9,0.375));
#8201 = DIRECTION('',(-1.,0.,-0.));
#8202 = DIRECTION('',(0.,0.,1.));
#8203 = ADVANCED_FACE('',(#8204),#8222,.F.);
#8204 = FACE_BOUND('',#8205,.T.);
#8205 = EDGE_LOOP('',(#8206,#8207,#8208,#8216));
#8206 = ORIENTED_EDGE('',*,*,#6687,.T.);
#8207 = ORIENTED_EDGE('',*,*,#8193,.F.);
#8208 = ORIENTED_EDGE('',*,*,#8209,.F.);
#8209 = EDGE_CURVE('',#8210,#8186,#8212,.T.);
#8210 = VERTEX_POINT('',#8211);
#8211 = CARTESIAN_POINT('',(-0.625,0.9,0.125));
#8212 = LINE('',#8213,#8214);
#8213 = CARTESIAN_POINT('',(-0.9,0.9,0.125));
#8214 = VECTOR('',#8215,1.);
#8215 = DIRECTION('',(-1.,-0.,-1.971276677246E-16));
#8216 = ORIENTED_EDGE('',*,*,#8217,.T.);
#8217 = EDGE_CURVE('',#8210,#6688,#8218,.T.);
#8218 = LINE('',#8219,#8220);
#8219 = CARTESIAN_POINT('',(-0.625,0.9,0.125));
#8220 = VECTOR('',#8221,1.);
#8221 = DIRECTION('',(-0.,1.,-0.));
#8222 = PLANE('',#8223);
#8223 = AXIS2_PLACEMENT_3D('',#8224,#8225,#8226);
#8224 = CARTESIAN_POINT('',(-0.9,0.9,0.125));
#8225 = DIRECTION('',(1.971276677246E-16,0.,-1.));
#8226 = DIRECTION('',(-1.,0.,-1.971276677246E-16));
#8227 = ADVANCED_FACE('',(#8228),#8246,.F.);
#8228 = FACE_BOUND('',#8229,.T.);
#8229 = EDGE_LOOP('',(#8230,#8231,#8232,#8240));
#8230 = ORIENTED_EDGE('',*,*,#6695,.T.);
#8231 = ORIENTED_EDGE('',*,*,#8217,.F.);
#8232 = ORIENTED_EDGE('',*,*,#8233,.F.);
#8233 = EDGE_CURVE('',#8234,#8210,#8236,.T.);
#8234 = VERTEX_POINT('',#8235);
#8235 = CARTESIAN_POINT('',(-0.625,0.9,0.375));
#8236 = LINE('',#8237,#8238);
#8237 = CARTESIAN_POINT('',(-0.625,0.9,0.375));
#8238 = VECTOR('',#8239,1.);
#8239 = DIRECTION('',(0.,0.,-1.));
#8240 = ORIENTED_EDGE('',*,*,#8241,.T.);
#8241 = EDGE_CURVE('',#8234,#6696,#8242,.T.);
#8242 = LINE('',#8243,#8244);
#8243 = CARTESIAN_POINT('',(-0.625,0.9,0.375));
#8244 = VECTOR('',#8245,1.);
#8245 = DIRECTION('',(-0.,1.,-0.));
#8246 = PLANE('',#8247);
#8247 = AXIS2_PLACEMENT_3D('',#8248,#8249,#8250);
#8248 = CARTESIAN_POINT('',(-0.625,0.9,0.375));
#8249 = DIRECTION('',(1.,0.,0.));
#8250 = DIRECTION('',(0.,0.,-1.));
#8251 = ADVANCED_FACE('',(#8252),#8263,.F.);
#8252 = FACE_BOUND('',#8253,.T.);
#8253 = EDGE_LOOP('',(#8254,#8255,#8256,#8262));
#8254 = ORIENTED_EDGE('',*,*,#6703,.T.);
#8255 = ORIENTED_EDGE('',*,*,#8241,.F.);
#8256 = ORIENTED_EDGE('',*,*,#8257,.F.);
#8257 = EDGE_CURVE('',#8178,#8234,#8258,.T.);
#8258 = LINE('',#8259,#8260);
#8259 = CARTESIAN_POINT('',(-0.9,0.9,0.375));
#8260 = VECTOR('',#8261,1.);
#8261 = DIRECTION('',(1.,0.,1.971276677246E-16));
#8262 = ORIENTED_EDGE('',*,*,#8177,.T.);
#8263 = PLANE('',#8264);
#8264 = AXIS2_PLACEMENT_3D('',#8265,#8266,#8267);
#8265 = CARTESIAN_POINT('',(-0.9,0.9,0.375));
#8266 = DIRECTION('',(-1.971276677246E-16,0.,1.));
#8267 = DIRECTION('',(1.,0.,1.971276677246E-16));
#8268 = ADVANCED_FACE('',(#8269),#8275,.F.);
#8269 = FACE_BOUND('',#8270,.T.);
#8270 = EDGE_LOOP('',(#8271,#8272,#8273,#8274));
#8271 = ORIENTED_EDGE('',*,*,#8185,.T.);
#8272 = ORIENTED_EDGE('',*,*,#8257,.T.);
#8273 = ORIENTED_EDGE('',*,*,#8233,.T.);
#8274 = ORIENTED_EDGE('',*,*,#8209,.T.);
#8275 = PLANE('',#8276);
#8276 = AXIS2_PLACEMENT_3D('',#8277,#8278,#8279);
#8277 = CARTESIAN_POINT('',(0.,0.9,0.));
#8278 = DIRECTION('',(0.,-1.,0.));
#8279 = DIRECTION('',(0.,-0.,-1.));
#8280 = ADVANCED_FACE('',(#8281),#8306,.F.);
#8281 = FACE_BOUND('',#8282,.T.);
#8282 = EDGE_LOOP('',(#8283,#8284,#8292,#8300));
#8283 = ORIENTED_EDGE('',*,*,#6643,.T.);
#8284 = ORIENTED_EDGE('',*,*,#8285,.F.);
#8285 = EDGE_CURVE('',#8286,#6646,#8288,.T.);
#8286 = VERTEX_POINT('',#8287);
#8287 = CARTESIAN_POINT('',(-0.9,0.9,-0.125));
#8288 = LINE('',#8289,#8290);
#8289 = CARTESIAN_POINT('',(-0.9,0.9,-0.125));
#8290 = VECTOR('',#8291,1.);
#8291 = DIRECTION('',(-0.,1.,-0.));
#8292 = ORIENTED_EDGE('',*,*,#8293,.F.);
#8293 = EDGE_CURVE('',#8294,#8286,#8296,.T.);
#8294 = VERTEX_POINT('',#8295);
#8295 = CARTESIAN_POINT('',(-0.9,0.9,-0.375));
#8296 = LINE('',#8297,#8298);
#8297 = CARTESIAN_POINT('',(-0.9,0.9,-0.375));
#8298 = VECTOR('',#8299,1.);
#8299 = DIRECTION('',(0.,0.,1.));
#8300 = ORIENTED_EDGE('',*,*,#8301,.T.);
#8301 = EDGE_CURVE('',#8294,#6644,#8302,.T.);
#8302 = LINE('',#8303,#8304);
#8303 = CARTESIAN_POINT('',(-0.9,0.9,-0.375));
#8304 = VECTOR('',#8305,1.);
#8305 = DIRECTION('',(-0.,1.,-0.));
#8306 = PLANE('',#8307);
#8307 = AXIS2_PLACEMENT_3D('',#8308,#8309,#8310);
#8308 = CARTESIAN_POINT('',(-0.9,0.9,-0.375));
#8309 = DIRECTION('',(-1.,0.,0.));
#8310 = DIRECTION('',(0.,0.,1.));
#8311 = ADVANCED_FACE('',(#8312),#8330,.F.);
#8312 = FACE_BOUND('',#8313,.T.);
#8313 = EDGE_LOOP('',(#8314,#8315,#8316,#8324));
#8314 = ORIENTED_EDGE('',*,*,#6653,.T.);
#8315 = ORIENTED_EDGE('',*,*,#8301,.F.);
#8316 = ORIENTED_EDGE('',*,*,#8317,.F.);
#8317 = EDGE_CURVE('',#8318,#8294,#8320,.T.);
#8318 = VERTEX_POINT('',#8319);
#8319 = CARTESIAN_POINT('',(-0.625,0.9,-0.375));
#8320 = LINE('',#8321,#8322);
#8321 = CARTESIAN_POINT('',(-0.9,0.9,-0.375));
#8322 = VECTOR('',#8323,1.);
#8323 = DIRECTION('',(-1.,-0.,-1.971276677246E-16));
#8324 = ORIENTED_EDGE('',*,*,#8325,.T.);
#8325 = EDGE_CURVE('',#8318,#6654,#8326,.T.);
#8326 = LINE('',#8327,#8328);
#8327 = CARTESIAN_POINT('',(-0.625,0.9,-0.375));
#8328 = VECTOR('',#8329,1.);
#8329 = DIRECTION('',(-0.,1.,-0.));
#8330 = PLANE('',#8331);
#8331 = AXIS2_PLACEMENT_3D('',#8332,#8333,#8334);
#8332 = CARTESIAN_POINT('',(-0.9,0.9,-0.375));
#8333 = DIRECTION('',(1.971276677246E-16,0.,-1.));
#8334 = DIRECTION('',(-1.,0.,-1.971276677246E-16));
#8335 = ADVANCED_FACE('',(#8336),#8354,.F.);
#8336 = FACE_BOUND('',#8337,.T.);
#8337 = EDGE_LOOP('',(#8338,#8339,#8340,#8348));
#8338 = ORIENTED_EDGE('',*,*,#6661,.T.);
#8339 = ORIENTED_EDGE('',*,*,#8325,.F.);
#8340 = ORIENTED_EDGE('',*,*,#8341,.F.);
#8341 = EDGE_CURVE('',#8342,#8318,#8344,.T.);
#8342 = VERTEX_POINT('',#8343);
#8343 = CARTESIAN_POINT('',(-0.625,0.9,-0.125));
#8344 = LINE('',#8345,#8346);
#8345 = CARTESIAN_POINT('',(-0.625,0.9,-0.375));
#8346 = VECTOR('',#8347,1.);
#8347 = DIRECTION('',(-0.,-0.,-1.));
#8348 = ORIENTED_EDGE('',*,*,#8349,.T.);
#8349 = EDGE_CURVE('',#8342,#6662,#8350,.T.);
#8350 = LINE('',#8351,#8352);
#8351 = CARTESIAN_POINT('',(-0.625,0.9,-0.125));
#8352 = VECTOR('',#8353,1.);
#8353 = DIRECTION('',(-0.,1.,-0.));
#8354 = PLANE('',#8355);
#8355 = AXIS2_PLACEMENT_3D('',#8356,#8357,#8358);
#8356 = CARTESIAN_POINT('',(-0.625,0.9,-0.375));
#8357 = DIRECTION('',(1.,0.,-0.));
#8358 = DIRECTION('',(-0.,0.,-1.));
#8359 = ADVANCED_FACE('',(#8360),#8371,.F.);
#8360 = FACE_BOUND('',#8361,.T.);
#8361 = EDGE_LOOP('',(#8362,#8363,#8364,#8370));
#8362 = ORIENTED_EDGE('',*,*,#6669,.T.);
#8363 = ORIENTED_EDGE('',*,*,#8349,.F.);
#8364 = ORIENTED_EDGE('',*,*,#8365,.F.);
#8365 = EDGE_CURVE('',#8286,#8342,#8366,.T.);
#8366 = LINE('',#8367,#8368);
#8367 = CARTESIAN_POINT('',(-0.9,0.9,-0.125));
#8368 = VECTOR('',#8369,1.);
#8369 = DIRECTION('',(1.,0.,1.971276677246E-16));
#8370 = ORIENTED_EDGE('',*,*,#8285,.T.);
#8371 = PLANE('',#8372);
#8372 = AXIS2_PLACEMENT_3D('',#8373,#8374,#8375);
#8373 = CARTESIAN_POINT('',(-0.9,0.9,-0.125));
#8374 = DIRECTION('',(-1.971276677246E-16,0.,1.));
#8375 = DIRECTION('',(1.,0.,1.971276677246E-16));
#8376 = ADVANCED_FACE('',(#8377),#8383,.T.);
#8377 = FACE_BOUND('',#8378,.T.);
#8378 = EDGE_LOOP('',(#8379,#8380,#8381,#8382));
#8379 = ORIENTED_EDGE('',*,*,#8293,.T.);
#8380 = ORIENTED_EDGE('',*,*,#8365,.T.);
#8381 = ORIENTED_EDGE('',*,*,#8341,.T.);
#8382 = ORIENTED_EDGE('',*,*,#8317,.T.);
#8383 = PLANE('',#8384);
#8384 = AXIS2_PLACEMENT_3D('',#8385,#8386,#8387);
#8385 = CARTESIAN_POINT('',(0.,0.9,0.));
#8386 = DIRECTION('',(0.,1.,0.));
#8387 = DIRECTION('',(0.,-0.,1.));
#8388 = ADVANCED_FACE('',(#8389),#8395,.T.);
#8389 = FACE_BOUND('',#8390,.T.);
#8390 = EDGE_LOOP('',(#8391,#8392,#8393,#8394));
#8391 = ORIENTED_EDGE('',*,*,#7619,.F.);
#8392 = ORIENTED_EDGE('',*,*,#7547,.F.);
#8393 = ORIENTED_EDGE('',*,*,#6891,.F.);
#8394 = ORIENTED_EDGE('',*,*,#7525,.F.);
#8395 = PLANE('',#8396);
#8396 = AXIS2_PLACEMENT_3D('',#8397,#8398,#8399);
#8397 = CARTESIAN_POINT('',(0.625,0.9,0.725));
#8398 = DIRECTION('',(0.707106781187,0.,0.707106781187));
#8399 = DIRECTION('',(0.,-1.,0.));
#8400 = MANIFOLD_SOLID_BREP('',#8401);
#8401 = CLOSED_SHELL('',(#8402,#8444,#8484,#8515,#8546,#8568,#8590,#8602
    ,#8620));
#8402 = ADVANCED_FACE('',(#8403),#8439,.F.);
#8403 = FACE_BOUND('',#8404,.F.);
#8404 = EDGE_LOOP('',(#8405,#8415,#8424,#8432));
#8405 = ORIENTED_EDGE('',*,*,#8406,.T.);
#8406 = EDGE_CURVE('',#8407,#8409,#8411,.T.);
#8407 = VERTEX_POINT('',#8408);
#8408 = CARTESIAN_POINT('',(0.749869458162,4.E-02,0.678019202438));
#8409 = VERTEX_POINT('',#8410);
#8410 = CARTESIAN_POINT('',(0.749869458162,0.,0.678019202438));
#8411 = LINE('',#8412,#8413);
#8412 = CARTESIAN_POINT('',(0.749869458162,4.E-02,0.678019202438));
#8413 = VECTOR('',#8414,1.);
#8414 = DIRECTION('',(-0.,-1.,-0.));
#8415 = ORIENTED_EDGE('',*,*,#8416,.F.);
#8416 = EDGE_CURVE('',#8417,#8409,#8419,.T.);
#8417 = VERTEX_POINT('',#8418);
#8418 = CARTESIAN_POINT('',(0.749869458162,0.,0.814645473714));
#8419 = CIRCLE('',#8420,6.831313563778E-02);
#8420 = AXIS2_PLACEMENT_3D('',#8421,#8422,#8423);
#8421 = CARTESIAN_POINT('',(0.749869458162,0.,0.746332338076));
#8422 = DIRECTION('',(0.,-1.,0.));
#8423 = DIRECTION('',(0.,0.,-1.));
#8424 = ORIENTED_EDGE('',*,*,#8425,.F.);
#8425 = EDGE_CURVE('',#8426,#8417,#8428,.T.);
#8426 = VERTEX_POINT('',#8427);
#8427 = CARTESIAN_POINT('',(0.749869458162,4.E-02,0.814645473714));
#8428 = LINE('',#8429,#8430);
#8429 = CARTESIAN_POINT('',(0.749869458162,4.E-02,0.814645473714));
#8430 = VECTOR('',#8431,1.);
#8431 = DIRECTION('',(-0.,-1.,-0.));
#8432 = ORIENTED_EDGE('',*,*,#8433,.T.);
#8433 = EDGE_CURVE('',#8426,#8407,#8434,.T.);
#8434 = CIRCLE('',#8435,6.831313563778E-02);
#8435 = AXIS2_PLACEMENT_3D('',#8436,#8437,#8438);
#8436 = CARTESIAN_POINT('',(0.749869458162,4.E-02,0.746332338076));
#8437 = DIRECTION('',(0.,-1.,0.));
#8438 = DIRECTION('',(0.,0.,-1.));
#8439 = CYLINDRICAL_SURFACE('',#8440,6.831313563778E-02);
#8440 = AXIS2_PLACEMENT_3D('',#8441,#8442,#8443);
#8441 = CARTESIAN_POINT('',(0.749869458162,4.E-02,0.746332338076));
#8442 = DIRECTION('',(-0.,-1.,-0.));
#8443 = DIRECTION('',(0.,0.,-1.));
#8444 = ADVANCED_FACE('',(#8445),#8479,.F.);
#8445 = FACE_BOUND('',#8446,.T.);
#8446 = EDGE_LOOP('',(#8447,#8457,#8465,#8473));
#8447 = ORIENTED_EDGE('',*,*,#8448,.F.);
#8448 = EDGE_CURVE('',#8449,#8451,#8453,.T.);
#8449 = VERTEX_POINT('',#8450);
#8450 = CARTESIAN_POINT('',(-1.,0.75,-1.));
#8451 = VERTEX_POINT('',#8452);
#8452 = CARTESIAN_POINT('',(-1.,0.75,1.));
#8453 = LINE('',#8454,#8455);
#8454 = CARTESIAN_POINT('',(-1.,0.75,-1.));
#8455 = VECTOR('',#8456,1.);
#8456 = DIRECTION('',(0.,0.,1.));
#8457 = ORIENTED_EDGE('',*,*,#8458,.T.);
#8458 = EDGE_CURVE('',#8449,#8459,#8461,.T.);
#8459 = VERTEX_POINT('',#8460);
#8460 = CARTESIAN_POINT('',(-1.,0.,-1.));
#8461 = LINE('',#8462,#8463);
#8462 = CARTESIAN_POINT('',(-1.,1.,-1.));
#8463 = VECTOR('',#8464,1.);
#8464 = DIRECTION('',(-0.,-1.,-0.));
#8465 = ORIENTED_EDGE('',*,*,#8466,.T.);
#8466 = EDGE_CURVE('',#8459,#8467,#8469,.T.);
#8467 = VERTEX_POINT('',#8468);
#8468 = CARTESIAN_POINT('',(-1.,0.,1.));
#8469 = LINE('',#8470,#8471);
#8470 = CARTESIAN_POINT('',(-1.,0.,1.));
#8471 = VECTOR('',#8472,1.);
#8472 = DIRECTION('',(-0.,-0.,1.));
#8473 = ORIENTED_EDGE('',*,*,#8474,.F.);
#8474 = EDGE_CURVE('',#8451,#8467,#8475,.T.);
#8475 = LINE('',#8476,#8477);
#8476 = CARTESIAN_POINT('',(-1.,1.,1.));
#8477 = VECTOR('',#8478,1.);
#8478 = DIRECTION('',(-0.,-1.,-0.));
#8479 = PLANE('',#8480);
#8480 = AXIS2_PLACEMENT_3D('',#8481,#8482,#8483);
#8481 = CARTESIAN_POINT('',(-1.,1.,1.));
#8482 = DIRECTION('',(1.,-0.,0.));
#8483 = DIRECTION('',(0.,0.,-1.));
#8484 = ADVANCED_FACE('',(#8485),#8510,.F.);
#8485 = FACE_BOUND('',#8486,.T.);
#8486 = EDGE_LOOP('',(#8487,#8495,#8496,#8504));
#8487 = ORIENTED_EDGE('',*,*,#8488,.F.);
#8488 = EDGE_CURVE('',#8451,#8489,#8491,.T.);
#8489 = VERTEX_POINT('',#8490);
#8490 = CARTESIAN_POINT('',(1.,0.75,1.));
#8491 = LINE('',#8492,#8493);
#8492 = CARTESIAN_POINT('',(-1.,0.75,1.));
#8493 = VECTOR('',#8494,1.);
#8494 = DIRECTION('',(1.,0.,-1.084202172486E-16));
#8495 = ORIENTED_EDGE('',*,*,#8474,.T.);
#8496 = ORIENTED_EDGE('',*,*,#8497,.T.);
#8497 = EDGE_CURVE('',#8467,#8498,#8500,.T.);
#8498 = VERTEX_POINT('',#8499);
#8499 = CARTESIAN_POINT('',(1.,0.,1.));
#8500 = LINE('',#8501,#8502);
#8501 = CARTESIAN_POINT('',(1.,0.,1.));
#8502 = VECTOR('',#8503,1.);
#8503 = DIRECTION('',(1.,-0.,-1.084202172486E-16));
#8504 = ORIENTED_EDGE('',*,*,#8505,.F.);
#8505 = EDGE_CURVE('',#8489,#8498,#8506,.T.);
#8506 = LINE('',#8507,#8508);
#8507 = CARTESIAN_POINT('',(1.,1.,1.));
#8508 = VECTOR('',#8509,1.);
#8509 = DIRECTION('',(-0.,-1.,-0.));
#8510 = PLANE('',#8511);
#8511 = AXIS2_PLACEMENT_3D('',#8512,#8513,#8514);
#8512 = CARTESIAN_POINT('',(1.,1.,1.));
#8513 = DIRECTION('',(-1.084202172486E-16,0.,-1.));
#8514 = DIRECTION('',(-1.,0.,1.084202172486E-16));
#8515 = ADVANCED_FACE('',(#8516),#8541,.F.);
#8516 = FACE_BOUND('',#8517,.T.);
#8517 = EDGE_LOOP('',(#8518,#8526,#8527,#8535));
#8518 = ORIENTED_EDGE('',*,*,#8519,.F.);
#8519 = EDGE_CURVE('',#8489,#8520,#8522,.T.);
#8520 = VERTEX_POINT('',#8521);
#8521 = CARTESIAN_POINT('',(1.,0.75,-1.));
#8522 = LINE('',#8523,#8524);
#8523 = CARTESIAN_POINT('',(1.,0.75,1.));
#8524 = VECTOR('',#8525,1.);
#8525 = DIRECTION('',(0.,0.,-1.));
#8526 = ORIENTED_EDGE('',*,*,#8505,.T.);
#8527 = ORIENTED_EDGE('',*,*,#8528,.T.);
#8528 = EDGE_CURVE('',#8498,#8529,#8531,.T.);
#8529 = VERTEX_POINT('',#8530);
#8530 = CARTESIAN_POINT('',(1.,0.,-1.));
#8531 = LINE('',#8532,#8533);
#8532 = CARTESIAN_POINT('',(1.,0.,1.));
#8533 = VECTOR('',#8534,1.);
#8534 = DIRECTION('',(0.,0.,-1.));
#8535 = ORIENTED_EDGE('',*,*,#8536,.F.);
#8536 = EDGE_CURVE('',#8520,#8529,#8537,.T.);
#8537 = LINE('',#8538,#8539);
#8538 = CARTESIAN_POINT('',(1.,1.,-1.));
#8539 = VECTOR('',#8540,1.);
#8540 = DIRECTION('',(-0.,-1.,-0.));
#8541 = PLANE('',#8542);
#8542 = AXIS2_PLACEMENT_3D('',#8543,#8544,#8545);
#8543 = CARTESIAN_POINT('',(1.,1.,1.));
#8544 = DIRECTION('',(-1.,0.,0.));
#8545 = DIRECTION('',(0.,0.,1.));
#8546 = ADVANCED_FACE('',(#8547),#8563,.F.);
#8547 = FACE_BOUND('',#8548,.T.);
#8548 = EDGE_LOOP('',(#8549,#8555,#8556,#8562));
#8549 = ORIENTED_EDGE('',*,*,#8550,.F.);
#8550 = EDGE_CURVE('',#8520,#8449,#8551,.T.);
#8551 = LINE('',#8552,#8553);
#8552 = CARTESIAN_POINT('',(1.,0.75,-1.));
#8553 = VECTOR('',#8554,1.);
#8554 = DIRECTION('',(-1.,0.,1.084202172486E-16));
#8555 = ORIENTED_EDGE('',*,*,#8536,.T.);
#8556 = ORIENTED_EDGE('',*,*,#8557,.T.);
#8557 = EDGE_CURVE('',#8529,#8459,#8558,.T.);
#8558 = LINE('',#8559,#8560);
#8559 = CARTESIAN_POINT('',(1.,0.,-1.));
#8560 = VECTOR('',#8561,1.);
#8561 = DIRECTION('',(-1.,0.,1.084202172486E-16));
#8562 = ORIENTED_EDGE('',*,*,#8458,.F.);
#8563 = PLANE('',#8564);
#8564 = AXIS2_PLACEMENT_3D('',#8565,#8566,#8567);
#8565 = CARTESIAN_POINT('',(1.,1.,-1.));
#8566 = DIRECTION('',(1.084202172486E-16,-0.,1.));
#8567 = DIRECTION('',(1.,0.,-1.084202172486E-16));
#8568 = ADVANCED_FACE('',(#8569,#8579),#8585,.F.);
#8569 = FACE_BOUND('',#8570,.T.);
#8570 = EDGE_LOOP('',(#8571,#8578));
#8571 = ORIENTED_EDGE('',*,*,#8572,.F.);
#8572 = EDGE_CURVE('',#8409,#8417,#8573,.T.);
#8573 = CIRCLE('',#8574,6.831313563778E-02);
#8574 = AXIS2_PLACEMENT_3D('',#8575,#8576,#8577);
#8575 = CARTESIAN_POINT('',(0.749869458162,0.,0.746332338076));
#8576 = DIRECTION('',(0.,-1.,0.));
#8577 = DIRECTION('',(0.,0.,-1.));
#8578 = ORIENTED_EDGE('',*,*,#8416,.F.);
#8579 = FACE_BOUND('',#8580,.T.);
#8580 = EDGE_LOOP('',(#8581,#8582,#8583,#8584));
#8581 = ORIENTED_EDGE('',*,*,#8466,.F.);
#8582 = ORIENTED_EDGE('',*,*,#8557,.F.);
#8583 = ORIENTED_EDGE('',*,*,#8528,.F.);
#8584 = ORIENTED_EDGE('',*,*,#8497,.F.);
#8585 = PLANE('',#8586);
#8586 = AXIS2_PLACEMENT_3D('',#8587,#8588,#8589);
#8587 = CARTESIAN_POINT('',(0.,0.,0.));
#8588 = DIRECTION('',(0.,1.,0.));
#8589 = DIRECTION('',(0.,-0.,1.));
#8590 = ADVANCED_FACE('',(#8591),#8597,.T.);
#8591 = FACE_BOUND('',#8592,.T.);
#8592 = EDGE_LOOP('',(#8593,#8594,#8595,#8596));
#8593 = ORIENTED_EDGE('',*,*,#8550,.T.);
#8594 = ORIENTED_EDGE('',*,*,#8448,.T.);
#8595 = ORIENTED_EDGE('',*,*,#8488,.T.);
#8596 = ORIENTED_EDGE('',*,*,#8519,.T.);
#8597 = PLANE('',#8598);
#8598 = AXIS2_PLACEMENT_3D('',#8599,#8600,#8601);
#8599 = CARTESIAN_POINT('',(0.,0.75,0.));
#8600 = DIRECTION('',(0.,1.,-0.));
#8601 = DIRECTION('',(0.,0.,1.));
#8602 = ADVANCED_FACE('',(#8603),#8615,.F.);
#8603 = FACE_BOUND('',#8604,.F.);
#8604 = EDGE_LOOP('',(#8605,#8606,#8607,#8614));
#8605 = ORIENTED_EDGE('',*,*,#8572,.F.);
#8606 = ORIENTED_EDGE('',*,*,#8406,.F.);
#8607 = ORIENTED_EDGE('',*,*,#8608,.T.);
#8608 = EDGE_CURVE('',#8407,#8426,#8609,.T.);
#8609 = CIRCLE('',#8610,6.831313563778E-02);
#8610 = AXIS2_PLACEMENT_3D('',#8611,#8612,#8613);
#8611 = CARTESIAN_POINT('',(0.749869458162,4.E-02,0.746332338076));
#8612 = DIRECTION('',(0.,-1.,0.));
#8613 = DIRECTION('',(0.,0.,-1.));
#8614 = ORIENTED_EDGE('',*,*,#8425,.T.);
#8615 = CYLINDRICAL_SURFACE('',#8616,6.831313563778E-02);
#8616 = AXIS2_PLACEMENT_3D('',#8617,#8618,#8619);
#8617 = CARTESIAN_POINT('',(0.749869458162,4.E-02,0.746332338076));
#8618 = DIRECTION('',(-0.,-1.,-0.));
#8619 = DIRECTION('',(0.,0.,-1.));
#8620 = ADVANCED_FACE('',(#8621),#8625,.T.);
#8621 = FACE_BOUND('',#8622,.T.);
#8622 = EDGE_LOOP('',(#8623,#8624));
#8623 = ORIENTED_EDGE('',*,*,#8608,.T.);
#8624 = ORIENTED_EDGE('',*,*,#8433,.T.);
#8625 = PLANE('',#8626);
#8626 = AXIS2_PLACEMENT_3D('',#8627,#8628,#8629);
#8627 = CARTESIAN_POINT('',(0.749869458162,4.E-02,0.746332338076));
#8628 = DIRECTION('',(0.,-1.,0.));
#8629 = DIRECTION('',(0.,-0.,-1.));
#8630 = MANIFOLD_SOLID_BREP('',#8631);
#8631 = CLOSED_SHELL('',(#8632,#8672,#8703,#8734,#8756,#8768));
#8632 = ADVANCED_FACE('',(#8633),#8667,.F.);
#8633 = FACE_BOUND('',#8634,.T.);
#8634 = EDGE_LOOP('',(#8635,#8645,#8653,#8661));
#8635 = ORIENTED_EDGE('',*,*,#8636,.T.);
#8636 = EDGE_CURVE('',#8637,#8639,#8641,.T.);
#8637 = VERTEX_POINT('',#8638);
#8638 = CARTESIAN_POINT('',(-0.625,0.9,0.125));
#8639 = VERTEX_POINT('',#8640);
#8640 = CARTESIAN_POINT('',(-0.9,0.9,0.125));
#8641 = LINE('',#8642,#8643);
#8642 = CARTESIAN_POINT('',(-0.625,0.9,0.125));
#8643 = VECTOR('',#8644,1.);
#8644 = DIRECTION('',(-1.,0.,-1.971276677246E-16));
#8645 = ORIENTED_EDGE('',*,*,#8646,.F.);
#8646 = EDGE_CURVE('',#8647,#8639,#8649,.T.);
#8647 = VERTEX_POINT('',#8648);
#8648 = CARTESIAN_POINT('',(-0.9,1.,0.125));
#8649 = LINE('',#8650,#8651);
#8650 = CARTESIAN_POINT('',(-0.9,1.,0.125));
#8651 = VECTOR('',#8652,1.);
#8652 = DIRECTION('',(-0.,-1.,-0.));
#8653 = ORIENTED_EDGE('',*,*,#8654,.F.);
#8654 = EDGE_CURVE('',#8655,#8647,#8657,.T.);
#8655 = VERTEX_POINT('',#8656);
#8656 = CARTESIAN_POINT('',(-0.625,1.,0.125));
#8657 = LINE('',#8658,#8659);
#8658 = CARTESIAN_POINT('',(-0.625,1.,0.125));
#8659 = VECTOR('',#8660,1.);
#8660 = DIRECTION('',(-1.,0.,-1.971276677246E-16));
#8661 = ORIENTED_EDGE('',*,*,#8662,.T.);
#8662 = EDGE_CURVE('',#8655,#8637,#8663,.T.);
#8663 = LINE('',#8664,#8665);
#8664 = CARTESIAN_POINT('',(-0.625,1.,0.125));
#8665 = VECTOR('',#8666,1.);
#8666 = DIRECTION('',(-0.,-1.,-0.));
#8667 = PLANE('',#8668);
#8668 = AXIS2_PLACEMENT_3D('',#8669,#8670,#8671);
#8669 = CARTESIAN_POINT('',(-0.625,1.,0.125));
#8670 = DIRECTION('',(-1.971276677246E-16,0.,1.));
#8671 = DIRECTION('',(1.,0.,1.971276677246E-16));
#8672 = ADVANCED_FACE('',(#8673),#8698,.F.);
#8673 = FACE_BOUND('',#8674,.T.);
#8674 = EDGE_LOOP('',(#8675,#8683,#8691,#8697));
#8675 = ORIENTED_EDGE('',*,*,#8676,.T.);
#8676 = EDGE_CURVE('',#8639,#8677,#8679,.T.);
#8677 = VERTEX_POINT('',#8678);
#8678 = CARTESIAN_POINT('',(-0.9,0.9,0.375));
#8679 = LINE('',#8680,#8681);
#8680 = CARTESIAN_POINT('',(-0.9,0.9,0.125));
#8681 = VECTOR('',#8682,1.);
#8682 = DIRECTION('',(0.,0.,1.));
#8683 = ORIENTED_EDGE('',*,*,#8684,.F.);
#8684 = EDGE_CURVE('',#8685,#8677,#8687,.T.);
#8685 = VERTEX_POINT('',#8686);
#8686 = CARTESIAN_POINT('',(-0.9,1.,0.375));
#8687 = LINE('',#8688,#8689);
#8688 = CARTESIAN_POINT('',(-0.9,1.,0.375));
#8689 = VECTOR('',#8690,1.);
#8690 = DIRECTION('',(-0.,-1.,-0.));
#8691 = ORIENTED_EDGE('',*,*,#8692,.F.);
#8692 = EDGE_CURVE('',#8647,#8685,#8693,.T.);
#8693 = LINE('',#8694,#8695);
#8694 = CARTESIAN_POINT('',(-0.9,1.,0.125));
#8695 = VECTOR('',#8696,1.);
#8696 = DIRECTION('',(0.,0.,1.));
#8697 = ORIENTED_EDGE('',*,*,#8646,.T.);
#8698 = PLANE('',#8699);
#8699 = AXIS2_PLACEMENT_3D('',#8700,#8701,#8702);
#8700 = CARTESIAN_POINT('',(-0.9,1.,0.125));
#8701 = DIRECTION('',(1.,0.,0.));
#8702 = DIRECTION('',(0.,0.,-1.));
#8703 = ADVANCED_FACE('',(#8704),#8729,.F.);
#8704 = FACE_BOUND('',#8705,.T.);
#8705 = EDGE_LOOP('',(#8706,#8714,#8722,#8728));
#8706 = ORIENTED_EDGE('',*,*,#8707,.T.);
#8707 = EDGE_CURVE('',#8677,#8708,#8710,.T.);
#8708 = VERTEX_POINT('',#8709);
#8709 = CARTESIAN_POINT('',(-0.625,0.9,0.375));
#8710 = LINE('',#8711,#8712);
#8711 = CARTESIAN_POINT('',(-0.9,0.9,0.375));
#8712 = VECTOR('',#8713,1.);
#8713 = DIRECTION('',(1.,0.,1.971276677246E-16));
#8714 = ORIENTED_EDGE('',*,*,#8715,.F.);
#8715 = EDGE_CURVE('',#8716,#8708,#8718,.T.);
#8716 = VERTEX_POINT('',#8717);
#8717 = CARTESIAN_POINT('',(-0.625,1.,0.375));
#8718 = LINE('',#8719,#8720);
#8719 = CARTESIAN_POINT('',(-0.625,1.,0.375));
#8720 = VECTOR('',#8721,1.);
#8721 = DIRECTION('',(-0.,-1.,-0.));
#8722 = ORIENTED_EDGE('',*,*,#8723,.F.);
#8723 = EDGE_CURVE('',#8685,#8716,#8724,.T.);
#8724 = LINE('',#8725,#8726);
#8725 = CARTESIAN_POINT('',(-0.9,1.,0.375));
#8726 = VECTOR('',#8727,1.);
#8727 = DIRECTION('',(1.,0.,1.971276677246E-16));
#8728 = ORIENTED_EDGE('',*,*,#8684,.T.);
#8729 = PLANE('',#8730);
#8730 = AXIS2_PLACEMENT_3D('',#8731,#8732,#8733);
#8731 = CARTESIAN_POINT('',(-0.9,1.,0.375));
#8732 = DIRECTION('',(1.971276677246E-16,0.,-1.));
#8733 = DIRECTION('',(-1.,0.,-1.971276677246E-16));
#8734 = ADVANCED_FACE('',(#8735),#8751,.F.);
#8735 = FACE_BOUND('',#8736,.T.);
#8736 = EDGE_LOOP('',(#8737,#8743,#8744,#8750));
#8737 = ORIENTED_EDGE('',*,*,#8738,.T.);
#8738 = EDGE_CURVE('',#8708,#8637,#8739,.T.);
#8739 = LINE('',#8740,#8741);
#8740 = CARTESIAN_POINT('',(-0.625,0.9,0.375));
#8741 = VECTOR('',#8742,1.);
#8742 = DIRECTION('',(0.,0.,-1.));
#8743 = ORIENTED_EDGE('',*,*,#8662,.F.);
#8744 = ORIENTED_EDGE('',*,*,#8745,.F.);
#8745 = EDGE_CURVE('',#8716,#8655,#8746,.T.);
#8746 = LINE('',#8747,#8748);
#8747 = CARTESIAN_POINT('',(-0.625,1.,0.375));
#8748 = VECTOR('',#8749,1.);
#8749 = DIRECTION('',(0.,0.,-1.));
#8750 = ORIENTED_EDGE('',*,*,#8715,.T.);
#8751 = PLANE('',#8752);
#8752 = AXIS2_PLACEMENT_3D('',#8753,#8754,#8755);
#8753 = CARTESIAN_POINT('',(-0.625,1.,0.375));
#8754 = DIRECTION('',(-1.,0.,0.));
#8755 = DIRECTION('',(0.,0.,1.));
#8756 = ADVANCED_FACE('',(#8757),#8763,.T.);
#8757 = FACE_BOUND('',#8758,.T.);
#8758 = EDGE_LOOP('',(#8759,#8760,#8761,#8762));
#8759 = ORIENTED_EDGE('',*,*,#8654,.T.);
#8760 = ORIENTED_EDGE('',*,*,#8692,.T.);
#8761 = ORIENTED_EDGE('',*,*,#8723,.T.);
#8762 = ORIENTED_EDGE('',*,*,#8745,.T.);
#8763 = PLANE('',#8764);
#8764 = AXIS2_PLACEMENT_3D('',#8765,#8766,#8767);
#8765 = CARTESIAN_POINT('',(0.,1.,0.));
#8766 = DIRECTION('',(0.,1.,-0.));
#8767 = DIRECTION('',(0.,0.,1.));
#8768 = ADVANCED_FACE('',(#8769),#8775,.F.);
#8769 = FACE_BOUND('',#8770,.T.);
#8770 = EDGE_LOOP('',(#8771,#8772,#8773,#8774));
#8771 = ORIENTED_EDGE('',*,*,#8636,.F.);
#8772 = ORIENTED_EDGE('',*,*,#8738,.F.);
#8773 = ORIENTED_EDGE('',*,*,#8707,.F.);
#8774 = ORIENTED_EDGE('',*,*,#8676,.F.);
#8775 = PLANE('',#8776);
#8776 = AXIS2_PLACEMENT_3D('',#8777,#8778,#8779);
#8777 = CARTESIAN_POINT('',(0.,0.9,0.));
#8778 = DIRECTION('',(0.,1.,-0.));
#8779 = DIRECTION('',(0.,0.,1.));
#8780 = MANIFOLD_SOLID_BREP('',#8781);
#8781 = CLOSED_SHELL('',(#8782,#8822,#8853,#8884,#8906,#8918));
#8782 = ADVANCED_FACE('',(#8783),#8817,.F.);
#8783 = FACE_BOUND('',#8784,.T.);
#8784 = EDGE_LOOP('',(#8785,#8795,#8803,#8811));
#8785 = ORIENTED_EDGE('',*,*,#8786,.T.);
#8786 = EDGE_CURVE('',#8787,#8789,#8791,.T.);
#8787 = VERTEX_POINT('',#8788);
#8788 = CARTESIAN_POINT('',(-0.625,0.9,-0.375));
#8789 = VERTEX_POINT('',#8790);
#8790 = CARTESIAN_POINT('',(-0.9,0.9,-0.375));
#8791 = LINE('',#8792,#8793);
#8792 = CARTESIAN_POINT('',(-0.625,0.9,-0.375));
#8793 = VECTOR('',#8794,1.);
#8794 = DIRECTION('',(-1.,0.,-1.971276677246E-16));
#8795 = ORIENTED_EDGE('',*,*,#8796,.F.);
#8796 = EDGE_CURVE('',#8797,#8789,#8799,.T.);
#8797 = VERTEX_POINT('',#8798);
#8798 = CARTESIAN_POINT('',(-0.9,1.,-0.375));
#8799 = LINE('',#8800,#8801);
#8800 = CARTESIAN_POINT('',(-0.9,1.,-0.375));
#8801 = VECTOR('',#8802,1.);
#8802 = DIRECTION('',(-0.,-1.,-0.));
#8803 = ORIENTED_EDGE('',*,*,#8804,.F.);
#8804 = EDGE_CURVE('',#8805,#8797,#8807,.T.);
#8805 = VERTEX_POINT('',#8806);
#8806 = CARTESIAN_POINT('',(-0.625,1.,-0.375));
#8807 = LINE('',#8808,#8809);
#8808 = CARTESIAN_POINT('',(-0.625,1.,-0.375));
#8809 = VECTOR('',#8810,1.);
#8810 = DIRECTION('',(-1.,0.,-1.971276677246E-16));
#8811 = ORIENTED_EDGE('',*,*,#8812,.T.);
#8812 = EDGE_CURVE('',#8805,#8787,#8813,.T.);
#8813 = LINE('',#8814,#8815);
#8814 = CARTESIAN_POINT('',(-0.625,1.,-0.375));
#8815 = VECTOR('',#8816,1.);
#8816 = DIRECTION('',(-0.,-1.,-0.));
#8817 = PLANE('',#8818);
#8818 = AXIS2_PLACEMENT_3D('',#8819,#8820,#8821);
#8819 = CARTESIAN_POINT('',(-0.625,1.,-0.375));
#8820 = DIRECTION('',(-1.971276677246E-16,0.,1.));
#8821 = DIRECTION('',(1.,0.,1.971276677246E-16));
#8822 = ADVANCED_FACE('',(#8823),#8848,.F.);
#8823 = FACE_BOUND('',#8824,.T.);
#8824 = EDGE_LOOP('',(#8825,#8833,#8841,#8847));
#8825 = ORIENTED_EDGE('',*,*,#8826,.T.);
#8826 = EDGE_CURVE('',#8789,#8827,#8829,.T.);
#8827 = VERTEX_POINT('',#8828);
#8828 = CARTESIAN_POINT('',(-0.9,0.9,-0.125));
#8829 = LINE('',#8830,#8831);
#8830 = CARTESIAN_POINT('',(-0.9,0.9,-0.375));
#8831 = VECTOR('',#8832,1.);
#8832 = DIRECTION('',(0.,0.,1.));
#8833 = ORIENTED_EDGE('',*,*,#8834,.F.);
#8834 = EDGE_CURVE('',#8835,#8827,#8837,.T.);
#8835 = VERTEX_POINT('',#8836);
#8836 = CARTESIAN_POINT('',(-0.9,1.,-0.125));
#8837 = LINE('',#8838,#8839);
#8838 = CARTESIAN_POINT('',(-0.9,1.,-0.125));
#8839 = VECTOR('',#8840,1.);
#8840 = DIRECTION('',(-0.,-1.,-0.));
#8841 = ORIENTED_EDGE('',*,*,#8842,.F.);
#8842 = EDGE_CURVE('',#8797,#8835,#8843,.T.);
#8843 = LINE('',#8844,#8845);
#8844 = CARTESIAN_POINT('',(-0.9,1.,-0.375));
#8845 = VECTOR('',#8846,1.);
#8846 = DIRECTION('',(0.,0.,1.));
#8847 = ORIENTED_EDGE('',*,*,#8796,.T.);
#8848 = PLANE('',#8849);
#8849 = AXIS2_PLACEMENT_3D('',#8850,#8851,#8852);
#8850 = CARTESIAN_POINT('',(-0.9,1.,-0.375));
#8851 = DIRECTION('',(1.,0.,0.));
#8852 = DIRECTION('',(0.,0.,-1.));
#8853 = ADVANCED_FACE('',(#8854),#8879,.F.);
#8854 = FACE_BOUND('',#8855,.T.);
#8855 = EDGE_LOOP('',(#8856,#8864,#8872,#8878));
#8856 = ORIENTED_EDGE('',*,*,#8857,.T.);
#8857 = EDGE_CURVE('',#8827,#8858,#8860,.T.);
#8858 = VERTEX_POINT('',#8859);
#8859 = CARTESIAN_POINT('',(-0.625,0.9,-0.125));
#8860 = LINE('',#8861,#8862);
#8861 = CARTESIAN_POINT('',(-0.9,0.9,-0.125));
#8862 = VECTOR('',#8863,1.);
#8863 = DIRECTION('',(1.,0.,1.971276677246E-16));
#8864 = ORIENTED_EDGE('',*,*,#8865,.F.);
#8865 = EDGE_CURVE('',#8866,#8858,#8868,.T.);
#8866 = VERTEX_POINT('',#8867);
#8867 = CARTESIAN_POINT('',(-0.625,1.,-0.125));
#8868 = LINE('',#8869,#8870);
#8869 = CARTESIAN_POINT('',(-0.625,1.,-0.125));
#8870 = VECTOR('',#8871,1.);
#8871 = DIRECTION('',(-0.,-1.,-0.));
#8872 = ORIENTED_EDGE('',*,*,#8873,.F.);
#8873 = EDGE_CURVE('',#8835,#8866,#8874,.T.);
#8874 = LINE('',#8875,#8876);
#8875 = CARTESIAN_POINT('',(-0.9,1.,-0.125));
#8876 = VECTOR('',#8877,1.);
#8877 = DIRECTION('',(1.,0.,1.971276677246E-16));
#8878 = ORIENTED_EDGE('',*,*,#8834,.T.);
#8879 = PLANE('',#8880);
#8880 = AXIS2_PLACEMENT_3D('',#8881,#8882,#8883);
#8881 = CARTESIAN_POINT('',(-0.9,1.,-0.125));
#8882 = DIRECTION('',(1.971276677246E-16,0.,-1.));
#8883 = DIRECTION('',(-1.,0.,-1.971276677246E-16));
#8884 = ADVANCED_FACE('',(#8885),#8901,.F.);
#8885 = FACE_BOUND('',#8886,.T.);
#8886 = EDGE_LOOP('',(#8887,#8893,#8894,#8900));
#8887 = ORIENTED_EDGE('',*,*,#8888,.T.);
#8888 = EDGE_CURVE('',#8858,#8787,#8889,.T.);
#8889 = LINE('',#8890,#8891);
#8890 = CARTESIAN_POINT('',(-0.625,0.9,-0.125));
#8891 = VECTOR('',#8892,1.);
#8892 = DIRECTION('',(0.,0.,-1.));
#8893 = ORIENTED_EDGE('',*,*,#8812,.F.);
#8894 = ORIENTED_EDGE('',*,*,#8895,.F.);
#8895 = EDGE_CURVE('',#8866,#8805,#8896,.T.);
#8896 = LINE('',#8897,#8898);
#8897 = CARTESIAN_POINT('',(-0.625,1.,-0.125));
#8898 = VECTOR('',#8899,1.);
#8899 = DIRECTION('',(0.,0.,-1.));
#8900 = ORIENTED_EDGE('',*,*,#8865,.T.);
#8901 = PLANE('',#8902);
#8902 = AXIS2_PLACEMENT_3D('',#8903,#8904,#8905);
#8903 = CARTESIAN_POINT('',(-0.625,1.,-0.125));
#8904 = DIRECTION('',(-1.,0.,0.));
#8905 = DIRECTION('',(0.,0.,1.));
#8906 = ADVANCED_FACE('',(#8907),#8913,.T.);
#8907 = FACE_BOUND('',#8908,.T.);
#8908 = EDGE_LOOP('',(#8909,#8910,#8911,#8912));
#8909 = ORIENTED_EDGE('',*,*,#8804,.T.);
#8910 = ORIENTED_EDGE('',*,*,#8842,.T.);
#8911 = ORIENTED_EDGE('',*,*,#8873,.T.);
#8912 = ORIENTED_EDGE('',*,*,#8895,.T.);
#8913 = PLANE('',#8914);
#8914 = AXIS2_PLACEMENT_3D('',#8915,#8916,#8917);
#8915 = CARTESIAN_POINT('',(0.,1.,0.));
#8916 = DIRECTION('',(0.,1.,-0.));
#8917 = DIRECTION('',(0.,0.,1.));
#8918 = ADVANCED_FACE('',(#8919),#8925,.F.);
#8919 = FACE_BOUND('',#8920,.T.);
#8920 = EDGE_LOOP('',(#8921,#8922,#8923,#8924));
#8921 = ORIENTED_EDGE('',*,*,#8786,.F.);
#8922 = ORIENTED_EDGE('',*,*,#8888,.F.);
#8923 = ORIENTED_EDGE('',*,*,#8857,.F.);
#8924 = ORIENTED_EDGE('',*,*,#8826,.F.);
#8925 = PLANE('',#8926);
#8926 = AXIS2_PLACEMENT_3D('',#8927,#8928,#8929);
#8927 = CARTESIAN_POINT('',(0.,0.9,0.));
#8928 = DIRECTION('',(0.,1.,-0.));
#8929 = DIRECTION('',(0.,0.,1.));
#8930 = MANIFOLD_SOLID_BREP('',#8931);
#8931 = CLOSED_SHELL('',(#8932,#8972,#9003,#9034,#9056,#9068));
#8932 = ADVANCED_FACE('',(#8933),#8967,.F.);
#8933 = FACE_BOUND('',#8934,.T.);
#8934 = EDGE_LOOP('',(#8935,#8945,#8953,#8961));
#8935 = ORIENTED_EDGE('',*,*,#8936,.T.);
#8936 = EDGE_CURVE('',#8937,#8939,#8941,.T.);
#8937 = VERTEX_POINT('',#8938);
#8938 = CARTESIAN_POINT('',(-0.625,0.9,-0.625));
#8939 = VERTEX_POINT('',#8940);
#8940 = CARTESIAN_POINT('',(-0.625,0.9,-0.9));
#8941 = LINE('',#8942,#8943);
#8942 = CARTESIAN_POINT('',(-0.625,0.9,-0.625));
#8943 = VECTOR('',#8944,1.);
#8944 = DIRECTION('',(0.,0.,-1.));
#8945 = ORIENTED_EDGE('',*,*,#8946,.F.);
#8946 = EDGE_CURVE('',#8947,#8939,#8949,.T.);
#8947 = VERTEX_POINT('',#8948);
#8948 = CARTESIAN_POINT('',(-0.625,1.,-0.9));
#8949 = LINE('',#8950,#8951);
#8950 = CARTESIAN_POINT('',(-0.625,1.,-0.9));
#8951 = VECTOR('',#8952,1.);
#8952 = DIRECTION('',(-0.,-1.,-0.));
#8953 = ORIENTED_EDGE('',*,*,#8954,.F.);
#8954 = EDGE_CURVE('',#8955,#8947,#8957,.T.);
#8955 = VERTEX_POINT('',#8956);
#8956 = CARTESIAN_POINT('',(-0.625,1.,-0.625));
#8957 = LINE('',#8958,#8959);
#8958 = CARTESIAN_POINT('',(-0.625,1.,-0.625));
#8959 = VECTOR('',#8960,1.);
#8960 = DIRECTION('',(0.,0.,-1.));
#8961 = ORIENTED_EDGE('',*,*,#8962,.T.);
#8962 = EDGE_CURVE('',#8955,#8937,#8963,.T.);
#8963 = LINE('',#8964,#8965);
#8964 = CARTESIAN_POINT('',(-0.625,1.,-0.625));
#8965 = VECTOR('',#8966,1.);
#8966 = DIRECTION('',(-0.,-1.,-0.));
#8967 = PLANE('',#8968);
#8968 = AXIS2_PLACEMENT_3D('',#8969,#8970,#8971);
#8969 = CARTESIAN_POINT('',(-0.625,1.,-0.625));
#8970 = DIRECTION('',(-1.,0.,0.));
#8971 = DIRECTION('',(0.,0.,1.));
#8972 = ADVANCED_FACE('',(#8973),#8998,.F.);
#8973 = FACE_BOUND('',#8974,.T.);
#8974 = EDGE_LOOP('',(#8975,#8983,#8991,#8997));
#8975 = ORIENTED_EDGE('',*,*,#8976,.T.);
#8976 = EDGE_CURVE('',#8939,#8977,#8979,.T.);
#8977 = VERTEX_POINT('',#8978);
#8978 = CARTESIAN_POINT('',(-0.875,0.9,-0.9));
#8979 = LINE('',#8980,#8981);
#8980 = CARTESIAN_POINT('',(-0.625,0.9,-0.9));
#8981 = VECTOR('',#8982,1.);
#8982 = DIRECTION('',(-1.,0.,0.));
#8983 = ORIENTED_EDGE('',*,*,#8984,.F.);
#8984 = EDGE_CURVE('',#8985,#8977,#8987,.T.);
#8985 = VERTEX_POINT('',#8986);
#8986 = CARTESIAN_POINT('',(-0.875,1.,-0.9));
#8987 = LINE('',#8988,#8989);
#8988 = CARTESIAN_POINT('',(-0.875,1.,-0.9));
#8989 = VECTOR('',#8990,1.);
#8990 = DIRECTION('',(-0.,-1.,-0.));
#8991 = ORIENTED_EDGE('',*,*,#8992,.F.);
#8992 = EDGE_CURVE('',#8947,#8985,#8993,.T.);
#8993 = LINE('',#8994,#8995);
#8994 = CARTESIAN_POINT('',(-0.625,1.,-0.9));
#8995 = VECTOR('',#8996,1.);
#8996 = DIRECTION('',(-1.,0.,0.));
#8997 = ORIENTED_EDGE('',*,*,#8946,.T.);
#8998 = PLANE('',#8999);
#8999 = AXIS2_PLACEMENT_3D('',#9000,#9001,#9002);
#9000 = CARTESIAN_POINT('',(-0.625,1.,-0.9));
#9001 = DIRECTION('',(0.,-0.,1.));
#9002 = DIRECTION('',(1.,0.,0.));
#9003 = ADVANCED_FACE('',(#9004),#9029,.F.);
#9004 = FACE_BOUND('',#9005,.T.);
#9005 = EDGE_LOOP('',(#9006,#9014,#9022,#9028));
#9006 = ORIENTED_EDGE('',*,*,#9007,.T.);
#9007 = EDGE_CURVE('',#8977,#9008,#9010,.T.);
#9008 = VERTEX_POINT('',#9009);
#9009 = CARTESIAN_POINT('',(-0.875,0.9,-0.625));
#9010 = LINE('',#9011,#9012);
#9011 = CARTESIAN_POINT('',(-0.875,0.9,-0.9));
#9012 = VECTOR('',#9013,1.);
#9013 = DIRECTION('',(0.,0.,1.));
#9014 = ORIENTED_EDGE('',*,*,#9015,.F.);
#9015 = EDGE_CURVE('',#9016,#9008,#9018,.T.);
#9016 = VERTEX_POINT('',#9017);
#9017 = CARTESIAN_POINT('',(-0.875,1.,-0.625));
#9018 = LINE('',#9019,#9020);
#9019 = CARTESIAN_POINT('',(-0.875,1.,-0.625));
#9020 = VECTOR('',#9021,1.);
#9021 = DIRECTION('',(-0.,-1.,-0.));
#9022 = ORIENTED_EDGE('',*,*,#9023,.F.);
#9023 = EDGE_CURVE('',#8985,#9016,#9024,.T.);
#9024 = LINE('',#9025,#9026);
#9025 = CARTESIAN_POINT('',(-0.875,1.,-0.9));
#9026 = VECTOR('',#9027,1.);
#9027 = DIRECTION('',(0.,0.,1.));
#9028 = ORIENTED_EDGE('',*,*,#8984,.T.);
#9029 = PLANE('',#9030);
#9030 = AXIS2_PLACEMENT_3D('',#9031,#9032,#9033);
#9031 = CARTESIAN_POINT('',(-0.875,1.,-0.9));
#9032 = DIRECTION('',(1.,0.,0.));
#9033 = DIRECTION('',(0.,0.,-1.));
#9034 = ADVANCED_FACE('',(#9035),#9051,.F.);
#9035 = FACE_BOUND('',#9036,.T.);
#9036 = EDGE_LOOP('',(#9037,#9043,#9044,#9050));
#9037 = ORIENTED_EDGE('',*,*,#9038,.T.);
#9038 = EDGE_CURVE('',#9008,#8937,#9039,.T.);
#9039 = LINE('',#9040,#9041);
#9040 = CARTESIAN_POINT('',(-0.875,0.9,-0.625));
#9041 = VECTOR('',#9042,1.);
#9042 = DIRECTION('',(1.,0.,0.));
#9043 = ORIENTED_EDGE('',*,*,#8962,.F.);
#9044 = ORIENTED_EDGE('',*,*,#9045,.F.);
#9045 = EDGE_CURVE('',#9016,#8955,#9046,.T.);
#9046 = LINE('',#9047,#9048);
#9047 = CARTESIAN_POINT('',(-0.875,1.,-0.625));
#9048 = VECTOR('',#9049,1.);
#9049 = DIRECTION('',(1.,0.,0.));
#9050 = ORIENTED_EDGE('',*,*,#9015,.T.);
#9051 = PLANE('',#9052);
#9052 = AXIS2_PLACEMENT_3D('',#9053,#9054,#9055);
#9053 = CARTESIAN_POINT('',(-0.875,1.,-0.625));
#9054 = DIRECTION('',(0.,0.,-1.));
#9055 = DIRECTION('',(-1.,0.,-0.));
#9056 = ADVANCED_FACE('',(#9057),#9063,.T.);
#9057 = FACE_BOUND('',#9058,.T.);
#9058 = EDGE_LOOP('',(#9059,#9060,#9061,#9062));
#9059 = ORIENTED_EDGE('',*,*,#8954,.T.);
#9060 = ORIENTED_EDGE('',*,*,#8992,.T.);
#9061 = ORIENTED_EDGE('',*,*,#9023,.T.);
#9062 = ORIENTED_EDGE('',*,*,#9045,.T.);
#9063 = PLANE('',#9064);
#9064 = AXIS2_PLACEMENT_3D('',#9065,#9066,#9067);
#9065 = CARTESIAN_POINT('',(0.,1.,0.));
#9066 = DIRECTION('',(0.,1.,0.));
#9067 = DIRECTION('',(0.,-0.,1.));
#9068 = ADVANCED_FACE('',(#9069),#9075,.F.);
#9069 = FACE_BOUND('',#9070,.T.);
#9070 = EDGE_LOOP('',(#9071,#9072,#9073,#9074));
#9071 = ORIENTED_EDGE('',*,*,#8936,.F.);
#9072 = ORIENTED_EDGE('',*,*,#9038,.F.);
#9073 = ORIENTED_EDGE('',*,*,#9007,.F.);
#9074 = ORIENTED_EDGE('',*,*,#8976,.F.);
#9075 = PLANE('',#9076);
#9076 = AXIS2_PLACEMENT_3D('',#9077,#9078,#9079);
#9077 = CARTESIAN_POINT('',(0.,0.9,0.));
#9078 = DIRECTION('',(0.,1.,0.));
#9079 = DIRECTION('',(0.,-0.,1.));
#9080 = MANIFOLD_SOLID_BREP('',#9081);
#9081 = CLOSED_SHELL('',(#9082,#9122,#9153,#9184,#9206,#9218));
#9082 = ADVANCED_FACE('',(#9083),#9117,.F.);
#9083 = FACE_BOUND('',#9084,.T.);
#9084 = EDGE_LOOP('',(#9085,#9095,#9103,#9111));
#9085 = ORIENTED_EDGE('',*,*,#9086,.T.);
#9086 = EDGE_CURVE('',#9087,#9089,#9091,.T.);
#9087 = VERTEX_POINT('',#9088);
#9088 = CARTESIAN_POINT('',(-0.125,0.9,-0.625));
#9089 = VERTEX_POINT('',#9090);
#9090 = CARTESIAN_POINT('',(-0.125,0.9,-0.9));
#9091 = LINE('',#9092,#9093);
#9092 = CARTESIAN_POINT('',(-0.125,0.9,-0.625));
#9093 = VECTOR('',#9094,1.);
#9094 = DIRECTION('',(0.,0.,-1.));
#9095 = ORIENTED_EDGE('',*,*,#9096,.F.);
#9096 = EDGE_CURVE('',#9097,#9089,#9099,.T.);
#9097 = VERTEX_POINT('',#9098);
#9098 = CARTESIAN_POINT('',(-0.125,1.,-0.9));
#9099 = LINE('',#9100,#9101);
#9100 = CARTESIAN_POINT('',(-0.125,1.,-0.9));
#9101 = VECTOR('',#9102,1.);
#9102 = DIRECTION('',(-0.,-1.,-0.));
#9103 = ORIENTED_EDGE('',*,*,#9104,.F.);
#9104 = EDGE_CURVE('',#9105,#9097,#9107,.T.);
#9105 = VERTEX_POINT('',#9106);
#9106 = CARTESIAN_POINT('',(-0.125,1.,-0.625));
#9107 = LINE('',#9108,#9109);
#9108 = CARTESIAN_POINT('',(-0.125,1.,-0.625));
#9109 = VECTOR('',#9110,1.);
#9110 = DIRECTION('',(0.,0.,-1.));
#9111 = ORIENTED_EDGE('',*,*,#9112,.T.);
#9112 = EDGE_CURVE('',#9105,#9087,#9113,.T.);
#9113 = LINE('',#9114,#9115);
#9114 = CARTESIAN_POINT('',(-0.125,1.,-0.625));
#9115 = VECTOR('',#9116,1.);
#9116 = DIRECTION('',(-0.,-1.,-0.));
#9117 = PLANE('',#9118);
#9118 = AXIS2_PLACEMENT_3D('',#9119,#9120,#9121);
#9119 = CARTESIAN_POINT('',(-0.125,1.,-0.625));
#9120 = DIRECTION('',(-1.,0.,0.));
#9121 = DIRECTION('',(0.,0.,1.));
#9122 = ADVANCED_FACE('',(#9123),#9148,.F.);
#9123 = FACE_BOUND('',#9124,.T.);
#9124 = EDGE_LOOP('',(#9125,#9133,#9141,#9147));
#9125 = ORIENTED_EDGE('',*,*,#9126,.T.);
#9126 = EDGE_CURVE('',#9089,#9127,#9129,.T.);
#9127 = VERTEX_POINT('',#9128);
#9128 = CARTESIAN_POINT('',(-0.375,0.9,-0.9));
#9129 = LINE('',#9130,#9131);
#9130 = CARTESIAN_POINT('',(-0.125,0.9,-0.9));
#9131 = VECTOR('',#9132,1.);
#9132 = DIRECTION('',(-1.,0.,0.));
#9133 = ORIENTED_EDGE('',*,*,#9134,.F.);
#9134 = EDGE_CURVE('',#9135,#9127,#9137,.T.);
#9135 = VERTEX_POINT('',#9136);
#9136 = CARTESIAN_POINT('',(-0.375,1.,-0.9));
#9137 = LINE('',#9138,#9139);
#9138 = CARTESIAN_POINT('',(-0.375,1.,-0.9));
#9139 = VECTOR('',#9140,1.);
#9140 = DIRECTION('',(-0.,-1.,-0.));
#9141 = ORIENTED_EDGE('',*,*,#9142,.F.);
#9142 = EDGE_CURVE('',#9097,#9135,#9143,.T.);
#9143 = LINE('',#9144,#9145);
#9144 = CARTESIAN_POINT('',(-0.125,1.,-0.9));
#9145 = VECTOR('',#9146,1.);
#9146 = DIRECTION('',(-1.,0.,0.));
#9147 = ORIENTED_EDGE('',*,*,#9096,.T.);
#9148 = PLANE('',#9149);
#9149 = AXIS2_PLACEMENT_3D('',#9150,#9151,#9152);
#9150 = CARTESIAN_POINT('',(-0.125,1.,-0.9));
#9151 = DIRECTION('',(0.,-0.,1.));
#9152 = DIRECTION('',(1.,0.,0.));
#9153 = ADVANCED_FACE('',(#9154),#9179,.F.);
#9154 = FACE_BOUND('',#9155,.T.);
#9155 = EDGE_LOOP('',(#9156,#9164,#9172,#9178));
#9156 = ORIENTED_EDGE('',*,*,#9157,.T.);
#9157 = EDGE_CURVE('',#9127,#9158,#9160,.T.);
#9158 = VERTEX_POINT('',#9159);
#9159 = CARTESIAN_POINT('',(-0.375,0.9,-0.625));
#9160 = LINE('',#9161,#9162);
#9161 = CARTESIAN_POINT('',(-0.375,0.9,-0.9));
#9162 = VECTOR('',#9163,1.);
#9163 = DIRECTION('',(0.,0.,1.));
#9164 = ORIENTED_EDGE('',*,*,#9165,.F.);
#9165 = EDGE_CURVE('',#9166,#9158,#9168,.T.);
#9166 = VERTEX_POINT('',#9167);
#9167 = CARTESIAN_POINT('',(-0.375,1.,-0.625));
#9168 = LINE('',#9169,#9170);
#9169 = CARTESIAN_POINT('',(-0.375,1.,-0.625));
#9170 = VECTOR('',#9171,1.);
#9171 = DIRECTION('',(-0.,-1.,-0.));
#9172 = ORIENTED_EDGE('',*,*,#9173,.F.);
#9173 = EDGE_CURVE('',#9135,#9166,#9174,.T.);
#9174 = LINE('',#9175,#9176);
#9175 = CARTESIAN_POINT('',(-0.375,1.,-0.9));
#9176 = VECTOR('',#9177,1.);
#9177 = DIRECTION('',(0.,0.,1.));
#9178 = ORIENTED_EDGE('',*,*,#9134,.T.);
#9179 = PLANE('',#9180);
#9180 = AXIS2_PLACEMENT_3D('',#9181,#9182,#9183);
#9181 = CARTESIAN_POINT('',(-0.375,1.,-0.9));
#9182 = DIRECTION('',(1.,0.,0.));
#9183 = DIRECTION('',(0.,0.,-1.));
#9184 = ADVANCED_FACE('',(#9185),#9201,.F.);
#9185 = FACE_BOUND('',#9186,.T.);
#9186 = EDGE_LOOP('',(#9187,#9193,#9194,#9200));
#9187 = ORIENTED_EDGE('',*,*,#9188,.T.);
#9188 = EDGE_CURVE('',#9158,#9087,#9189,.T.);
#9189 = LINE('',#9190,#9191);
#9190 = CARTESIAN_POINT('',(-0.375,0.9,-0.625));
#9191 = VECTOR('',#9192,1.);
#9192 = DIRECTION('',(1.,0.,0.));
#9193 = ORIENTED_EDGE('',*,*,#9112,.F.);
#9194 = ORIENTED_EDGE('',*,*,#9195,.F.);
#9195 = EDGE_CURVE('',#9166,#9105,#9196,.T.);
#9196 = LINE('',#9197,#9198);
#9197 = CARTESIAN_POINT('',(-0.375,1.,-0.625));
#9198 = VECTOR('',#9199,1.);
#9199 = DIRECTION('',(1.,0.,0.));
#9200 = ORIENTED_EDGE('',*,*,#9165,.T.);
#9201 = PLANE('',#9202);
#9202 = AXIS2_PLACEMENT_3D('',#9203,#9204,#9205);
#9203 = CARTESIAN_POINT('',(-0.375,1.,-0.625));
#9204 = DIRECTION('',(0.,0.,-1.));
#9205 = DIRECTION('',(-1.,0.,-0.));
#9206 = ADVANCED_FACE('',(#9207),#9213,.T.);
#9207 = FACE_BOUND('',#9208,.T.);
#9208 = EDGE_LOOP('',(#9209,#9210,#9211,#9212));
#9209 = ORIENTED_EDGE('',*,*,#9104,.T.);
#9210 = ORIENTED_EDGE('',*,*,#9142,.T.);
#9211 = ORIENTED_EDGE('',*,*,#9173,.T.);
#9212 = ORIENTED_EDGE('',*,*,#9195,.T.);
#9213 = PLANE('',#9214);
#9214 = AXIS2_PLACEMENT_3D('',#9215,#9216,#9217);
#9215 = CARTESIAN_POINT('',(0.,1.,0.));
#9216 = DIRECTION('',(0.,1.,0.));
#9217 = DIRECTION('',(0.,-0.,1.));
#9218 = ADVANCED_FACE('',(#9219),#9225,.F.);
#9219 = FACE_BOUND('',#9220,.T.);
#9220 = EDGE_LOOP('',(#9221,#9222,#9223,#9224));
#9221 = ORIENTED_EDGE('',*,*,#9086,.F.);
#9222 = ORIENTED_EDGE('',*,*,#9188,.F.);
#9223 = ORIENTED_EDGE('',*,*,#9157,.F.);
#9224 = ORIENTED_EDGE('',*,*,#9126,.F.);
#9225 = PLANE('',#9226);
#9226 = AXIS2_PLACEMENT_3D('',#9227,#9228,#9229);
#9227 = CARTESIAN_POINT('',(0.,0.9,0.));
#9228 = DIRECTION('',(0.,1.,0.));
#9229 = DIRECTION('',(0.,-0.,1.));
#9230 = MANIFOLD_SOLID_BREP('',#9231);
#9231 = CLOSED_SHELL('',(#9232,#9272,#9303,#9334,#9356,#9368));
#9232 = ADVANCED_FACE('',(#9233),#9267,.F.);
#9233 = FACE_BOUND('',#9234,.T.);
#9234 = EDGE_LOOP('',(#9235,#9245,#9253,#9261));
#9235 = ORIENTED_EDGE('',*,*,#9236,.T.);
#9236 = EDGE_CURVE('',#9237,#9239,#9241,.T.);
#9237 = VERTEX_POINT('',#9238);
#9238 = CARTESIAN_POINT('',(0.375,0.9,-0.625));
#9239 = VERTEX_POINT('',#9240);
#9240 = CARTESIAN_POINT('',(0.375,0.9,-0.9));
#9241 = LINE('',#9242,#9243);
#9242 = CARTESIAN_POINT('',(0.375,0.9,-0.625));
#9243 = VECTOR('',#9244,1.);
#9244 = DIRECTION('',(0.,0.,-1.));
#9245 = ORIENTED_EDGE('',*,*,#9246,.F.);
#9246 = EDGE_CURVE('',#9247,#9239,#9249,.T.);
#9247 = VERTEX_POINT('',#9248);
#9248 = CARTESIAN_POINT('',(0.375,1.,-0.9));
#9249 = LINE('',#9250,#9251);
#9250 = CARTESIAN_POINT('',(0.375,1.,-0.9));
#9251 = VECTOR('',#9252,1.);
#9252 = DIRECTION('',(-0.,-1.,-0.));
#9253 = ORIENTED_EDGE('',*,*,#9254,.F.);
#9254 = EDGE_CURVE('',#9255,#9247,#9257,.T.);
#9255 = VERTEX_POINT('',#9256);
#9256 = CARTESIAN_POINT('',(0.375,1.,-0.625));
#9257 = LINE('',#9258,#9259);
#9258 = CARTESIAN_POINT('',(0.375,1.,-0.625));
#9259 = VECTOR('',#9260,1.);
#9260 = DIRECTION('',(0.,0.,-1.));
#9261 = ORIENTED_EDGE('',*,*,#9262,.T.);
#9262 = EDGE_CURVE('',#9255,#9237,#9263,.T.);
#9263 = LINE('',#9264,#9265);
#9264 = CARTESIAN_POINT('',(0.375,1.,-0.625));
#9265 = VECTOR('',#9266,1.);
#9266 = DIRECTION('',(-0.,-1.,-0.));
#9267 = PLANE('',#9268);
#9268 = AXIS2_PLACEMENT_3D('',#9269,#9270,#9271);
#9269 = CARTESIAN_POINT('',(0.375,1.,-0.625));
#9270 = DIRECTION('',(-1.,0.,0.));
#9271 = DIRECTION('',(0.,0.,1.));
#9272 = ADVANCED_FACE('',(#9273),#9298,.F.);
#9273 = FACE_BOUND('',#9274,.T.);
#9274 = EDGE_LOOP('',(#9275,#9283,#9291,#9297));
#9275 = ORIENTED_EDGE('',*,*,#9276,.T.);
#9276 = EDGE_CURVE('',#9239,#9277,#9279,.T.);
#9277 = VERTEX_POINT('',#9278);
#9278 = CARTESIAN_POINT('',(0.125,0.9,-0.9));
#9279 = LINE('',#9280,#9281);
#9280 = CARTESIAN_POINT('',(0.375,0.9,-0.9));
#9281 = VECTOR('',#9282,1.);
#9282 = DIRECTION('',(-1.,0.,0.));
#9283 = ORIENTED_EDGE('',*,*,#9284,.F.);
#9284 = EDGE_CURVE('',#9285,#9277,#9287,.T.);
#9285 = VERTEX_POINT('',#9286);
#9286 = CARTESIAN_POINT('',(0.125,1.,-0.9));
#9287 = LINE('',#9288,#9289);
#9288 = CARTESIAN_POINT('',(0.125,1.,-0.9));
#9289 = VECTOR('',#9290,1.);
#9290 = DIRECTION('',(-0.,-1.,-0.));
#9291 = ORIENTED_EDGE('',*,*,#9292,.F.);
#9292 = EDGE_CURVE('',#9247,#9285,#9293,.T.);
#9293 = LINE('',#9294,#9295);
#9294 = CARTESIAN_POINT('',(0.375,1.,-0.9));
#9295 = VECTOR('',#9296,1.);
#9296 = DIRECTION('',(-1.,0.,0.));
#9297 = ORIENTED_EDGE('',*,*,#9246,.T.);
#9298 = PLANE('',#9299);
#9299 = AXIS2_PLACEMENT_3D('',#9300,#9301,#9302);
#9300 = CARTESIAN_POINT('',(0.375,1.,-0.9));
#9301 = DIRECTION('',(0.,-0.,1.));
#9302 = DIRECTION('',(1.,0.,0.));
#9303 = ADVANCED_FACE('',(#9304),#9329,.F.);
#9304 = FACE_BOUND('',#9305,.T.);
#9305 = EDGE_LOOP('',(#9306,#9314,#9322,#9328));
#9306 = ORIENTED_EDGE('',*,*,#9307,.T.);
#9307 = EDGE_CURVE('',#9277,#9308,#9310,.T.);
#9308 = VERTEX_POINT('',#9309);
#9309 = CARTESIAN_POINT('',(0.125,0.9,-0.625));
#9310 = LINE('',#9311,#9312);
#9311 = CARTESIAN_POINT('',(0.125,0.9,-0.9));
#9312 = VECTOR('',#9313,1.);
#9313 = DIRECTION('',(0.,0.,1.));
#9314 = ORIENTED_EDGE('',*,*,#9315,.F.);
#9315 = EDGE_CURVE('',#9316,#9308,#9318,.T.);
#9316 = VERTEX_POINT('',#9317);
#9317 = CARTESIAN_POINT('',(0.125,1.,-0.625));
#9318 = LINE('',#9319,#9320);
#9319 = CARTESIAN_POINT('',(0.125,1.,-0.625));
#9320 = VECTOR('',#9321,1.);
#9321 = DIRECTION('',(-0.,-1.,-0.));
#9322 = ORIENTED_EDGE('',*,*,#9323,.F.);
#9323 = EDGE_CURVE('',#9285,#9316,#9324,.T.);
#9324 = LINE('',#9325,#9326);
#9325 = CARTESIAN_POINT('',(0.125,1.,-0.9));
#9326 = VECTOR('',#9327,1.);
#9327 = DIRECTION('',(0.,0.,1.));
#9328 = ORIENTED_EDGE('',*,*,#9284,.T.);
#9329 = PLANE('',#9330);
#9330 = AXIS2_PLACEMENT_3D('',#9331,#9332,#9333);
#9331 = CARTESIAN_POINT('',(0.125,1.,-0.9));
#9332 = DIRECTION('',(1.,0.,0.));
#9333 = DIRECTION('',(0.,0.,-1.));
#9334 = ADVANCED_FACE('',(#9335),#9351,.F.);
#9335 = FACE_BOUND('',#9336,.T.);
#9336 = EDGE_LOOP('',(#9337,#9343,#9344,#9350));
#9337 = ORIENTED_EDGE('',*,*,#9338,.T.);
#9338 = EDGE_CURVE('',#9308,#9237,#9339,.T.);
#9339 = LINE('',#9340,#9341);
#9340 = CARTESIAN_POINT('',(0.125,0.9,-0.625));
#9341 = VECTOR('',#9342,1.);
#9342 = DIRECTION('',(1.,0.,0.));
#9343 = ORIENTED_EDGE('',*,*,#9262,.F.);
#9344 = ORIENTED_EDGE('',*,*,#9345,.F.);
#9345 = EDGE_CURVE('',#9316,#9255,#9346,.T.);
#9346 = LINE('',#9347,#9348);
#9347 = CARTESIAN_POINT('',(0.125,1.,-0.625));
#9348 = VECTOR('',#9349,1.);
#9349 = DIRECTION('',(1.,0.,0.));
#9350 = ORIENTED_EDGE('',*,*,#9315,.T.);
#9351 = PLANE('',#9352);
#9352 = AXIS2_PLACEMENT_3D('',#9353,#9354,#9355);
#9353 = CARTESIAN_POINT('',(0.125,1.,-0.625));
#9354 = DIRECTION('',(0.,0.,-1.));
#9355 = DIRECTION('',(-1.,0.,-0.));
#9356 = ADVANCED_FACE('',(#9357),#9363,.T.);
#9357 = FACE_BOUND('',#9358,.T.);
#9358 = EDGE_LOOP('',(#9359,#9360,#9361,#9362));
#9359 = ORIENTED_EDGE('',*,*,#9254,.T.);
#9360 = ORIENTED_EDGE('',*,*,#9292,.T.);
#9361 = ORIENTED_EDGE('',*,*,#9323,.T.);
#9362 = ORIENTED_EDGE('',*,*,#9345,.T.);
#9363 = PLANE('',#9364);
#9364 = AXIS2_PLACEMENT_3D('',#9365,#9366,#9367);
#9365 = CARTESIAN_POINT('',(0.,1.,0.));
#9366 = DIRECTION('',(0.,1.,0.));
#9367 = DIRECTION('',(0.,-0.,1.));
#9368 = ADVANCED_FACE('',(#9369),#9375,.F.);
#9369 = FACE_BOUND('',#9370,.T.);
#9370 = EDGE_LOOP('',(#9371,#9372,#9373,#9374));
#9371 = ORIENTED_EDGE('',*,*,#9236,.F.);
#9372 = ORIENTED_EDGE('',*,*,#9338,.F.);
#9373 = ORIENTED_EDGE('',*,*,#9307,.F.);
#9374 = ORIENTED_EDGE('',*,*,#9276,.F.);
#9375 = PLANE('',#9376);
#9376 = AXIS2_PLACEMENT_3D('',#9377,#9378,#9379);
#9377 = CARTESIAN_POINT('',(0.,0.9,0.));
#9378 = DIRECTION('',(0.,1.,0.));
#9379 = DIRECTION('',(0.,-0.,1.));
#9380 = MANIFOLD_SOLID_BREP('',#9381);
#9381 = CLOSED_SHELL('',(#9382,#9422,#9453,#9484,#9506,#9518));
#9382 = ADVANCED_FACE('',(#9383),#9417,.F.);
#9383 = FACE_BOUND('',#9384,.T.);
#9384 = EDGE_LOOP('',(#9385,#9395,#9403,#9411));
#9385 = ORIENTED_EDGE('',*,*,#9386,.T.);
#9386 = EDGE_CURVE('',#9387,#9389,#9391,.T.);
#9387 = VERTEX_POINT('',#9388);
#9388 = CARTESIAN_POINT('',(0.625,0.9,-0.625));
#9389 = VERTEX_POINT('',#9390);
#9390 = CARTESIAN_POINT('',(0.875,0.9,-0.625));
#9391 = LINE('',#9392,#9393);
#9392 = CARTESIAN_POINT('',(0.625,0.9,-0.625));
#9393 = VECTOR('',#9394,1.);
#9394 = DIRECTION('',(1.,0.,0.));
#9395 = ORIENTED_EDGE('',*,*,#9396,.F.);
#9396 = EDGE_CURVE('',#9397,#9389,#9399,.T.);
#9397 = VERTEX_POINT('',#9398);
#9398 = CARTESIAN_POINT('',(0.875,1.,-0.625));
#9399 = LINE('',#9400,#9401);
#9400 = CARTESIAN_POINT('',(0.875,1.,-0.625));
#9401 = VECTOR('',#9402,1.);
#9402 = DIRECTION('',(-0.,-1.,-0.));
#9403 = ORIENTED_EDGE('',*,*,#9404,.F.);
#9404 = EDGE_CURVE('',#9405,#9397,#9407,.T.);
#9405 = VERTEX_POINT('',#9406);
#9406 = CARTESIAN_POINT('',(0.625,1.,-0.625));
#9407 = LINE('',#9408,#9409);
#9408 = CARTESIAN_POINT('',(0.625,1.,-0.625));
#9409 = VECTOR('',#9410,1.);
#9410 = DIRECTION('',(1.,0.,0.));
#9411 = ORIENTED_EDGE('',*,*,#9412,.T.);
#9412 = EDGE_CURVE('',#9405,#9387,#9413,.T.);
#9413 = LINE('',#9414,#9415);
#9414 = CARTESIAN_POINT('',(0.625,1.,-0.625));
#9415 = VECTOR('',#9416,1.);
#9416 = DIRECTION('',(-0.,-1.,-0.));
#9417 = PLANE('',#9418);
#9418 = AXIS2_PLACEMENT_3D('',#9419,#9420,#9421);
#9419 = CARTESIAN_POINT('',(0.625,1.,-0.625));
#9420 = DIRECTION('',(0.,0.,-1.));
#9421 = DIRECTION('',(-1.,0.,-0.));
#9422 = ADVANCED_FACE('',(#9423),#9448,.F.);
#9423 = FACE_BOUND('',#9424,.T.);
#9424 = EDGE_LOOP('',(#9425,#9433,#9441,#9447));
#9425 = ORIENTED_EDGE('',*,*,#9426,.T.);
#9426 = EDGE_CURVE('',#9389,#9427,#9429,.T.);
#9427 = VERTEX_POINT('',#9428);
#9428 = CARTESIAN_POINT('',(0.875,0.9,-0.9));
#9429 = LINE('',#9430,#9431);
#9430 = CARTESIAN_POINT('',(0.875,0.9,-0.625));
#9431 = VECTOR('',#9432,1.);
#9432 = DIRECTION('',(0.,0.,-1.));
#9433 = ORIENTED_EDGE('',*,*,#9434,.F.);
#9434 = EDGE_CURVE('',#9435,#9427,#9437,.T.);
#9435 = VERTEX_POINT('',#9436);
#9436 = CARTESIAN_POINT('',(0.875,1.,-0.9));
#9437 = LINE('',#9438,#9439);
#9438 = CARTESIAN_POINT('',(0.875,1.,-0.9));
#9439 = VECTOR('',#9440,1.);
#9440 = DIRECTION('',(-0.,-1.,-0.));
#9441 = ORIENTED_EDGE('',*,*,#9442,.F.);
#9442 = EDGE_CURVE('',#9397,#9435,#9443,.T.);
#9443 = LINE('',#9444,#9445);
#9444 = CARTESIAN_POINT('',(0.875,1.,-0.625));
#9445 = VECTOR('',#9446,1.);
#9446 = DIRECTION('',(0.,0.,-1.));
#9447 = ORIENTED_EDGE('',*,*,#9396,.T.);
#9448 = PLANE('',#9449);
#9449 = AXIS2_PLACEMENT_3D('',#9450,#9451,#9452);
#9450 = CARTESIAN_POINT('',(0.875,1.,-0.625));
#9451 = DIRECTION('',(-1.,0.,0.));
#9452 = DIRECTION('',(0.,0.,1.));
#9453 = ADVANCED_FACE('',(#9454),#9479,.F.);
#9454 = FACE_BOUND('',#9455,.T.);
#9455 = EDGE_LOOP('',(#9456,#9464,#9472,#9478));
#9456 = ORIENTED_EDGE('',*,*,#9457,.T.);
#9457 = EDGE_CURVE('',#9427,#9458,#9460,.T.);
#9458 = VERTEX_POINT('',#9459);
#9459 = CARTESIAN_POINT('',(0.625,0.9,-0.9));
#9460 = LINE('',#9461,#9462);
#9461 = CARTESIAN_POINT('',(0.875,0.9,-0.9));
#9462 = VECTOR('',#9463,1.);
#9463 = DIRECTION('',(-1.,0.,0.));
#9464 = ORIENTED_EDGE('',*,*,#9465,.F.);
#9465 = EDGE_CURVE('',#9466,#9458,#9468,.T.);
#9466 = VERTEX_POINT('',#9467);
#9467 = CARTESIAN_POINT('',(0.625,1.,-0.9));
#9468 = LINE('',#9469,#9470);
#9469 = CARTESIAN_POINT('',(0.625,1.,-0.9));
#9470 = VECTOR('',#9471,1.);
#9471 = DIRECTION('',(-0.,-1.,-0.));
#9472 = ORIENTED_EDGE('',*,*,#9473,.F.);
#9473 = EDGE_CURVE('',#9435,#9466,#9474,.T.);
#9474 = LINE('',#9475,#9476);
#9475 = CARTESIAN_POINT('',(0.875,1.,-0.9));
#9476 = VECTOR('',#9477,1.);
#9477 = DIRECTION('',(-1.,0.,0.));
#9478 = ORIENTED_EDGE('',*,*,#9434,.T.);
#9479 = PLANE('',#9480);
#9480 = AXIS2_PLACEMENT_3D('',#9481,#9482,#9483);
#9481 = CARTESIAN_POINT('',(0.875,1.,-0.9));
#9482 = DIRECTION('',(0.,-0.,1.));
#9483 = DIRECTION('',(1.,0.,0.));
#9484 = ADVANCED_FACE('',(#9485),#9501,.F.);
#9485 = FACE_BOUND('',#9486,.T.);
#9486 = EDGE_LOOP('',(#9487,#9493,#9494,#9500));
#9487 = ORIENTED_EDGE('',*,*,#9488,.T.);
#9488 = EDGE_CURVE('',#9458,#9387,#9489,.T.);
#9489 = LINE('',#9490,#9491);
#9490 = CARTESIAN_POINT('',(0.625,0.9,-0.9));
#9491 = VECTOR('',#9492,1.);
#9492 = DIRECTION('',(0.,0.,1.));
#9493 = ORIENTED_EDGE('',*,*,#9412,.F.);
#9494 = ORIENTED_EDGE('',*,*,#9495,.F.);
#9495 = EDGE_CURVE('',#9466,#9405,#9496,.T.);
#9496 = LINE('',#9497,#9498);
#9497 = CARTESIAN_POINT('',(0.625,1.,-0.9));
#9498 = VECTOR('',#9499,1.);
#9499 = DIRECTION('',(0.,0.,1.));
#9500 = ORIENTED_EDGE('',*,*,#9465,.T.);
#9501 = PLANE('',#9502);
#9502 = AXIS2_PLACEMENT_3D('',#9503,#9504,#9505);
#9503 = CARTESIAN_POINT('',(0.625,1.,-0.9));
#9504 = DIRECTION('',(1.,0.,0.));
#9505 = DIRECTION('',(0.,0.,-1.));
#9506 = ADVANCED_FACE('',(#9507),#9513,.T.);
#9507 = FACE_BOUND('',#9508,.T.);
#9508 = EDGE_LOOP('',(#9509,#9510,#9511,#9512));
#9509 = ORIENTED_EDGE('',*,*,#9404,.T.);
#9510 = ORIENTED_EDGE('',*,*,#9442,.T.);
#9511 = ORIENTED_EDGE('',*,*,#9473,.T.);
#9512 = ORIENTED_EDGE('',*,*,#9495,.T.);
#9513 = PLANE('',#9514);
#9514 = AXIS2_PLACEMENT_3D('',#9515,#9516,#9517);
#9515 = CARTESIAN_POINT('',(0.,1.,0.));
#9516 = DIRECTION('',(-0.,1.,0.));
#9517 = DIRECTION('',(0.,0.,1.));
#9518 = ADVANCED_FACE('',(#9519),#9525,.F.);
#9519 = FACE_BOUND('',#9520,.T.);
#9520 = EDGE_LOOP('',(#9521,#9522,#9523,#9524));
#9521 = ORIENTED_EDGE('',*,*,#9386,.F.);
#9522 = ORIENTED_EDGE('',*,*,#9488,.F.);
#9523 = ORIENTED_EDGE('',*,*,#9457,.F.);
#9524 = ORIENTED_EDGE('',*,*,#9426,.F.);
#9525 = PLANE('',#9526);
#9526 = AXIS2_PLACEMENT_3D('',#9527,#9528,#9529);
#9527 = CARTESIAN_POINT('',(0.,0.9,0.));
#9528 = DIRECTION('',(-0.,1.,0.));
#9529 = DIRECTION('',(0.,0.,1.));
#9530 = MANIFOLD_SOLID_BREP('',#9531);
#9531 = CLOSED_SHELL('',(#9532,#9572,#9603,#9634,#9656,#9668));
#9532 = ADVANCED_FACE('',(#9533),#9567,.F.);
#9533 = FACE_BOUND('',#9534,.T.);
#9534 = EDGE_LOOP('',(#9535,#9545,#9553,#9561));
#9535 = ORIENTED_EDGE('',*,*,#9536,.T.);
#9536 = EDGE_CURVE('',#9537,#9539,#9541,.T.);
#9537 = VERTEX_POINT('',#9538);
#9538 = CARTESIAN_POINT('',(0.9,0.9,-0.375));
#9539 = VERTEX_POINT('',#9540);
#9540 = CARTESIAN_POINT('',(0.625,0.9,-0.375));
#9541 = LINE('',#9542,#9543);
#9542 = CARTESIAN_POINT('',(0.9,0.9,-0.375));
#9543 = VECTOR('',#9544,1.);
#9544 = DIRECTION('',(-1.,0.,1.971276677246E-16));
#9545 = ORIENTED_EDGE('',*,*,#9546,.F.);
#9546 = EDGE_CURVE('',#9547,#9539,#9549,.T.);
#9547 = VERTEX_POINT('',#9548);
#9548 = CARTESIAN_POINT('',(0.625,1.,-0.375));
#9549 = LINE('',#9550,#9551);
#9550 = CARTESIAN_POINT('',(0.625,1.,-0.375));
#9551 = VECTOR('',#9552,1.);
#9552 = DIRECTION('',(-0.,-1.,-0.));
#9553 = ORIENTED_EDGE('',*,*,#9554,.F.);
#9554 = EDGE_CURVE('',#9555,#9547,#9557,.T.);
#9555 = VERTEX_POINT('',#9556);
#9556 = CARTESIAN_POINT('',(0.9,1.,-0.375));
#9557 = LINE('',#9558,#9559);
#9558 = CARTESIAN_POINT('',(0.9,1.,-0.375));
#9559 = VECTOR('',#9560,1.);
#9560 = DIRECTION('',(-1.,0.,1.971276677246E-16));
#9561 = ORIENTED_EDGE('',*,*,#9562,.T.);
#9562 = EDGE_CURVE('',#9555,#9537,#9563,.T.);
#9563 = LINE('',#9564,#9565);
#9564 = CARTESIAN_POINT('',(0.9,1.,-0.375));
#9565 = VECTOR('',#9566,1.);
#9566 = DIRECTION('',(-0.,-1.,-0.));
#9567 = PLANE('',#9568);
#9568 = AXIS2_PLACEMENT_3D('',#9569,#9570,#9571);
#9569 = CARTESIAN_POINT('',(0.9,1.,-0.375));
#9570 = DIRECTION('',(1.971276677246E-16,-0.,1.));
#9571 = DIRECTION('',(1.,0.,-1.971276677246E-16));
#9572 = ADVANCED_FACE('',(#9573),#9598,.F.);
#9573 = FACE_BOUND('',#9574,.T.);
#9574 = EDGE_LOOP('',(#9575,#9583,#9591,#9597));
#9575 = ORIENTED_EDGE('',*,*,#9576,.T.);
#9576 = EDGE_CURVE('',#9539,#9577,#9579,.T.);
#9577 = VERTEX_POINT('',#9578);
#9578 = CARTESIAN_POINT('',(0.625,0.9,-0.125));
#9579 = LINE('',#9580,#9581);
#9580 = CARTESIAN_POINT('',(0.625,0.9,-0.375));
#9581 = VECTOR('',#9582,1.);
#9582 = DIRECTION('',(0.,0.,1.));
#9583 = ORIENTED_EDGE('',*,*,#9584,.F.);
#9584 = EDGE_CURVE('',#9585,#9577,#9587,.T.);
#9585 = VERTEX_POINT('',#9586);
#9586 = CARTESIAN_POINT('',(0.625,1.,-0.125));
#9587 = LINE('',#9588,#9589);
#9588 = CARTESIAN_POINT('',(0.625,1.,-0.125));
#9589 = VECTOR('',#9590,1.);
#9590 = DIRECTION('',(-0.,-1.,-0.));
#9591 = ORIENTED_EDGE('',*,*,#9592,.F.);
#9592 = EDGE_CURVE('',#9547,#9585,#9593,.T.);
#9593 = LINE('',#9594,#9595);
#9594 = CARTESIAN_POINT('',(0.625,1.,-0.375));
#9595 = VECTOR('',#9596,1.);
#9596 = DIRECTION('',(0.,0.,1.));
#9597 = ORIENTED_EDGE('',*,*,#9546,.T.);
#9598 = PLANE('',#9599);
#9599 = AXIS2_PLACEMENT_3D('',#9600,#9601,#9602);
#9600 = CARTESIAN_POINT('',(0.625,1.,-0.375));
#9601 = DIRECTION('',(1.,0.,0.));
#9602 = DIRECTION('',(0.,0.,-1.));
#9603 = ADVANCED_FACE('',(#9604),#9629,.F.);
#9604 = FACE_BOUND('',#9605,.T.);
#9605 = EDGE_LOOP('',(#9606,#9614,#9622,#9628));
#9606 = ORIENTED_EDGE('',*,*,#9607,.T.);
#9607 = EDGE_CURVE('',#9577,#9608,#9610,.T.);
#9608 = VERTEX_POINT('',#9609);
#9609 = CARTESIAN_POINT('',(0.9,0.9,-0.125));
#9610 = LINE('',#9611,#9612);
#9611 = CARTESIAN_POINT('',(0.625,0.9,-0.125));
#9612 = VECTOR('',#9613,1.);
#9613 = DIRECTION('',(1.,0.,-1.971276677246E-16));
#9614 = ORIENTED_EDGE('',*,*,#9615,.F.);
#9615 = EDGE_CURVE('',#9616,#9608,#9618,.T.);
#9616 = VERTEX_POINT('',#9617);
#9617 = CARTESIAN_POINT('',(0.9,1.,-0.125));
#9618 = LINE('',#9619,#9620);
#9619 = CARTESIAN_POINT('',(0.9,1.,-0.125));
#9620 = VECTOR('',#9621,1.);
#9621 = DIRECTION('',(-0.,-1.,-0.));
#9622 = ORIENTED_EDGE('',*,*,#9623,.F.);
#9623 = EDGE_CURVE('',#9585,#9616,#9624,.T.);
#9624 = LINE('',#9625,#9626);
#9625 = CARTESIAN_POINT('',(0.625,1.,-0.125));
#9626 = VECTOR('',#9627,1.);
#9627 = DIRECTION('',(1.,0.,-1.971276677246E-16));
#9628 = ORIENTED_EDGE('',*,*,#9584,.T.);
#9629 = PLANE('',#9630);
#9630 = AXIS2_PLACEMENT_3D('',#9631,#9632,#9633);
#9631 = CARTESIAN_POINT('',(0.625,1.,-0.125));
#9632 = DIRECTION('',(-1.971276677246E-16,0.,-1.));
#9633 = DIRECTION('',(-1.,0.,1.971276677246E-16));
#9634 = ADVANCED_FACE('',(#9635),#9651,.F.);
#9635 = FACE_BOUND('',#9636,.T.);
#9636 = EDGE_LOOP('',(#9637,#9643,#9644,#9650));
#9637 = ORIENTED_EDGE('',*,*,#9638,.T.);
#9638 = EDGE_CURVE('',#9608,#9537,#9639,.T.);
#9639 = LINE('',#9640,#9641);
#9640 = CARTESIAN_POINT('',(0.9,0.9,-0.125));
#9641 = VECTOR('',#9642,1.);
#9642 = DIRECTION('',(0.,0.,-1.));
#9643 = ORIENTED_EDGE('',*,*,#9562,.F.);
#9644 = ORIENTED_EDGE('',*,*,#9645,.F.);
#9645 = EDGE_CURVE('',#9616,#9555,#9646,.T.);
#9646 = LINE('',#9647,#9648);
#9647 = CARTESIAN_POINT('',(0.9,1.,-0.125));
#9648 = VECTOR('',#9649,1.);
#9649 = DIRECTION('',(0.,0.,-1.));
#9650 = ORIENTED_EDGE('',*,*,#9615,.T.);
#9651 = PLANE('',#9652);
#9652 = AXIS2_PLACEMENT_3D('',#9653,#9654,#9655);
#9653 = CARTESIAN_POINT('',(0.9,1.,-0.125));
#9654 = DIRECTION('',(-1.,0.,0.));
#9655 = DIRECTION('',(0.,0.,1.));
#9656 = ADVANCED_FACE('',(#9657),#9663,.T.);
#9657 = FACE_BOUND('',#9658,.T.);
#9658 = EDGE_LOOP('',(#9659,#9660,#9661,#9662));
#9659 = ORIENTED_EDGE('',*,*,#9554,.T.);
#9660 = ORIENTED_EDGE('',*,*,#9592,.T.);
#9661 = ORIENTED_EDGE('',*,*,#9623,.T.);
#9662 = ORIENTED_EDGE('',*,*,#9645,.T.);
#9663 = PLANE('',#9664);
#9664 = AXIS2_PLACEMENT_3D('',#9665,#9666,#9667);
#9665 = CARTESIAN_POINT('',(0.,1.,0.));
#9666 = DIRECTION('',(0.,1.,-0.));
#9667 = DIRECTION('',(0.,0.,1.));
#9668 = ADVANCED_FACE('',(#9669),#9675,.F.);
#9669 = FACE_BOUND('',#9670,.T.);
#9670 = EDGE_LOOP('',(#9671,#9672,#9673,#9674));
#9671 = ORIENTED_EDGE('',*,*,#9536,.F.);
#9672 = ORIENTED_EDGE('',*,*,#9638,.F.);
#9673 = ORIENTED_EDGE('',*,*,#9607,.F.);
#9674 = ORIENTED_EDGE('',*,*,#9576,.F.);
#9675 = PLANE('',#9676);
#9676 = AXIS2_PLACEMENT_3D('',#9677,#9678,#9679);
#9677 = CARTESIAN_POINT('',(0.,0.9,0.));
#9678 = DIRECTION('',(0.,1.,-0.));
#9679 = DIRECTION('',(0.,0.,1.));
#9680 = MANIFOLD_SOLID_BREP('',#9681);
#9681 = CLOSED_SHELL('',(#9682,#9722,#9753,#9784,#9806,#9818));
#9682 = ADVANCED_FACE('',(#9683),#9717,.F.);
#9683 = FACE_BOUND('',#9684,.T.);
#9684 = EDGE_LOOP('',(#9685,#9695,#9703,#9711));
#9685 = ORIENTED_EDGE('',*,*,#9686,.T.);
#9686 = EDGE_CURVE('',#9687,#9689,#9691,.T.);
#9687 = VERTEX_POINT('',#9688);
#9688 = CARTESIAN_POINT('',(0.625,0.9,0.375));
#9689 = VERTEX_POINT('',#9690);
#9690 = CARTESIAN_POINT('',(0.9,0.9,0.375));
#9691 = LINE('',#9692,#9693);
#9692 = CARTESIAN_POINT('',(0.625,0.9,0.375));
#9693 = VECTOR('',#9694,1.);
#9694 = DIRECTION('',(1.,0.,-1.971276677246E-16));
#9695 = ORIENTED_EDGE('',*,*,#9696,.F.);
#9696 = EDGE_CURVE('',#9697,#9689,#9699,.T.);
#9697 = VERTEX_POINT('',#9698);
#9698 = CARTESIAN_POINT('',(0.9,1.,0.375));
#9699 = LINE('',#9700,#9701);
#9700 = CARTESIAN_POINT('',(0.9,1.,0.375));
#9701 = VECTOR('',#9702,1.);
#9702 = DIRECTION('',(-0.,-1.,-0.));
#9703 = ORIENTED_EDGE('',*,*,#9704,.F.);
#9704 = EDGE_CURVE('',#9705,#9697,#9707,.T.);
#9705 = VERTEX_POINT('',#9706);
#9706 = CARTESIAN_POINT('',(0.625,1.,0.375));
#9707 = LINE('',#9708,#9709);
#9708 = CARTESIAN_POINT('',(0.625,1.,0.375));
#9709 = VECTOR('',#9710,1.);
#9710 = DIRECTION('',(1.,0.,-1.971276677246E-16));
#9711 = ORIENTED_EDGE('',*,*,#9712,.T.);
#9712 = EDGE_CURVE('',#9705,#9687,#9713,.T.);
#9713 = LINE('',#9714,#9715);
#9714 = CARTESIAN_POINT('',(0.625,1.,0.375));
#9715 = VECTOR('',#9716,1.);
#9716 = DIRECTION('',(-0.,-1.,-0.));
#9717 = PLANE('',#9718);
#9718 = AXIS2_PLACEMENT_3D('',#9719,#9720,#9721);
#9719 = CARTESIAN_POINT('',(0.625,1.,0.375));
#9720 = DIRECTION('',(-1.971276677246E-16,0.,-1.));
#9721 = DIRECTION('',(-1.,0.,1.971276677246E-16));
#9722 = ADVANCED_FACE('',(#9723),#9748,.F.);
#9723 = FACE_BOUND('',#9724,.T.);
#9724 = EDGE_LOOP('',(#9725,#9733,#9741,#9747));
#9725 = ORIENTED_EDGE('',*,*,#9726,.T.);
#9726 = EDGE_CURVE('',#9689,#9727,#9729,.T.);
#9727 = VERTEX_POINT('',#9728);
#9728 = CARTESIAN_POINT('',(0.9,0.9,0.125));
#9729 = LINE('',#9730,#9731);
#9730 = CARTESIAN_POINT('',(0.9,0.9,0.375));
#9731 = VECTOR('',#9732,1.);
#9732 = DIRECTION('',(0.,0.,-1.));
#9733 = ORIENTED_EDGE('',*,*,#9734,.F.);
#9734 = EDGE_CURVE('',#9735,#9727,#9737,.T.);
#9735 = VERTEX_POINT('',#9736);
#9736 = CARTESIAN_POINT('',(0.9,1.,0.125));
#9737 = LINE('',#9738,#9739);
#9738 = CARTESIAN_POINT('',(0.9,1.,0.125));
#9739 = VECTOR('',#9740,1.);
#9740 = DIRECTION('',(-0.,-1.,-0.));
#9741 = ORIENTED_EDGE('',*,*,#9742,.F.);
#9742 = EDGE_CURVE('',#9697,#9735,#9743,.T.);
#9743 = LINE('',#9744,#9745);
#9744 = CARTESIAN_POINT('',(0.9,1.,0.375));
#9745 = VECTOR('',#9746,1.);
#9746 = DIRECTION('',(0.,0.,-1.));
#9747 = ORIENTED_EDGE('',*,*,#9696,.T.);
#9748 = PLANE('',#9749);
#9749 = AXIS2_PLACEMENT_3D('',#9750,#9751,#9752);
#9750 = CARTESIAN_POINT('',(0.9,1.,0.375));
#9751 = DIRECTION('',(-1.,0.,0.));
#9752 = DIRECTION('',(0.,0.,1.));
#9753 = ADVANCED_FACE('',(#9754),#9779,.F.);
#9754 = FACE_BOUND('',#9755,.T.);
#9755 = EDGE_LOOP('',(#9756,#9764,#9772,#9778));
#9756 = ORIENTED_EDGE('',*,*,#9757,.T.);
#9757 = EDGE_CURVE('',#9727,#9758,#9760,.T.);
#9758 = VERTEX_POINT('',#9759);
#9759 = CARTESIAN_POINT('',(0.625,0.9,0.125));
#9760 = LINE('',#9761,#9762);
#9761 = CARTESIAN_POINT('',(0.9,0.9,0.125));
#9762 = VECTOR('',#9763,1.);
#9763 = DIRECTION('',(-1.,0.,1.971276677246E-16));
#9764 = ORIENTED_EDGE('',*,*,#9765,.F.);
#9765 = EDGE_CURVE('',#9766,#9758,#9768,.T.);
#9766 = VERTEX_POINT('',#9767);
#9767 = CARTESIAN_POINT('',(0.625,1.,0.125));
#9768 = LINE('',#9769,#9770);
#9769 = CARTESIAN_POINT('',(0.625,1.,0.125));
#9770 = VECTOR('',#9771,1.);
#9771 = DIRECTION('',(-0.,-1.,-0.));
#9772 = ORIENTED_EDGE('',*,*,#9773,.F.);
#9773 = EDGE_CURVE('',#9735,#9766,#9774,.T.);
#9774 = LINE('',#9775,#9776);
#9775 = CARTESIAN_POINT('',(0.9,1.,0.125));
#9776 = VECTOR('',#9777,1.);
#9777 = DIRECTION('',(-1.,0.,1.971276677246E-16));
#9778 = ORIENTED_EDGE('',*,*,#9734,.T.);
#9779 = PLANE('',#9780);
#9780 = AXIS2_PLACEMENT_3D('',#9781,#9782,#9783);
#9781 = CARTESIAN_POINT('',(0.9,1.,0.125));
#9782 = DIRECTION('',(1.971276677246E-16,-0.,1.));
#9783 = DIRECTION('',(1.,0.,-1.971276677246E-16));
#9784 = ADVANCED_FACE('',(#9785),#9801,.F.);
#9785 = FACE_BOUND('',#9786,.T.);
#9786 = EDGE_LOOP('',(#9787,#9793,#9794,#9800));
#9787 = ORIENTED_EDGE('',*,*,#9788,.T.);
#9788 = EDGE_CURVE('',#9758,#9687,#9789,.T.);
#9789 = LINE('',#9790,#9791);
#9790 = CARTESIAN_POINT('',(0.625,0.9,0.125));
#9791 = VECTOR('',#9792,1.);
#9792 = DIRECTION('',(0.,0.,1.));
#9793 = ORIENTED_EDGE('',*,*,#9712,.F.);
#9794 = ORIENTED_EDGE('',*,*,#9795,.F.);
#9795 = EDGE_CURVE('',#9766,#9705,#9796,.T.);
#9796 = LINE('',#9797,#9798);
#9797 = CARTESIAN_POINT('',(0.625,1.,0.125));
#9798 = VECTOR('',#9799,1.);
#9799 = DIRECTION('',(0.,0.,1.));
#9800 = ORIENTED_EDGE('',*,*,#9765,.T.);
#9801 = PLANE('',#9802);
#9802 = AXIS2_PLACEMENT_3D('',#9803,#9804,#9805);
#9803 = CARTESIAN_POINT('',(0.625,1.,0.125));
#9804 = DIRECTION('',(1.,0.,0.));
#9805 = DIRECTION('',(0.,0.,-1.));
#9806 = ADVANCED_FACE('',(#9807),#9813,.T.);
#9807 = FACE_BOUND('',#9808,.T.);
#9808 = EDGE_LOOP('',(#9809,#9810,#9811,#9812));
#9809 = ORIENTED_EDGE('',*,*,#9704,.T.);
#9810 = ORIENTED_EDGE('',*,*,#9742,.T.);
#9811 = ORIENTED_EDGE('',*,*,#9773,.T.);
#9812 = ORIENTED_EDGE('',*,*,#9795,.T.);
#9813 = PLANE('',#9814);
#9814 = AXIS2_PLACEMENT_3D('',#9815,#9816,#9817);
#9815 = CARTESIAN_POINT('',(0.,1.,0.));
#9816 = DIRECTION('',(0.,1.,0.));
#9817 = DIRECTION('',(0.,-0.,1.));
#9818 = ADVANCED_FACE('',(#9819),#9825,.F.);
#9819 = FACE_BOUND('',#9820,.T.);
#9820 = EDGE_LOOP('',(#9821,#9822,#9823,#9824));
#9821 = ORIENTED_EDGE('',*,*,#9686,.F.);
#9822 = ORIENTED_EDGE('',*,*,#9788,.F.);
#9823 = ORIENTED_EDGE('',*,*,#9757,.F.);
#9824 = ORIENTED_EDGE('',*,*,#9726,.F.);
#9825 = PLANE('',#9826);
#9826 = AXIS2_PLACEMENT_3D('',#9827,#9828,#9829);
#9827 = CARTESIAN_POINT('',(0.,0.9,0.));
#9828 = DIRECTION('',(0.,1.,0.));
#9829 = DIRECTION('',(0.,-0.,1.));
#9830 = MANIFOLD_SOLID_BREP('',#9831);
#9831 = CLOSED_SHELL('',(#9832,#9872,#9903,#9934,#9965,#9987,#10000));
#9832 = ADVANCED_FACE('',(#9833),#9867,.F.);
#9833 = FACE_BOUND('',#9834,.T.);
#9834 = EDGE_LOOP('',(#9835,#9845,#9853,#9861));
#9835 = ORIENTED_EDGE('',*,*,#9836,.T.);
#9836 = EDGE_CURVE('',#9837,#9839,#9841,.T.);
#9837 = VERTEX_POINT('',#9838);
#9838 = CARTESIAN_POINT('',(0.875,0.9,0.9));
#9839 = VERTEX_POINT('',#9840);
#9840 = CARTESIAN_POINT('',(0.875,0.9,0.625));
#9841 = LINE('',#9842,#9843);
#9842 = CARTESIAN_POINT('',(0.875,0.9,0.9));
#9843 = VECTOR('',#9844,1.);
#9844 = DIRECTION('',(0.,0.,-1.));
#9845 = ORIENTED_EDGE('',*,*,#9846,.F.);
#9846 = EDGE_CURVE('',#9847,#9839,#9849,.T.);
#9847 = VERTEX_POINT('',#9848);
#9848 = CARTESIAN_POINT('',(0.875,1.,0.625));
#9849 = LINE('',#9850,#9851);
#9850 = CARTESIAN_POINT('',(0.875,1.,0.625));
#9851 = VECTOR('',#9852,1.);
#9852 = DIRECTION('',(-0.,-1.,-0.));
#9853 = ORIENTED_EDGE('',*,*,#9854,.F.);
#9854 = EDGE_CURVE('',#9855,#9847,#9857,.T.);
#9855 = VERTEX_POINT('',#9856);
#9856 = CARTESIAN_POINT('',(0.875,1.,0.9));
#9857 = LINE('',#9858,#9859);
#9858 = CARTESIAN_POINT('',(0.875,1.,0.9));
#9859 = VECTOR('',#9860,1.);
#9860 = DIRECTION('',(0.,0.,-1.));
#9861 = ORIENTED_EDGE('',*,*,#9862,.T.);
#9862 = EDGE_CURVE('',#9855,#9837,#9863,.T.);
#9863 = LINE('',#9864,#9865);
#9864 = CARTESIAN_POINT('',(0.875,1.,0.9));
#9865 = VECTOR('',#9866,1.);
#9866 = DIRECTION('',(-0.,-1.,-0.));
#9867 = PLANE('',#9868);
#9868 = AXIS2_PLACEMENT_3D('',#9869,#9870,#9871);
#9869 = CARTESIAN_POINT('',(0.875,1.,0.9));
#9870 = DIRECTION('',(-1.,0.,0.));
#9871 = DIRECTION('',(0.,0.,1.));
#9872 = ADVANCED_FACE('',(#9873),#9898,.F.);
#9873 = FACE_BOUND('',#9874,.T.);
#9874 = EDGE_LOOP('',(#9875,#9883,#9891,#9897));
#9875 = ORIENTED_EDGE('',*,*,#9876,.T.);
#9876 = EDGE_CURVE('',#9839,#9877,#9879,.T.);
#9877 = VERTEX_POINT('',#9878);
#9878 = CARTESIAN_POINT('',(0.725,0.9,0.625));
#9879 = LINE('',#9880,#9881);
#9880 = CARTESIAN_POINT('',(0.875,0.9,0.625));
#9881 = VECTOR('',#9882,1.);
#9882 = DIRECTION('',(-1.,0.,0.));
#9883 = ORIENTED_EDGE('',*,*,#9884,.F.);
#9884 = EDGE_CURVE('',#9885,#9877,#9887,.T.);
#9885 = VERTEX_POINT('',#9886);
#9886 = CARTESIAN_POINT('',(0.725,1.,0.625));
#9887 = LINE('',#9888,#9889);
#9888 = CARTESIAN_POINT('',(0.725,1.,0.625));
#9889 = VECTOR('',#9890,1.);
#9890 = DIRECTION('',(-0.,-1.,-0.));
#9891 = ORIENTED_EDGE('',*,*,#9892,.F.);
#9892 = EDGE_CURVE('',#9847,#9885,#9893,.T.);
#9893 = LINE('',#9894,#9895);
#9894 = CARTESIAN_POINT('',(0.875,1.,0.625));
#9895 = VECTOR('',#9896,1.);
#9896 = DIRECTION('',(-1.,0.,0.));
#9897 = ORIENTED_EDGE('',*,*,#9846,.T.);
#9898 = PLANE('',#9899);
#9899 = AXIS2_PLACEMENT_3D('',#9900,#9901,#9902);
#9900 = CARTESIAN_POINT('',(0.875,1.,0.625));
#9901 = DIRECTION('',(0.,-0.,1.));
#9902 = DIRECTION('',(1.,0.,0.));
#9903 = ADVANCED_FACE('',(#9904),#9929,.F.);
#9904 = FACE_BOUND('',#9905,.T.);
#9905 = EDGE_LOOP('',(#9906,#9914,#9922,#9928));
#9906 = ORIENTED_EDGE('',*,*,#9907,.T.);
#9907 = EDGE_CURVE('',#9877,#9908,#9910,.T.);
#9908 = VERTEX_POINT('',#9909);
#9909 = CARTESIAN_POINT('',(0.625,0.9,0.725));
#9910 = LINE('',#9911,#9912);
#9911 = CARTESIAN_POINT('',(0.725,0.9,0.625));
#9912 = VECTOR('',#9913,1.);
#9913 = DIRECTION('',(-0.707106781187,0.,0.707106781187));
#9914 = ORIENTED_EDGE('',*,*,#9915,.F.);
#9915 = EDGE_CURVE('',#9916,#9908,#9918,.T.);
#9916 = VERTEX_POINT('',#9917);
#9917 = CARTESIAN_POINT('',(0.625,1.,0.725));
#9918 = LINE('',#9919,#9920);
#9919 = CARTESIAN_POINT('',(0.625,1.,0.725));
#9920 = VECTOR('',#9921,1.);
#9921 = DIRECTION('',(-0.,-1.,-0.));
#9922 = ORIENTED_EDGE('',*,*,#9923,.F.);
#9923 = EDGE_CURVE('',#9885,#9916,#9924,.T.);
#9924 = LINE('',#9925,#9926);
#9925 = CARTESIAN_POINT('',(0.725,1.,0.625));
#9926 = VECTOR('',#9927,1.);
#9927 = DIRECTION('',(-0.707106781187,0.,0.707106781187));
#9928 = ORIENTED_EDGE('',*,*,#9884,.T.);
#9929 = PLANE('',#9930);
#9930 = AXIS2_PLACEMENT_3D('',#9931,#9932,#9933);
#9931 = CARTESIAN_POINT('',(0.725,1.,0.625));
#9932 = DIRECTION('',(0.707106781187,-0.,0.707106781187));
#9933 = DIRECTION('',(0.707106781187,0.,-0.707106781187));
#9934 = ADVANCED_FACE('',(#9935),#9960,.F.);
#9935 = FACE_BOUND('',#9936,.T.);
#9936 = EDGE_LOOP('',(#9937,#9945,#9953,#9959));
#9937 = ORIENTED_EDGE('',*,*,#9938,.T.);
#9938 = EDGE_CURVE('',#9908,#9939,#9941,.T.);
#9939 = VERTEX_POINT('',#9940);
#9940 = CARTESIAN_POINT('',(0.625,0.9,0.9));
#9941 = LINE('',#9942,#9943);
#9942 = CARTESIAN_POINT('',(0.625,0.9,0.725));
#9943 = VECTOR('',#9944,1.);
#9944 = DIRECTION('',(0.,0.,1.));
#9945 = ORIENTED_EDGE('',*,*,#9946,.F.);
#9946 = EDGE_CURVE('',#9947,#9939,#9949,.T.);
#9947 = VERTEX_POINT('',#9948);
#9948 = CARTESIAN_POINT('',(0.625,1.,0.9));
#9949 = LINE('',#9950,#9951);
#9950 = CARTESIAN_POINT('',(0.625,1.,0.9));
#9951 = VECTOR('',#9952,1.);
#9952 = DIRECTION('',(-0.,-1.,-0.));
#9953 = ORIENTED_EDGE('',*,*,#9954,.F.);
#9954 = EDGE_CURVE('',#9916,#9947,#9955,.T.);
#9955 = LINE('',#9956,#9957);
#9956 = CARTESIAN_POINT('',(0.625,1.,0.725));
#9957 = VECTOR('',#9958,1.);
#9958 = DIRECTION('',(0.,0.,1.));
#9959 = ORIENTED_EDGE('',*,*,#9915,.T.);
#9960 = PLANE('',#9961);
#9961 = AXIS2_PLACEMENT_3D('',#9962,#9963,#9964);
#9962 = CARTESIAN_POINT('',(0.625,1.,0.725));
#9963 = DIRECTION('',(1.,0.,0.));
#9964 = DIRECTION('',(0.,0.,-1.));
#9965 = ADVANCED_FACE('',(#9966),#9982,.F.);
#9966 = FACE_BOUND('',#9967,.T.);
#9967 = EDGE_LOOP('',(#9968,#9974,#9975,#9981));
#9968 = ORIENTED_EDGE('',*,*,#9969,.T.);
#9969 = EDGE_CURVE('',#9939,#9837,#9970,.T.);
#9970 = LINE('',#9971,#9972);
#9971 = CARTESIAN_POINT('',(0.625,0.9,0.9));
#9972 = VECTOR('',#9973,1.);
#9973 = DIRECTION('',(1.,0.,0.));
#9974 = ORIENTED_EDGE('',*,*,#9862,.F.);
#9975 = ORIENTED_EDGE('',*,*,#9976,.F.);
#9976 = EDGE_CURVE('',#9947,#9855,#9977,.T.);
#9977 = LINE('',#9978,#9979);
#9978 = CARTESIAN_POINT('',(0.625,1.,0.9));
#9979 = VECTOR('',#9980,1.);
#9980 = DIRECTION('',(1.,0.,0.));
#9981 = ORIENTED_EDGE('',*,*,#9946,.T.);
#9982 = PLANE('',#9983);
#9983 = AXIS2_PLACEMENT_3D('',#9984,#9985,#9986);
#9984 = CARTESIAN_POINT('',(0.625,1.,0.9));
#9985 = DIRECTION('',(0.,0.,-1.));
#9986 = DIRECTION('',(-1.,0.,-0.));
#9987 = ADVANCED_FACE('',(#9988),#9995,.T.);
#9988 = FACE_BOUND('',#9989,.T.);
#9989 = EDGE_LOOP('',(#9990,#9991,#9992,#9993,#9994));
#9990 = ORIENTED_EDGE('',*,*,#9854,.T.);
#9991 = ORIENTED_EDGE('',*,*,#9892,.T.);
#9992 = ORIENTED_EDGE('',*,*,#9923,.T.);
#9993 = ORIENTED_EDGE('',*,*,#9954,.T.);
#9994 = ORIENTED_EDGE('',*,*,#9976,.T.);
#9995 = PLANE('',#9996);
#9996 = AXIS2_PLACEMENT_3D('',#9997,#9998,#9999);
#9997 = CARTESIAN_POINT('',(0.,1.,0.));
#9998 = DIRECTION('',(0.,1.,0.));
#9999 = DIRECTION('',(0.,-0.,1.));
#10000 = ADVANCED_FACE('',(#10001),#10008,.F.);
#10001 = FACE_BOUND('',#10002,.T.);
#10002 = EDGE_LOOP('',(#10003,#10004,#10005,#10006,#10007));
#10003 = ORIENTED_EDGE('',*,*,#9836,.F.);
#10004 = ORIENTED_EDGE('',*,*,#9969,.F.);
#10005 = ORIENTED_EDGE('',*,*,#9938,.F.);
#10006 = ORIENTED_EDGE('',*,*,#9907,.F.);
#10007 = ORIENTED_EDGE('',*,*,#9876,.F.);
#10008 = PLANE('',#10009);
#10009 = AXIS2_PLACEMENT_3D('',#10010,#10011,#10012);
#10010 = CARTESIAN_POINT('',(0.,0.9,0.));
#10011 = DIRECTION('',(0.,1.,0.));
#10012 = DIRECTION('',(0.,-0.,1.));
#10013 = MANIFOLD_SOLID_BREP('',#10014);
#10014 = CLOSED_SHELL('',(#10015,#10055,#10086,#10117,#10139,#10151));
#10015 = ADVANCED_FACE('',(#10016),#10050,.F.);
#10016 = FACE_BOUND('',#10017,.T.);
#10017 = EDGE_LOOP('',(#10018,#10028,#10036,#10044));
#10018 = ORIENTED_EDGE('',*,*,#10019,.T.);
#10019 = EDGE_CURVE('',#10020,#10022,#10024,.T.);
#10020 = VERTEX_POINT('',#10021);
#10021 = CARTESIAN_POINT('',(0.375,0.9,0.625));
#10022 = VERTEX_POINT('',#10023);
#10023 = CARTESIAN_POINT('',(0.125,0.9,0.625));
#10024 = LINE('',#10025,#10026);
#10025 = CARTESIAN_POINT('',(0.375,0.9,0.625));
#10026 = VECTOR('',#10027,1.);
#10027 = DIRECTION('',(-1.,0.,0.));
#10028 = ORIENTED_EDGE('',*,*,#10029,.F.);
#10029 = EDGE_CURVE('',#10030,#10022,#10032,.T.);
#10030 = VERTEX_POINT('',#10031);
#10031 = CARTESIAN_POINT('',(0.125,1.,0.625));
#10032 = LINE('',#10033,#10034);
#10033 = CARTESIAN_POINT('',(0.125,1.,0.625));
#10034 = VECTOR('',#10035,1.);
#10035 = DIRECTION('',(-0.,-1.,-0.));
#10036 = ORIENTED_EDGE('',*,*,#10037,.F.);
#10037 = EDGE_CURVE('',#10038,#10030,#10040,.T.);
#10038 = VERTEX_POINT('',#10039);
#10039 = CARTESIAN_POINT('',(0.375,1.,0.625));
#10040 = LINE('',#10041,#10042);
#10041 = CARTESIAN_POINT('',(0.375,1.,0.625));
#10042 = VECTOR('',#10043,1.);
#10043 = DIRECTION('',(-1.,0.,0.));
#10044 = ORIENTED_EDGE('',*,*,#10045,.T.);
#10045 = EDGE_CURVE('',#10038,#10020,#10046,.T.);
#10046 = LINE('',#10047,#10048);
#10047 = CARTESIAN_POINT('',(0.375,1.,0.625));
#10048 = VECTOR('',#10049,1.);
#10049 = DIRECTION('',(-0.,-1.,-0.));
#10050 = PLANE('',#10051);
#10051 = AXIS2_PLACEMENT_3D('',#10052,#10053,#10054);
#10052 = CARTESIAN_POINT('',(0.375,1.,0.625));
#10053 = DIRECTION('',(0.,-0.,1.));
#10054 = DIRECTION('',(1.,0.,0.));
#10055 = ADVANCED_FACE('',(#10056),#10081,.F.);
#10056 = FACE_BOUND('',#10057,.T.);
#10057 = EDGE_LOOP('',(#10058,#10066,#10074,#10080));
#10058 = ORIENTED_EDGE('',*,*,#10059,.T.);
#10059 = EDGE_CURVE('',#10022,#10060,#10062,.T.);
#10060 = VERTEX_POINT('',#10061);
#10061 = CARTESIAN_POINT('',(0.125,0.9,0.9));
#10062 = LINE('',#10063,#10064);
#10063 = CARTESIAN_POINT('',(0.125,0.9,0.625));
#10064 = VECTOR('',#10065,1.);
#10065 = DIRECTION('',(0.,0.,1.));
#10066 = ORIENTED_EDGE('',*,*,#10067,.F.);
#10067 = EDGE_CURVE('',#10068,#10060,#10070,.T.);
#10068 = VERTEX_POINT('',#10069);
#10069 = CARTESIAN_POINT('',(0.125,1.,0.9));
#10070 = LINE('',#10071,#10072);
#10071 = CARTESIAN_POINT('',(0.125,1.,0.9));
#10072 = VECTOR('',#10073,1.);
#10073 = DIRECTION('',(-0.,-1.,-0.));
#10074 = ORIENTED_EDGE('',*,*,#10075,.F.);
#10075 = EDGE_CURVE('',#10030,#10068,#10076,.T.);
#10076 = LINE('',#10077,#10078);
#10077 = CARTESIAN_POINT('',(0.125,1.,0.625));
#10078 = VECTOR('',#10079,1.);
#10079 = DIRECTION('',(0.,0.,1.));
#10080 = ORIENTED_EDGE('',*,*,#10029,.T.);
#10081 = PLANE('',#10082);
#10082 = AXIS2_PLACEMENT_3D('',#10083,#10084,#10085);
#10083 = CARTESIAN_POINT('',(0.125,1.,0.625));
#10084 = DIRECTION('',(1.,0.,0.));
#10085 = DIRECTION('',(0.,0.,-1.));
#10086 = ADVANCED_FACE('',(#10087),#10112,.F.);
#10087 = FACE_BOUND('',#10088,.T.);
#10088 = EDGE_LOOP('',(#10089,#10097,#10105,#10111));
#10089 = ORIENTED_EDGE('',*,*,#10090,.T.);
#10090 = EDGE_CURVE('',#10060,#10091,#10093,.T.);
#10091 = VERTEX_POINT('',#10092);
#10092 = CARTESIAN_POINT('',(0.375,0.9,0.9));
#10093 = LINE('',#10094,#10095);
#10094 = CARTESIAN_POINT('',(0.125,0.9,0.9));
#10095 = VECTOR('',#10096,1.);
#10096 = DIRECTION('',(1.,0.,0.));
#10097 = ORIENTED_EDGE('',*,*,#10098,.F.);
#10098 = EDGE_CURVE('',#10099,#10091,#10101,.T.);
#10099 = VERTEX_POINT('',#10100);
#10100 = CARTESIAN_POINT('',(0.375,1.,0.9));
#10101 = LINE('',#10102,#10103);
#10102 = CARTESIAN_POINT('',(0.375,1.,0.9));
#10103 = VECTOR('',#10104,1.);
#10104 = DIRECTION('',(-0.,-1.,-0.));
#10105 = ORIENTED_EDGE('',*,*,#10106,.F.);
#10106 = EDGE_CURVE('',#10068,#10099,#10107,.T.);
#10107 = LINE('',#10108,#10109);
#10108 = CARTESIAN_POINT('',(0.125,1.,0.9));
#10109 = VECTOR('',#10110,1.);
#10110 = DIRECTION('',(1.,0.,0.));
#10111 = ORIENTED_EDGE('',*,*,#10067,.T.);
#10112 = PLANE('',#10113);
#10113 = AXIS2_PLACEMENT_3D('',#10114,#10115,#10116);
#10114 = CARTESIAN_POINT('',(0.125,1.,0.9));
#10115 = DIRECTION('',(0.,0.,-1.));
#10116 = DIRECTION('',(-1.,0.,-0.));
#10117 = ADVANCED_FACE('',(#10118),#10134,.F.);
#10118 = FACE_BOUND('',#10119,.T.);
#10119 = EDGE_LOOP('',(#10120,#10126,#10127,#10133));
#10120 = ORIENTED_EDGE('',*,*,#10121,.T.);
#10121 = EDGE_CURVE('',#10091,#10020,#10122,.T.);
#10122 = LINE('',#10123,#10124);
#10123 = CARTESIAN_POINT('',(0.375,0.9,0.9));
#10124 = VECTOR('',#10125,1.);
#10125 = DIRECTION('',(0.,0.,-1.));
#10126 = ORIENTED_EDGE('',*,*,#10045,.F.);
#10127 = ORIENTED_EDGE('',*,*,#10128,.F.);
#10128 = EDGE_CURVE('',#10099,#10038,#10129,.T.);
#10129 = LINE('',#10130,#10131);
#10130 = CARTESIAN_POINT('',(0.375,1.,0.9));
#10131 = VECTOR('',#10132,1.);
#10132 = DIRECTION('',(0.,0.,-1.));
#10133 = ORIENTED_EDGE('',*,*,#10098,.T.);
#10134 = PLANE('',#10135);
#10135 = AXIS2_PLACEMENT_3D('',#10136,#10137,#10138);
#10136 = CARTESIAN_POINT('',(0.375,1.,0.9));
#10137 = DIRECTION('',(-1.,0.,0.));
#10138 = DIRECTION('',(0.,0.,1.));
#10139 = ADVANCED_FACE('',(#10140),#10146,.T.);
#10140 = FACE_BOUND('',#10141,.T.);
#10141 = EDGE_LOOP('',(#10142,#10143,#10144,#10145));
#10142 = ORIENTED_EDGE('',*,*,#10037,.T.);
#10143 = ORIENTED_EDGE('',*,*,#10075,.T.);
#10144 = ORIENTED_EDGE('',*,*,#10106,.T.);
#10145 = ORIENTED_EDGE('',*,*,#10128,.T.);
#10146 = PLANE('',#10147);
#10147 = AXIS2_PLACEMENT_3D('',#10148,#10149,#10150);
#10148 = CARTESIAN_POINT('',(0.,1.,0.));
#10149 = DIRECTION('',(0.,1.,-0.));
#10150 = DIRECTION('',(0.,0.,1.));
#10151 = ADVANCED_FACE('',(#10152),#10158,.F.);
#10152 = FACE_BOUND('',#10153,.T.);
#10153 = EDGE_LOOP('',(#10154,#10155,#10156,#10157));
#10154 = ORIENTED_EDGE('',*,*,#10019,.F.);
#10155 = ORIENTED_EDGE('',*,*,#10121,.F.);
#10156 = ORIENTED_EDGE('',*,*,#10090,.F.);
#10157 = ORIENTED_EDGE('',*,*,#10059,.F.);
#10158 = PLANE('',#10159);
#10159 = AXIS2_PLACEMENT_3D('',#10160,#10161,#10162);
#10160 = CARTESIAN_POINT('',(0.,0.9,0.));
#10161 = DIRECTION('',(0.,1.,-0.));
#10162 = DIRECTION('',(0.,0.,1.));
#10163 = MANIFOLD_SOLID_BREP('',#10164);
#10164 = CLOSED_SHELL('',(#10165,#10205,#10236,#10267,#10289,#10301));
#10165 = ADVANCED_FACE('',(#10166),#10200,.F.);
#10166 = FACE_BOUND('',#10167,.T.);
#10167 = EDGE_LOOP('',(#10168,#10178,#10186,#10194));
#10168 = ORIENTED_EDGE('',*,*,#10169,.T.);
#10169 = EDGE_CURVE('',#10170,#10172,#10174,.T.);
#10170 = VERTEX_POINT('',#10171);
#10171 = CARTESIAN_POINT('',(-0.125,0.9,0.625));
#10172 = VERTEX_POINT('',#10173);
#10173 = CARTESIAN_POINT('',(-0.375,0.9,0.625));
#10174 = LINE('',#10175,#10176);
#10175 = CARTESIAN_POINT('',(-0.125,0.9,0.625));
#10176 = VECTOR('',#10177,1.);
#10177 = DIRECTION('',(-1.,0.,0.));
#10178 = ORIENTED_EDGE('',*,*,#10179,.F.);
#10179 = EDGE_CURVE('',#10180,#10172,#10182,.T.);
#10180 = VERTEX_POINT('',#10181);
#10181 = CARTESIAN_POINT('',(-0.375,1.,0.625));
#10182 = LINE('',#10183,#10184);
#10183 = CARTESIAN_POINT('',(-0.375,1.,0.625));
#10184 = VECTOR('',#10185,1.);
#10185 = DIRECTION('',(-0.,-1.,-0.));
#10186 = ORIENTED_EDGE('',*,*,#10187,.F.);
#10187 = EDGE_CURVE('',#10188,#10180,#10190,.T.);
#10188 = VERTEX_POINT('',#10189);
#10189 = CARTESIAN_POINT('',(-0.125,1.,0.625));
#10190 = LINE('',#10191,#10192);
#10191 = CARTESIAN_POINT('',(-0.125,1.,0.625));
#10192 = VECTOR('',#10193,1.);
#10193 = DIRECTION('',(-1.,0.,0.));
#10194 = ORIENTED_EDGE('',*,*,#10195,.T.);
#10195 = EDGE_CURVE('',#10188,#10170,#10196,.T.);
#10196 = LINE('',#10197,#10198);
#10197 = CARTESIAN_POINT('',(-0.125,1.,0.625));
#10198 = VECTOR('',#10199,1.);
#10199 = DIRECTION('',(-0.,-1.,-0.));
#10200 = PLANE('',#10201);
#10201 = AXIS2_PLACEMENT_3D('',#10202,#10203,#10204);
#10202 = CARTESIAN_POINT('',(-0.125,1.,0.625));
#10203 = DIRECTION('',(0.,-0.,1.));
#10204 = DIRECTION('',(1.,0.,0.));
#10205 = ADVANCED_FACE('',(#10206),#10231,.F.);
#10206 = FACE_BOUND('',#10207,.T.);
#10207 = EDGE_LOOP('',(#10208,#10216,#10224,#10230));
#10208 = ORIENTED_EDGE('',*,*,#10209,.T.);
#10209 = EDGE_CURVE('',#10172,#10210,#10212,.T.);
#10210 = VERTEX_POINT('',#10211);
#10211 = CARTESIAN_POINT('',(-0.375,0.9,0.9));
#10212 = LINE('',#10213,#10214);
#10213 = CARTESIAN_POINT('',(-0.375,0.9,0.625));
#10214 = VECTOR('',#10215,1.);
#10215 = DIRECTION('',(0.,0.,1.));
#10216 = ORIENTED_EDGE('',*,*,#10217,.F.);
#10217 = EDGE_CURVE('',#10218,#10210,#10220,.T.);
#10218 = VERTEX_POINT('',#10219);
#10219 = CARTESIAN_POINT('',(-0.375,1.,0.9));
#10220 = LINE('',#10221,#10222);
#10221 = CARTESIAN_POINT('',(-0.375,1.,0.9));
#10222 = VECTOR('',#10223,1.);
#10223 = DIRECTION('',(-0.,-1.,-0.));
#10224 = ORIENTED_EDGE('',*,*,#10225,.F.);
#10225 = EDGE_CURVE('',#10180,#10218,#10226,.T.);
#10226 = LINE('',#10227,#10228);
#10227 = CARTESIAN_POINT('',(-0.375,1.,0.625));
#10228 = VECTOR('',#10229,1.);
#10229 = DIRECTION('',(0.,0.,1.));
#10230 = ORIENTED_EDGE('',*,*,#10179,.T.);
#10231 = PLANE('',#10232);
#10232 = AXIS2_PLACEMENT_3D('',#10233,#10234,#10235);
#10233 = CARTESIAN_POINT('',(-0.375,1.,0.625));
#10234 = DIRECTION('',(1.,0.,0.));
#10235 = DIRECTION('',(0.,0.,-1.));
#10236 = ADVANCED_FACE('',(#10237),#10262,.F.);
#10237 = FACE_BOUND('',#10238,.T.);
#10238 = EDGE_LOOP('',(#10239,#10247,#10255,#10261));
#10239 = ORIENTED_EDGE('',*,*,#10240,.T.);
#10240 = EDGE_CURVE('',#10210,#10241,#10243,.T.);
#10241 = VERTEX_POINT('',#10242);
#10242 = CARTESIAN_POINT('',(-0.125,0.9,0.9));
#10243 = LINE('',#10244,#10245);
#10244 = CARTESIAN_POINT('',(-0.375,0.9,0.9));
#10245 = VECTOR('',#10246,1.);
#10246 = DIRECTION('',(1.,0.,0.));
#10247 = ORIENTED_EDGE('',*,*,#10248,.F.);
#10248 = EDGE_CURVE('',#10249,#10241,#10251,.T.);
#10249 = VERTEX_POINT('',#10250);
#10250 = CARTESIAN_POINT('',(-0.125,1.,0.9));
#10251 = LINE('',#10252,#10253);
#10252 = CARTESIAN_POINT('',(-0.125,1.,0.9));
#10253 = VECTOR('',#10254,1.);
#10254 = DIRECTION('',(-0.,-1.,-0.));
#10255 = ORIENTED_EDGE('',*,*,#10256,.F.);
#10256 = EDGE_CURVE('',#10218,#10249,#10257,.T.);
#10257 = LINE('',#10258,#10259);
#10258 = CARTESIAN_POINT('',(-0.375,1.,0.9));
#10259 = VECTOR('',#10260,1.);
#10260 = DIRECTION('',(1.,0.,0.));
#10261 = ORIENTED_EDGE('',*,*,#10217,.T.);
#10262 = PLANE('',#10263);
#10263 = AXIS2_PLACEMENT_3D('',#10264,#10265,#10266);
#10264 = CARTESIAN_POINT('',(-0.375,1.,0.9));
#10265 = DIRECTION('',(0.,0.,-1.));
#10266 = DIRECTION('',(-1.,0.,-0.));
#10267 = ADVANCED_FACE('',(#10268),#10284,.F.);
#10268 = FACE_BOUND('',#10269,.T.);
#10269 = EDGE_LOOP('',(#10270,#10276,#10277,#10283));
#10270 = ORIENTED_EDGE('',*,*,#10271,.T.);
#10271 = EDGE_CURVE('',#10241,#10170,#10272,.T.);
#10272 = LINE('',#10273,#10274);
#10273 = CARTESIAN_POINT('',(-0.125,0.9,0.9));
#10274 = VECTOR('',#10275,1.);
#10275 = DIRECTION('',(0.,0.,-1.));
#10276 = ORIENTED_EDGE('',*,*,#10195,.F.);
#10277 = ORIENTED_EDGE('',*,*,#10278,.F.);
#10278 = EDGE_CURVE('',#10249,#10188,#10279,.T.);
#10279 = LINE('',#10280,#10281);
#10280 = CARTESIAN_POINT('',(-0.125,1.,0.9));
#10281 = VECTOR('',#10282,1.);
#10282 = DIRECTION('',(0.,0.,-1.));
#10283 = ORIENTED_EDGE('',*,*,#10248,.T.);
#10284 = PLANE('',#10285);
#10285 = AXIS2_PLACEMENT_3D('',#10286,#10287,#10288);
#10286 = CARTESIAN_POINT('',(-0.125,1.,0.9));
#10287 = DIRECTION('',(-1.,0.,0.));
#10288 = DIRECTION('',(0.,0.,1.));
#10289 = ADVANCED_FACE('',(#10290),#10296,.T.);
#10290 = FACE_BOUND('',#10291,.T.);
#10291 = EDGE_LOOP('',(#10292,#10293,#10294,#10295));
#10292 = ORIENTED_EDGE('',*,*,#10187,.T.);
#10293 = ORIENTED_EDGE('',*,*,#10225,.T.);
#10294 = ORIENTED_EDGE('',*,*,#10256,.T.);
#10295 = ORIENTED_EDGE('',*,*,#10278,.T.);
#10296 = PLANE('',#10297);
#10297 = AXIS2_PLACEMENT_3D('',#10298,#10299,#10300);
#10298 = CARTESIAN_POINT('',(0.,1.,0.));
#10299 = DIRECTION('',(0.,1.,-0.));
#10300 = DIRECTION('',(0.,0.,1.));
#10301 = ADVANCED_FACE('',(#10302),#10308,.F.);
#10302 = FACE_BOUND('',#10303,.T.);
#10303 = EDGE_LOOP('',(#10304,#10305,#10306,#10307));
#10304 = ORIENTED_EDGE('',*,*,#10169,.F.);
#10305 = ORIENTED_EDGE('',*,*,#10271,.F.);
#10306 = ORIENTED_EDGE('',*,*,#10240,.F.);
#10307 = ORIENTED_EDGE('',*,*,#10209,.F.);
#10308 = PLANE('',#10309);
#10309 = AXIS2_PLACEMENT_3D('',#10310,#10311,#10312);
#10310 = CARTESIAN_POINT('',(0.,0.9,0.));
#10311 = DIRECTION('',(0.,1.,-0.));
#10312 = DIRECTION('',(0.,0.,1.));
#10313 = MANIFOLD_SOLID_BREP('',#10314);
#10314 = CLOSED_SHELL('',(#10315,#10355,#10386,#10417,#10439,#10451));
#10315 = ADVANCED_FACE('',(#10316),#10350,.F.);
#10316 = FACE_BOUND('',#10317,.T.);
#10317 = EDGE_LOOP('',(#10318,#10328,#10336,#10344));
#10318 = ORIENTED_EDGE('',*,*,#10319,.T.);
#10319 = EDGE_CURVE('',#10320,#10322,#10324,.T.);
#10320 = VERTEX_POINT('',#10321);
#10321 = CARTESIAN_POINT('',(-0.625,0.9,0.625));
#10322 = VERTEX_POINT('',#10323);
#10323 = CARTESIAN_POINT('',(-0.875,0.9,0.625));
#10324 = LINE('',#10325,#10326);
#10325 = CARTESIAN_POINT('',(-0.625,0.9,0.625));
#10326 = VECTOR('',#10327,1.);
#10327 = DIRECTION('',(-1.,0.,-4.163336342344E-14));
#10328 = ORIENTED_EDGE('',*,*,#10329,.F.);
#10329 = EDGE_CURVE('',#10330,#10322,#10332,.T.);
#10330 = VERTEX_POINT('',#10331);
#10331 = CARTESIAN_POINT('',(-0.875,1.,0.625));
#10332 = LINE('',#10333,#10334);
#10333 = CARTESIAN_POINT('',(-0.875,1.,0.625));
#10334 = VECTOR('',#10335,1.);
#10335 = DIRECTION('',(-0.,-1.,-0.));
#10336 = ORIENTED_EDGE('',*,*,#10337,.F.);
#10337 = EDGE_CURVE('',#10338,#10330,#10340,.T.);
#10338 = VERTEX_POINT('',#10339);
#10339 = CARTESIAN_POINT('',(-0.625,1.,0.625));
#10340 = LINE('',#10341,#10342);
#10341 = CARTESIAN_POINT('',(-0.625,1.,0.625));
#10342 = VECTOR('',#10343,1.);
#10343 = DIRECTION('',(-1.,0.,-4.163336342344E-14));
#10344 = ORIENTED_EDGE('',*,*,#10345,.T.);
#10345 = EDGE_CURVE('',#10338,#10320,#10346,.T.);
#10346 = LINE('',#10347,#10348);
#10347 = CARTESIAN_POINT('',(-0.625,1.,0.625));
#10348 = VECTOR('',#10349,1.);
#10349 = DIRECTION('',(-0.,-1.,-0.));
#10350 = PLANE('',#10351);
#10351 = AXIS2_PLACEMENT_3D('',#10352,#10353,#10354);
#10352 = CARTESIAN_POINT('',(-0.625,1.,0.625));
#10353 = DIRECTION('',(-4.163336342344E-14,0.,1.));
#10354 = DIRECTION('',(1.,0.,4.163336342344E-14));
#10355 = ADVANCED_FACE('',(#10356),#10381,.F.);
#10356 = FACE_BOUND('',#10357,.T.);
#10357 = EDGE_LOOP('',(#10358,#10366,#10374,#10380));
#10358 = ORIENTED_EDGE('',*,*,#10359,.T.);
#10359 = EDGE_CURVE('',#10322,#10360,#10362,.T.);
#10360 = VERTEX_POINT('',#10361);
#10361 = CARTESIAN_POINT('',(-0.875,0.9,0.9));
#10362 = LINE('',#10363,#10364);
#10363 = CARTESIAN_POINT('',(-0.875,0.9,0.625));
#10364 = VECTOR('',#10365,1.);
#10365 = DIRECTION('',(-7.885106708985E-16,0.,1.));
#10366 = ORIENTED_EDGE('',*,*,#10367,.F.);
#10367 = EDGE_CURVE('',#10368,#10360,#10370,.T.);
#10368 = VERTEX_POINT('',#10369);
#10369 = CARTESIAN_POINT('',(-0.875,1.,0.9));
#10370 = LINE('',#10371,#10372);
#10371 = CARTESIAN_POINT('',(-0.875,1.,0.9));
#10372 = VECTOR('',#10373,1.);
#10373 = DIRECTION('',(-0.,-1.,-0.));
#10374 = ORIENTED_EDGE('',*,*,#10375,.F.);
#10375 = EDGE_CURVE('',#10330,#10368,#10376,.T.);
#10376 = LINE('',#10377,#10378);
#10377 = CARTESIAN_POINT('',(-0.875,1.,0.625));
#10378 = VECTOR('',#10379,1.);
#10379 = DIRECTION('',(-7.885106708985E-16,0.,1.));
#10380 = ORIENTED_EDGE('',*,*,#10329,.T.);
#10381 = PLANE('',#10382);
#10382 = AXIS2_PLACEMENT_3D('',#10383,#10384,#10385);
#10383 = CARTESIAN_POINT('',(-0.875,1.,0.625));
#10384 = DIRECTION('',(1.,-0.,7.885106708985E-16));
#10385 = DIRECTION('',(7.885106708985E-16,0.,-1.));
#10386 = ADVANCED_FACE('',(#10387),#10412,.F.);
#10387 = FACE_BOUND('',#10388,.T.);
#10388 = EDGE_LOOP('',(#10389,#10397,#10405,#10411));
#10389 = ORIENTED_EDGE('',*,*,#10390,.T.);
#10390 = EDGE_CURVE('',#10360,#10391,#10393,.T.);
#10391 = VERTEX_POINT('',#10392);
#10392 = CARTESIAN_POINT('',(-0.625,0.9,0.9));
#10393 = LINE('',#10394,#10395);
#10394 = CARTESIAN_POINT('',(-0.875,0.9,0.9));
#10395 = VECTOR('',#10396,1.);
#10396 = DIRECTION('',(1.,0.,0.));
#10397 = ORIENTED_EDGE('',*,*,#10398,.F.);
#10398 = EDGE_CURVE('',#10399,#10391,#10401,.T.);
#10399 = VERTEX_POINT('',#10400);
#10400 = CARTESIAN_POINT('',(-0.625,1.,0.9));
#10401 = LINE('',#10402,#10403);
#10402 = CARTESIAN_POINT('',(-0.625,1.,0.9));
#10403 = VECTOR('',#10404,1.);
#10404 = DIRECTION('',(-0.,-1.,-0.));
#10405 = ORIENTED_EDGE('',*,*,#10406,.F.);
#10406 = EDGE_CURVE('',#10368,#10399,#10407,.T.);
#10407 = LINE('',#10408,#10409);
#10408 = CARTESIAN_POINT('',(-0.875,1.,0.9));
#10409 = VECTOR('',#10410,1.);
#10410 = DIRECTION('',(1.,0.,0.));
#10411 = ORIENTED_EDGE('',*,*,#10367,.T.);
#10412 = PLANE('',#10413);
#10413 = AXIS2_PLACEMENT_3D('',#10414,#10415,#10416);
#10414 = CARTESIAN_POINT('',(-0.875,1.,0.9));
#10415 = DIRECTION('',(0.,0.,-1.));
#10416 = DIRECTION('',(-1.,0.,-0.));
#10417 = ADVANCED_FACE('',(#10418),#10434,.F.);
#10418 = FACE_BOUND('',#10419,.T.);
#10419 = EDGE_LOOP('',(#10420,#10426,#10427,#10433));
#10420 = ORIENTED_EDGE('',*,*,#10421,.T.);
#10421 = EDGE_CURVE('',#10391,#10320,#10422,.T.);
#10422 = LINE('',#10423,#10424);
#10423 = CARTESIAN_POINT('',(-0.625,0.9,0.9));
#10424 = VECTOR('',#10425,1.);
#10425 = DIRECTION('',(0.,0.,-1.));
#10426 = ORIENTED_EDGE('',*,*,#10345,.F.);
#10427 = ORIENTED_EDGE('',*,*,#10428,.F.);
#10428 = EDGE_CURVE('',#10399,#10338,#10429,.T.);
#10429 = LINE('',#10430,#10431);
#10430 = CARTESIAN_POINT('',(-0.625,1.,0.9));
#10431 = VECTOR('',#10432,1.);
#10432 = DIRECTION('',(0.,0.,-1.));
#10433 = ORIENTED_EDGE('',*,*,#10398,.T.);
#10434 = PLANE('',#10435);
#10435 = AXIS2_PLACEMENT_3D('',#10436,#10437,#10438);
#10436 = CARTESIAN_POINT('',(-0.625,1.,0.9));
#10437 = DIRECTION('',(-1.,0.,0.));
#10438 = DIRECTION('',(0.,0.,1.));
#10439 = ADVANCED_FACE('',(#10440),#10446,.T.);
#10440 = FACE_BOUND('',#10441,.T.);
#10441 = EDGE_LOOP('',(#10442,#10443,#10444,#10445));
#10442 = ORIENTED_EDGE('',*,*,#10337,.T.);
#10443 = ORIENTED_EDGE('',*,*,#10375,.T.);
#10444 = ORIENTED_EDGE('',*,*,#10406,.T.);
#10445 = ORIENTED_EDGE('',*,*,#10428,.T.);
#10446 = PLANE('',#10447);
#10447 = AXIS2_PLACEMENT_3D('',#10448,#10449,#10450);
#10448 = CARTESIAN_POINT('',(0.,1.,0.));
#10449 = DIRECTION('',(0.,1.,0.));
#10450 = DIRECTION('',(0.,-0.,1.));
#10451 = ADVANCED_FACE('',(#10452),#10458,.F.);
#10452 = FACE_BOUND('',#10453,.T.);
#10453 = EDGE_LOOP('',(#10454,#10455,#10456,#10457));
#10454 = ORIENTED_EDGE('',*,*,#10319,.F.);
#10455 = ORIENTED_EDGE('',*,*,#10421,.F.);
#10456 = ORIENTED_EDGE('',*,*,#10390,.F.);
#10457 = ORIENTED_EDGE('',*,*,#10359,.F.);
#10458 = PLANE('',#10459);
#10459 = AXIS2_PLACEMENT_3D('',#10460,#10461,#10462);
#10460 = CARTESIAN_POINT('',(0.,0.9,0.));
#10461 = DIRECTION('',(0.,1.,0.));
#10462 = DIRECTION('',(0.,-0.,1.));
#10463 = ( GEOMETRIC_REPRESENTATION_CONTEXT(3) 
GLOBAL_UNCERTAINTY_ASSIGNED_CONTEXT((#10467)) 
GLOBAL_UNIT_ASSIGNED_CONTEXT((#10464,#10465,#10466)) 
REPRESENTATION_CONTEXT('Context #1',
  '3D Context with UNIT and UNCERTAINTY') );
#10464 = ( LENGTH_UNIT() NAMED_UNIT(*) SI_UNIT(.MILLI.,.METRE.) );
#10465 = ( NAMED_UNIT(*) PLANE_ANGLE_UNIT() SI_UNIT($,.RADIAN.) );
#10466 = ( NAMED_UNIT(*) SI_UNIT($,.STERADIAN.) SOLID_ANGLE_UNIT() );
#10467 = UNCERTAINTY_MEASURE_WITH_UNIT(LENGTH_MEASURE(1.E-07),#10464,
  'distance_accuracy_value','confusion accuracy');
#10468 = CONTEXT_DEPENDENT_SHAPE_REPRESENTATION(#10469,#10471);
#10469 = ( REPRESENTATION_RELATIONSHIP('','',#6512,#10) 
REPRESENTATION_RELATIONSHIP_WITH_TRANSFORMATION(#10470) 
SHAPE_REPRESENTATION_RELATIONSHIP() );
#10470 = ITEM_DEFINED_TRANSFORMATION('','',#11,#43);
#10471 = PRODUCT_DEFINITION_SHAPE('Placement','Placement of an item',
  #10472);
#10472 = NEXT_ASSEMBLY_USAGE_OCCURRENCE('8','U1','',#5,#6507,$);
#10473 = PRODUCT_RELATED_PRODUCT_CATEGORY('part',$,(#6509));
#10474 = CONTEXT_DEPENDENT_SHAPE_REPRESENTATION(#10475,#10477);
#10475 = ( REPRESENTATION_RELATIONSHIP('','',#84,#10) 
REPRESENTATION_RELATIONSHIP_WITH_TRANSFORMATION(#10476) 
SHAPE_REPRESENTATION_RELATIONSHIP() );
#10476 = ITEM_DEFINED_TRANSFORMATION('','',#11,#47);
#10477 = PRODUCT_DEFINITION_SHAPE('Placement','Placement of an item',
  #10478);
#10478 = NEXT_ASSEMBLY_USAGE_OCCURRENCE('9','C6','',#5,#79,$);
#10479 = CONTEXT_DEPENDENT_SHAPE_REPRESENTATION(#10480,#10482);
#10480 = ( REPRESENTATION_RELATIONSHIP('','',#5698,#10) 
REPRESENTATION_RELATIONSHIP_WITH_TRANSFORMATION(#10481) 
SHAPE_REPRESENTATION_RELATIONSHIP() );
#10481 = ITEM_DEFINED_TRANSFORMATION('','',#11,#51);
#10482 = PRODUCT_DEFINITION_SHAPE('Placement','Placement of an item',
  #10483);
#10483 = NEXT_ASSEMBLY_USAGE_OCCURRENCE('10','R3','',#5,#5693,$);
#10484 = SHAPE_DEFINITION_REPRESENTATION(#10485,#10491);
#10485 = PRODUCT_DEFINITION_SHAPE('','',#10486);
#10486 = PRODUCT_DEFINITION('design','',#10487,#10490);
#10487 = PRODUCT_DEFINITION_FORMATION('','',#10488);
#10488 = PRODUCT('SOT-23-5','SOT-23-5','',(#10489));
#10489 = PRODUCT_CONTEXT('',#2,'mechanical');
#10490 = PRODUCT_DEFINITION_CONTEXT('part definition',#2,'design');
#10491 = ADVANCED_BREP_SHAPE_REPRESENTATION('',(#11,#10492),#13561);
#10492 = MANIFOLD_SOLID_BREP('',#10493);
#10493 = CLOSED_SHELL('',(#10494,#10532,#10595,#10618,#10647,#10670,
    #10741,#10796,#10819,#10842,#10859,#10882,#10970,#10986,#11016,
    #11047,#11078,#11109,#11140,#11171,#11188,#11205,#11236,#11267,
    #11298,#11328,#11351,#11374,#11391,#11436,#11506,#11529,#11552,
    #11575,#11630,#11668,#11717,#11809,#11834,#11918,#11940,#12032,
    #12057,#12141,#12158,#12243,#12268,#12345,#12430,#12455,#12532,
    #12549,#12641,#12666,#12750,#12767,#12786,#12805,#12851,#12867,
    #12886,#12902,#12919,#12931,#12948,#12965,#12982,#12999,#13016,
    #13033,#13050,#13062,#13079,#13096,#13113,#13130,#13147,#13164,
    #13181,#13193,#13210,#13227,#13244,#13261,#13278,#13295,#13307,
    #13324,#13341,#13358,#13375,#13392,#13409,#13421,#13438,#13455,
    #13472,#13489,#13506,#13523,#13540,#13552));
#10494 = ADVANCED_FACE('',(#10495),#10527,.F.);
#10495 = FACE_BOUND('',#10496,.F.);
#10496 = EDGE_LOOP('',(#10497,#10507,#10514,#10522));
#10497 = ORIENTED_EDGE('',*,*,#10498,.T.);
#10498 = EDGE_CURVE('',#10499,#10501,#10503,.T.);
#10499 = VERTEX_POINT('',#10500);
#10500 = CARTESIAN_POINT('',(-0.659324228722,1.358648457443,0.1));
#10501 = VERTEX_POINT('',#10502);
#10502 = CARTESIAN_POINT('',(0.659324228722,1.358648457443,0.1));
#10503 = LINE('',#10504,#10505);
#10504 = CARTESIAN_POINT('',(-0.659324228722,1.358648457443,0.1));
#10505 = VECTOR('',#10506,1.);
#10506 = DIRECTION('',(1.,1.110223024625E-16,0.));
#10507 = ORIENTED_EDGE('',*,*,#10508,.T.);
#10508 = EDGE_CURVE('',#10501,#10509,#10511,.T.);
#10509 = VERTEX_POINT('',#10510);
#10510 = CARTESIAN_POINT('',(0.705,1.45,0.75));
#10511 = B_SPLINE_CURVE_WITH_KNOTS('',1,(#10512,#10513),.UNSPECIFIED.,
  .F.,.F.,(2,2),(0.,1.),.PIECEWISE_BEZIER_KNOTS.);
#10512 = CARTESIAN_POINT('',(0.659324228722,1.358648457443,0.1));
#10513 = CARTESIAN_POINT('',(0.705,1.45,0.75));
#10514 = ORIENTED_EDGE('',*,*,#10515,.F.);
#10515 = EDGE_CURVE('',#10516,#10509,#10518,.T.);
#10516 = VERTEX_POINT('',#10517);
#10517 = CARTESIAN_POINT('',(-0.705,1.45,0.75));
#10518 = LINE('',#10519,#10520);
#10519 = CARTESIAN_POINT('',(-0.705,1.45,0.75));
#10520 = VECTOR('',#10521,1.);
#10521 = DIRECTION('',(1.,1.110223024625E-16,0.));
#10522 = ORIENTED_EDGE('',*,*,#10523,.F.);
#10523 = EDGE_CURVE('',#10499,#10516,#10524,.T.);
#10524 = B_SPLINE_CURVE_WITH_KNOTS('',1,(#10525,#10526),.UNSPECIFIED.,
  .F.,.F.,(2,2),(0.,1.),.PIECEWISE_BEZIER_KNOTS.);
#10525 = CARTESIAN_POINT('',(-0.659324228722,1.358648457443,0.1));
#10526 = CARTESIAN_POINT('',(-0.705,1.45,0.75));
#10527 = B_SPLINE_SURFACE_WITH_KNOTS('',1,1,(
    (#10528,#10529)
    ,(#10530,#10531
    )),.UNSPECIFIED.,.F.,.F.,.F.,(2,2),(2,2),(0.,1.41),(0.,1.),
  .PIECEWISE_BEZIER_KNOTS.);
#10528 = CARTESIAN_POINT('',(-0.659324228722,1.358648457443,0.1));
#10529 = CARTESIAN_POINT('',(-0.705,1.45,0.75));
#10530 = CARTESIAN_POINT('',(0.659324228722,1.358648457443,0.1));
#10531 = CARTESIAN_POINT('',(0.705,1.45,0.75));
#10532 = ADVANCED_FACE('',(#10533),#10590,.F.);
#10533 = FACE_BOUND('',#10534,.T.);
#10534 = EDGE_LOOP('',(#10535,#10536,#10544,#10552,#10560,#10568,#10576,
    #10584));
#10535 = ORIENTED_EDGE('',*,*,#10498,.T.);
#10536 = ORIENTED_EDGE('',*,*,#10537,.T.);
#10537 = EDGE_CURVE('',#10501,#10538,#10540,.T.);
#10538 = VERTEX_POINT('',#10539);
#10539 = CARTESIAN_POINT('',(0.708648457443,1.309324228722,0.1));
#10540 = LINE('',#10541,#10542);
#10541 = CARTESIAN_POINT('',(0.659324228722,1.358648457443,0.1));
#10542 = VECTOR('',#10543,1.);
#10543 = DIRECTION('',(0.707106781187,-0.707106781187,0.));
#10544 = ORIENTED_EDGE('',*,*,#10545,.T.);
#10545 = EDGE_CURVE('',#10538,#10546,#10548,.T.);
#10546 = VERTEX_POINT('',#10547);
#10547 = CARTESIAN_POINT('',(0.708648457443,-1.309324228722,0.1));
#10548 = LINE('',#10549,#10550);
#10549 = CARTESIAN_POINT('',(0.708648457443,1.309324228722,0.1));
#10550 = VECTOR('',#10551,1.);
#10551 = DIRECTION('',(1.110223024625E-16,-1.,0.));
#10552 = ORIENTED_EDGE('',*,*,#10553,.T.);
#10553 = EDGE_CURVE('',#10546,#10554,#10556,.T.);
#10554 = VERTEX_POINT('',#10555);
#10555 = CARTESIAN_POINT('',(0.659324228722,-1.358648457443,0.1));
#10556 = LINE('',#10557,#10558);
#10557 = CARTESIAN_POINT('',(0.708648457443,-1.309324228722,0.1));
#10558 = VECTOR('',#10559,1.);
#10559 = DIRECTION('',(-0.707106781187,-0.707106781187,0.));
#10560 = ORIENTED_EDGE('',*,*,#10561,.T.);
#10561 = EDGE_CURVE('',#10554,#10562,#10564,.T.);
#10562 = VERTEX_POINT('',#10563);
#10563 = CARTESIAN_POINT('',(-0.659324228722,-1.358648457443,0.1));
#10564 = LINE('',#10565,#10566);
#10565 = CARTESIAN_POINT('',(0.659324228722,-1.358648457443,0.1));
#10566 = VECTOR('',#10567,1.);
#10567 = DIRECTION('',(-1.,-1.110223024625E-16,0.));
#10568 = ORIENTED_EDGE('',*,*,#10569,.T.);
#10569 = EDGE_CURVE('',#10562,#10570,#10572,.T.);
#10570 = VERTEX_POINT('',#10571);
#10571 = CARTESIAN_POINT('',(-0.708648457443,-1.309324228722,0.1));
#10572 = LINE('',#10573,#10574);
#10573 = CARTESIAN_POINT('',(-0.659324228722,-1.358648457443,0.1));
#10574 = VECTOR('',#10575,1.);
#10575 = DIRECTION('',(-0.707106781187,0.707106781187,0.));
#10576 = ORIENTED_EDGE('',*,*,#10577,.T.);
#10577 = EDGE_CURVE('',#10570,#10578,#10580,.T.);
#10578 = VERTEX_POINT('',#10579);
#10579 = CARTESIAN_POINT('',(-0.708648457443,1.309324228722,0.1));
#10580 = LINE('',#10581,#10582);
#10581 = CARTESIAN_POINT('',(-0.708648457443,-1.309324228722,0.1));
#10582 = VECTOR('',#10583,1.);
#10583 = DIRECTION('',(-1.110223024625E-16,1.,0.));
#10584 = ORIENTED_EDGE('',*,*,#10585,.T.);
#10585 = EDGE_CURVE('',#10578,#10499,#10586,.T.);
#10586 = LINE('',#10587,#10588);
#10587 = CARTESIAN_POINT('',(-0.708648457443,1.309324228722,0.1));
#10588 = VECTOR('',#10589,1.);
#10589 = DIRECTION('',(0.707106781187,0.707106781187,0.));
#10590 = PLANE('',#10591);
#10591 = AXIS2_PLACEMENT_3D('',#10592,#10593,#10594);
#10592 = CARTESIAN_POINT('',(-0.659324228722,1.358648457443,0.1));
#10593 = DIRECTION('',(0.,0.,1.));
#10594 = DIRECTION('',(0.436587433964,-0.899661832304,0.));
#10595 = ADVANCED_FACE('',(#10596),#10613,.F.);
#10596 = FACE_BOUND('',#10597,.F.);
#10597 = EDGE_LOOP('',(#10598,#10599,#10606,#10612));
#10598 = ORIENTED_EDGE('',*,*,#10537,.T.);
#10599 = ORIENTED_EDGE('',*,*,#10600,.T.);
#10600 = EDGE_CURVE('',#10538,#10601,#10603,.T.);
#10601 = VERTEX_POINT('',#10602);
#10602 = CARTESIAN_POINT('',(0.8,1.355,0.75));
#10603 = B_SPLINE_CURVE_WITH_KNOTS('',1,(#10604,#10605),.UNSPECIFIED.,
  .F.,.F.,(2,2),(0.,1.),.PIECEWISE_BEZIER_KNOTS.);
#10604 = CARTESIAN_POINT('',(0.708648457443,1.309324228722,0.1));
#10605 = CARTESIAN_POINT('',(0.8,1.355,0.75));
#10606 = ORIENTED_EDGE('',*,*,#10607,.F.);
#10607 = EDGE_CURVE('',#10509,#10601,#10608,.T.);
#10608 = LINE('',#10609,#10610);
#10609 = CARTESIAN_POINT('',(0.705,1.45,0.75));
#10610 = VECTOR('',#10611,1.);
#10611 = DIRECTION('',(0.707106781187,-0.707106781187,0.));
#10612 = ORIENTED_EDGE('',*,*,#10508,.F.);
#10613 = B_SPLINE_SURFACE_WITH_KNOTS('',1,1,(
    (#10614,#10615)
    ,(#10616,#10617
    )),.UNSPECIFIED.,.F.,.F.,.F.,(2,2),(2,2),(0.,0.134350288425),(0.,1.)
  ,.PIECEWISE_BEZIER_KNOTS.);
#10614 = CARTESIAN_POINT('',(0.659324228722,1.358648457443,0.1));
#10615 = CARTESIAN_POINT('',(0.705,1.45,0.75));
#10616 = CARTESIAN_POINT('',(0.708648457443,1.309324228722,0.1));
#10617 = CARTESIAN_POINT('',(0.8,1.355,0.75));
#10618 = ADVANCED_FACE('',(#10619),#10642,.F.);
#10619 = FACE_BOUND('',#10620,.F.);
#10620 = EDGE_LOOP('',(#10621,#10622,#10629,#10637));
#10621 = ORIENTED_EDGE('',*,*,#10515,.T.);
#10622 = ORIENTED_EDGE('',*,*,#10623,.T.);
#10623 = EDGE_CURVE('',#10509,#10624,#10626,.T.);
#10624 = VERTEX_POINT('',#10625);
#10625 = CARTESIAN_POINT('',(0.705,1.45,0.9));
#10626 = B_SPLINE_CURVE_WITH_KNOTS('',1,(#10627,#10628),.UNSPECIFIED.,
  .F.,.F.,(2,2),(0.,1.),.PIECEWISE_BEZIER_KNOTS.);
#10627 = CARTESIAN_POINT('',(0.705,1.45,0.75));
#10628 = CARTESIAN_POINT('',(0.705,1.45,0.9));
#10629 = ORIENTED_EDGE('',*,*,#10630,.F.);
#10630 = EDGE_CURVE('',#10631,#10624,#10633,.T.);
#10631 = VERTEX_POINT('',#10632);
#10632 = CARTESIAN_POINT('',(-0.705,1.45,0.9));
#10633 = LINE('',#10634,#10635);
#10634 = CARTESIAN_POINT('',(-0.705,1.45,0.9));
#10635 = VECTOR('',#10636,1.);
#10636 = DIRECTION('',(1.,1.110223024625E-16,0.));
#10637 = ORIENTED_EDGE('',*,*,#10638,.F.);
#10638 = EDGE_CURVE('',#10516,#10631,#10639,.T.);
#10639 = B_SPLINE_CURVE_WITH_KNOTS('',1,(#10640,#10641),.UNSPECIFIED.,
  .F.,.F.,(2,2),(0.,1.),.PIECEWISE_BEZIER_KNOTS.);
#10640 = CARTESIAN_POINT('',(-0.705,1.45,0.75));
#10641 = CARTESIAN_POINT('',(-0.705,1.45,0.9));
#10642 = PLANE('',#10643);
#10643 = AXIS2_PLACEMENT_3D('',#10644,#10645,#10646);
#10644 = CARTESIAN_POINT('',(-0.705,1.45,0.9));
#10645 = DIRECTION('',(1.110223024625E-16,-1.,0.));
#10646 = DIRECTION('',(1.,1.110223024625E-16,0.));
#10647 = ADVANCED_FACE('',(#10648),#10665,.F.);
#10648 = FACE_BOUND('',#10649,.F.);
#10649 = EDGE_LOOP('',(#10650,#10651,#10652,#10660));
#10650 = ORIENTED_EDGE('',*,*,#10585,.T.);
#10651 = ORIENTED_EDGE('',*,*,#10523,.T.);
#10652 = ORIENTED_EDGE('',*,*,#10653,.F.);
#10653 = EDGE_CURVE('',#10654,#10516,#10656,.T.);
#10654 = VERTEX_POINT('',#10655);
#10655 = CARTESIAN_POINT('',(-0.8,1.355,0.75));
#10656 = LINE('',#10657,#10658);
#10657 = CARTESIAN_POINT('',(-0.8,1.355,0.75));
#10658 = VECTOR('',#10659,1.);
#10659 = DIRECTION('',(0.707106781187,0.707106781187,0.));
#10660 = ORIENTED_EDGE('',*,*,#10661,.F.);
#10661 = EDGE_CURVE('',#10578,#10654,#10662,.T.);
#10662 = B_SPLINE_CURVE_WITH_KNOTS('',1,(#10663,#10664),.UNSPECIFIED.,
  .F.,.F.,(2,2),(0.,1.),.PIECEWISE_BEZIER_KNOTS.);
#10663 = CARTESIAN_POINT('',(-0.708648457443,1.309324228722,0.1));
#10664 = CARTESIAN_POINT('',(-0.8,1.355,0.75));
#10665 = B_SPLINE_SURFACE_WITH_KNOTS('',1,1,(
    (#10666,#10667)
    ,(#10668,#10669
    )),.UNSPECIFIED.,.F.,.F.,.F.,(2,2),(2,2),(0.,0.134350288425),(0.,1.)
  ,.PIECEWISE_BEZIER_KNOTS.);
#10666 = CARTESIAN_POINT('',(-0.708648457443,1.309324228722,0.1));
#10667 = CARTESIAN_POINT('',(-0.8,1.355,0.75));
#10668 = CARTESIAN_POINT('',(-0.659324228722,1.358648457443,0.1));
#10669 = CARTESIAN_POINT('',(-0.705,1.45,0.75));
#10670 = ADVANCED_FACE('',(#10671),#10736,.F.);
#10671 = FACE_BOUND('',#10672,.F.);
#10672 = EDGE_LOOP('',(#10673,#10674,#10675,#10683,#10691,#10699,#10707,
    #10715,#10723,#10731));
#10673 = ORIENTED_EDGE('',*,*,#10577,.T.);
#10674 = ORIENTED_EDGE('',*,*,#10661,.T.);
#10675 = ORIENTED_EDGE('',*,*,#10676,.F.);
#10676 = EDGE_CURVE('',#10677,#10654,#10679,.T.);
#10677 = VERTEX_POINT('',#10678);
#10678 = CARTESIAN_POINT('',(-0.8,1.2,0.75));
#10679 = LINE('',#10680,#10681);
#10680 = CARTESIAN_POINT('',(-0.8,-1.355,0.75));
#10681 = VECTOR('',#10682,1.);
#10682 = DIRECTION('',(-1.110223024625E-16,1.,0.));
#10683 = ORIENTED_EDGE('',*,*,#10684,.F.);
#10684 = EDGE_CURVE('',#10685,#10677,#10687,.T.);
#10685 = VERTEX_POINT('',#10686);
#10686 = CARTESIAN_POINT('',(-0.8,0.7,0.75));
#10687 = LINE('',#10688,#10689);
#10688 = CARTESIAN_POINT('',(-0.8,-1.355,0.75));
#10689 = VECTOR('',#10690,1.);
#10690 = DIRECTION('',(-1.110223024625E-16,1.,0.));
#10691 = ORIENTED_EDGE('',*,*,#10692,.F.);
#10692 = EDGE_CURVE('',#10693,#10685,#10695,.T.);
#10693 = VERTEX_POINT('',#10694);
#10694 = CARTESIAN_POINT('',(-0.8,0.25,0.75));
#10695 = LINE('',#10696,#10697);
#10696 = CARTESIAN_POINT('',(-0.8,-1.355,0.75));
#10697 = VECTOR('',#10698,1.);
#10698 = DIRECTION('',(-1.110223024625E-16,1.,0.));
#10699 = ORIENTED_EDGE('',*,*,#10700,.F.);
#10700 = EDGE_CURVE('',#10701,#10693,#10703,.T.);
#10701 = VERTEX_POINT('',#10702);
#10702 = CARTESIAN_POINT('',(-0.8,-0.25,0.75));
#10703 = LINE('',#10704,#10705);
#10704 = CARTESIAN_POINT('',(-0.8,-1.355,0.75));
#10705 = VECTOR('',#10706,1.);
#10706 = DIRECTION('',(-1.110223024625E-16,1.,0.));
#10707 = ORIENTED_EDGE('',*,*,#10708,.F.);
#10708 = EDGE_CURVE('',#10709,#10701,#10711,.T.);
#10709 = VERTEX_POINT('',#10710);
#10710 = CARTESIAN_POINT('',(-0.8,-0.7,0.75));
#10711 = LINE('',#10712,#10713);
#10712 = CARTESIAN_POINT('',(-0.8,-1.355,0.75));
#10713 = VECTOR('',#10714,1.);
#10714 = DIRECTION('',(-1.110223024625E-16,1.,0.));
#10715 = ORIENTED_EDGE('',*,*,#10716,.F.);
#10716 = EDGE_CURVE('',#10717,#10709,#10719,.T.);
#10717 = VERTEX_POINT('',#10718);
#10718 = CARTESIAN_POINT('',(-0.8,-1.2,0.75));
#10719 = LINE('',#10720,#10721);
#10720 = CARTESIAN_POINT('',(-0.8,-1.355,0.75));
#10721 = VECTOR('',#10722,1.);
#10722 = DIRECTION('',(-1.110223024625E-16,1.,0.));
#10723 = ORIENTED_EDGE('',*,*,#10724,.F.);
#10724 = EDGE_CURVE('',#10725,#10717,#10727,.T.);
#10725 = VERTEX_POINT('',#10726);
#10726 = CARTESIAN_POINT('',(-0.8,-1.355,0.75));
#10727 = LINE('',#10728,#10729);
#10728 = CARTESIAN_POINT('',(-0.8,-1.355,0.75));
#10729 = VECTOR('',#10730,1.);
#10730 = DIRECTION('',(-1.110223024625E-16,1.,0.));
#10731 = ORIENTED_EDGE('',*,*,#10732,.F.);
#10732 = EDGE_CURVE('',#10570,#10725,#10733,.T.);
#10733 = B_SPLINE_CURVE_WITH_KNOTS('',1,(#10734,#10735),.UNSPECIFIED.,
  .F.,.F.,(2,2),(0.,1.),.PIECEWISE_BEZIER_KNOTS.);
#10734 = CARTESIAN_POINT('',(-0.708648457443,-1.309324228722,0.1));
#10735 = CARTESIAN_POINT('',(-0.8,-1.355,0.75));
#10736 = B_SPLINE_SURFACE_WITH_KNOTS('',1,1,(
    (#10737,#10738)
    ,(#10739,#10740
    )),.UNSPECIFIED.,.F.,.F.,.F.,(2,2),(2,2),(0.,2.71),(0.,1.),
  .PIECEWISE_BEZIER_KNOTS.);
#10737 = CARTESIAN_POINT('',(-0.708648457443,-1.309324228722,0.1));
#10738 = CARTESIAN_POINT('',(-0.8,-1.355,0.75));
#10739 = CARTESIAN_POINT('',(-0.708648457443,1.309324228722,0.1));
#10740 = CARTESIAN_POINT('',(-0.8,1.355,0.75));
#10741 = ADVANCED_FACE('',(#10742),#10791,.F.);
#10742 = FACE_BOUND('',#10743,.F.);
#10743 = EDGE_LOOP('',(#10744,#10745,#10752,#10760,#10768,#10776,#10784,
    #10790));
#10744 = ORIENTED_EDGE('',*,*,#10545,.T.);
#10745 = ORIENTED_EDGE('',*,*,#10746,.T.);
#10746 = EDGE_CURVE('',#10546,#10747,#10749,.T.);
#10747 = VERTEX_POINT('',#10748);
#10748 = CARTESIAN_POINT('',(0.8,-1.355,0.75));
#10749 = B_SPLINE_CURVE_WITH_KNOTS('',1,(#10750,#10751),.UNSPECIFIED.,
  .F.,.F.,(2,2),(0.,1.),.PIECEWISE_BEZIER_KNOTS.);
#10750 = CARTESIAN_POINT('',(0.708648457443,-1.309324228722,0.1));
#10751 = CARTESIAN_POINT('',(0.8,-1.355,0.75));
#10752 = ORIENTED_EDGE('',*,*,#10753,.F.);
#10753 = EDGE_CURVE('',#10754,#10747,#10756,.T.);
#10754 = VERTEX_POINT('',#10755);
#10755 = CARTESIAN_POINT('',(0.8,-1.2,0.75));
#10756 = LINE('',#10757,#10758);
#10757 = CARTESIAN_POINT('',(0.8,1.355,0.75));
#10758 = VECTOR('',#10759,1.);
#10759 = DIRECTION('',(1.110223024625E-16,-1.,0.));
#10760 = ORIENTED_EDGE('',*,*,#10761,.F.);
#10761 = EDGE_CURVE('',#10762,#10754,#10764,.T.);
#10762 = VERTEX_POINT('',#10763);
#10763 = CARTESIAN_POINT('',(0.8,-0.7,0.75));
#10764 = LINE('',#10765,#10766);
#10765 = CARTESIAN_POINT('',(0.8,1.355,0.75));
#10766 = VECTOR('',#10767,1.);
#10767 = DIRECTION('',(1.110223024625E-16,-1.,0.));
#10768 = ORIENTED_EDGE('',*,*,#10769,.F.);
#10769 = EDGE_CURVE('',#10770,#10762,#10772,.T.);
#10770 = VERTEX_POINT('',#10771);
#10771 = CARTESIAN_POINT('',(0.8,0.7,0.75));
#10772 = LINE('',#10773,#10774);
#10773 = CARTESIAN_POINT('',(0.8,1.355,0.75));
#10774 = VECTOR('',#10775,1.);
#10775 = DIRECTION('',(1.110223024625E-16,-1.,0.));
#10776 = ORIENTED_EDGE('',*,*,#10777,.F.);
#10777 = EDGE_CURVE('',#10778,#10770,#10780,.T.);
#10778 = VERTEX_POINT('',#10779);
#10779 = CARTESIAN_POINT('',(0.8,1.2,0.75));
#10780 = LINE('',#10781,#10782);
#10781 = CARTESIAN_POINT('',(0.8,1.355,0.75));
#10782 = VECTOR('',#10783,1.);
#10783 = DIRECTION('',(1.110223024625E-16,-1.,0.));
#10784 = ORIENTED_EDGE('',*,*,#10785,.F.);
#10785 = EDGE_CURVE('',#10601,#10778,#10786,.T.);
#10786 = LINE('',#10787,#10788);
#10787 = CARTESIAN_POINT('',(0.8,1.355,0.75));
#10788 = VECTOR('',#10789,1.);
#10789 = DIRECTION('',(1.110223024625E-16,-1.,0.));
#10790 = ORIENTED_EDGE('',*,*,#10600,.F.);
#10791 = B_SPLINE_SURFACE_WITH_KNOTS('',1,1,(
    (#10792,#10793)
    ,(#10794,#10795
    )),.UNSPECIFIED.,.F.,.F.,.F.,(2,2),(2,2),(0.,2.71),(0.,1.),
  .PIECEWISE_BEZIER_KNOTS.);
#10792 = CARTESIAN_POINT('',(0.708648457443,1.309324228722,0.1));
#10793 = CARTESIAN_POINT('',(0.8,1.355,0.75));
#10794 = CARTESIAN_POINT('',(0.708648457443,-1.309324228722,0.1));
#10795 = CARTESIAN_POINT('',(0.8,-1.355,0.75));
#10796 = ADVANCED_FACE('',(#10797),#10814,.F.);
#10797 = FACE_BOUND('',#10798,.F.);
#10798 = EDGE_LOOP('',(#10799,#10800,#10801,#10809));
#10799 = ORIENTED_EDGE('',*,*,#10569,.T.);
#10800 = ORIENTED_EDGE('',*,*,#10732,.T.);
#10801 = ORIENTED_EDGE('',*,*,#10802,.F.);
#10802 = EDGE_CURVE('',#10803,#10725,#10805,.T.);
#10803 = VERTEX_POINT('',#10804);
#10804 = CARTESIAN_POINT('',(-0.705,-1.45,0.75));
#10805 = LINE('',#10806,#10807);
#10806 = CARTESIAN_POINT('',(-0.705,-1.45,0.75));
#10807 = VECTOR('',#10808,1.);
#10808 = DIRECTION('',(-0.707106781187,0.707106781187,0.));
#10809 = ORIENTED_EDGE('',*,*,#10810,.F.);
#10810 = EDGE_CURVE('',#10562,#10803,#10811,.T.);
#10811 = B_SPLINE_CURVE_WITH_KNOTS('',1,(#10812,#10813),.UNSPECIFIED.,
  .F.,.F.,(2,2),(0.,1.),.PIECEWISE_BEZIER_KNOTS.);
#10812 = CARTESIAN_POINT('',(-0.659324228722,-1.358648457443,0.1));
#10813 = CARTESIAN_POINT('',(-0.705,-1.45,0.75));
#10814 = B_SPLINE_SURFACE_WITH_KNOTS('',1,1,(
    (#10815,#10816)
    ,(#10817,#10818
    )),.UNSPECIFIED.,.F.,.F.,.F.,(2,2),(2,2),(0.,0.134350288425),(0.,1.)
  ,.PIECEWISE_BEZIER_KNOTS.);
#10815 = CARTESIAN_POINT('',(-0.659324228722,-1.358648457443,0.1));
#10816 = CARTESIAN_POINT('',(-0.705,-1.45,0.75));
#10817 = CARTESIAN_POINT('',(-0.708648457443,-1.309324228722,0.1));
#10818 = CARTESIAN_POINT('',(-0.8,-1.355,0.75));
#10819 = ADVANCED_FACE('',(#10820),#10837,.F.);
#10820 = FACE_BOUND('',#10821,.F.);
#10821 = EDGE_LOOP('',(#10822,#10823,#10830,#10836));
#10822 = ORIENTED_EDGE('',*,*,#10553,.T.);
#10823 = ORIENTED_EDGE('',*,*,#10824,.T.);
#10824 = EDGE_CURVE('',#10554,#10825,#10827,.T.);
#10825 = VERTEX_POINT('',#10826);
#10826 = CARTESIAN_POINT('',(0.705,-1.45,0.75));
#10827 = B_SPLINE_CURVE_WITH_KNOTS('',1,(#10828,#10829),.UNSPECIFIED.,
  .F.,.F.,(2,2),(0.,1.),.PIECEWISE_BEZIER_KNOTS.);
#10828 = CARTESIAN_POINT('',(0.659324228722,-1.358648457443,0.1));
#10829 = CARTESIAN_POINT('',(0.705,-1.45,0.75));
#10830 = ORIENTED_EDGE('',*,*,#10831,.F.);
#10831 = EDGE_CURVE('',#10747,#10825,#10832,.T.);
#10832 = LINE('',#10833,#10834);
#10833 = CARTESIAN_POINT('',(0.8,-1.355,0.75));
#10834 = VECTOR('',#10835,1.);
#10835 = DIRECTION('',(-0.707106781187,-0.707106781187,0.));
#10836 = ORIENTED_EDGE('',*,*,#10746,.F.);
#10837 = B_SPLINE_SURFACE_WITH_KNOTS('',1,1,(
    (#10838,#10839)
    ,(#10840,#10841
    )),.UNSPECIFIED.,.F.,.F.,.F.,(2,2),(2,2),(0.,0.134350288425),(0.,1.)
  ,.PIECEWISE_BEZIER_KNOTS.);
#10838 = CARTESIAN_POINT('',(0.708648457443,-1.309324228722,0.1));
#10839 = CARTESIAN_POINT('',(0.8,-1.355,0.75));
#10840 = CARTESIAN_POINT('',(0.659324228722,-1.358648457443,0.1));
#10841 = CARTESIAN_POINT('',(0.705,-1.45,0.75));
#10842 = ADVANCED_FACE('',(#10843),#10854,.F.);
#10843 = FACE_BOUND('',#10844,.F.);
#10844 = EDGE_LOOP('',(#10845,#10846,#10847,#10853));
#10845 = ORIENTED_EDGE('',*,*,#10561,.T.);
#10846 = ORIENTED_EDGE('',*,*,#10810,.T.);
#10847 = ORIENTED_EDGE('',*,*,#10848,.F.);
#10848 = EDGE_CURVE('',#10825,#10803,#10849,.T.);
#10849 = LINE('',#10850,#10851);
#10850 = CARTESIAN_POINT('',(0.705,-1.45,0.75));
#10851 = VECTOR('',#10852,1.);
#10852 = DIRECTION('',(-1.,-1.110223024625E-16,0.));
#10853 = ORIENTED_EDGE('',*,*,#10824,.F.);
#10854 = B_SPLINE_SURFACE_WITH_KNOTS('',1,1,(
    (#10855,#10856)
    ,(#10857,#10858
    )),.UNSPECIFIED.,.F.,.F.,.F.,(2,2),(2,2),(0.,1.41),(0.,1.),
  .PIECEWISE_BEZIER_KNOTS.);
#10855 = CARTESIAN_POINT('',(0.659324228722,-1.358648457443,0.1));
#10856 = CARTESIAN_POINT('',(0.705,-1.45,0.75));
#10857 = CARTESIAN_POINT('',(-0.659324228722,-1.358648457443,0.1));
#10858 = CARTESIAN_POINT('',(-0.705,-1.45,0.75));
#10859 = ADVANCED_FACE('',(#10860),#10877,.F.);
#10860 = FACE_BOUND('',#10861,.F.);
#10861 = EDGE_LOOP('',(#10862,#10863,#10870,#10876));
#10862 = ORIENTED_EDGE('',*,*,#10607,.T.);
#10863 = ORIENTED_EDGE('',*,*,#10864,.T.);
#10864 = EDGE_CURVE('',#10601,#10865,#10867,.T.);
#10865 = VERTEX_POINT('',#10866);
#10866 = CARTESIAN_POINT('',(0.8,1.355,0.9));
#10867 = B_SPLINE_CURVE_WITH_KNOTS('',1,(#10868,#10869),.UNSPECIFIED.,
  .F.,.F.,(2,2),(0.,1.),.PIECEWISE_BEZIER_KNOTS.);
#10868 = CARTESIAN_POINT('',(0.8,1.355,0.75));
#10869 = CARTESIAN_POINT('',(0.8,1.355,0.9));
#10870 = ORIENTED_EDGE('',*,*,#10871,.F.);
#10871 = EDGE_CURVE('',#10624,#10865,#10872,.T.);
#10872 = LINE('',#10873,#10874);
#10873 = CARTESIAN_POINT('',(0.705,1.45,0.9));
#10874 = VECTOR('',#10875,1.);
#10875 = DIRECTION('',(0.707106781187,-0.707106781187,0.));
#10876 = ORIENTED_EDGE('',*,*,#10623,.F.);
#10877 = PLANE('',#10878);
#10878 = AXIS2_PLACEMENT_3D('',#10879,#10880,#10881);
#10879 = CARTESIAN_POINT('',(0.705,1.45,0.9));
#10880 = DIRECTION('',(-0.707106781187,-0.707106781187,0.));
#10881 = DIRECTION('',(0.707106781187,-0.707106781187,0.));
#10882 = ADVANCED_FACE('',(#10883),#10965,.F.);
#10883 = FACE_BOUND('',#10884,.F.);
#10884 = EDGE_LOOP('',(#10885,#10893,#10894,#10895,#10903,#10911,#10919,
    #10927,#10935,#10943,#10951,#10959));
#10885 = ORIENTED_EDGE('',*,*,#10886,.T.);
#10886 = EDGE_CURVE('',#10887,#10631,#10889,.T.);
#10887 = VERTEX_POINT('',#10888);
#10888 = CARTESIAN_POINT('',(-0.8,1.355,0.9));
#10889 = LINE('',#10890,#10891);
#10890 = CARTESIAN_POINT('',(-0.8,1.355,0.9));
#10891 = VECTOR('',#10892,1.);
#10892 = DIRECTION('',(0.707106781187,0.707106781187,0.));
#10893 = ORIENTED_EDGE('',*,*,#10630,.T.);
#10894 = ORIENTED_EDGE('',*,*,#10871,.T.);
#10895 = ORIENTED_EDGE('',*,*,#10896,.T.);
#10896 = EDGE_CURVE('',#10865,#10897,#10899,.T.);
#10897 = VERTEX_POINT('',#10898);
#10898 = CARTESIAN_POINT('',(0.8,1.2,0.9));
#10899 = LINE('',#10900,#10901);
#10900 = CARTESIAN_POINT('',(0.8,1.355,0.9));
#10901 = VECTOR('',#10902,1.);
#10902 = DIRECTION('',(1.110223024625E-16,-1.,0.));
#10903 = ORIENTED_EDGE('',*,*,#10904,.T.);
#10904 = EDGE_CURVE('',#10897,#10905,#10907,.T.);
#10905 = VERTEX_POINT('',#10906);
#10906 = CARTESIAN_POINT('',(0.775,1.2,0.9));
#10907 = LINE('',#10908,#10909);
#10908 = CARTESIAN_POINT('',(0.85,1.2,0.9));
#10909 = VECTOR('',#10910,1.);
#10910 = DIRECTION('',(-1.,-1.110223024625E-16,0.));
#10911 = ORIENTED_EDGE('',*,*,#10912,.F.);
#10912 = EDGE_CURVE('',#10913,#10905,#10915,.T.);
#10913 = VERTEX_POINT('',#10914);
#10914 = CARTESIAN_POINT('',(0.775,1.3425,0.9));
#10915 = LINE('',#10916,#10917);
#10916 = CARTESIAN_POINT('',(0.775,1.3425,0.9));
#10917 = VECTOR('',#10918,1.);
#10918 = DIRECTION('',(1.110223024625E-16,-1.,0.));
#10919 = ORIENTED_EDGE('',*,*,#10920,.F.);
#10920 = EDGE_CURVE('',#10921,#10913,#10923,.T.);
#10921 = VERTEX_POINT('',#10922);
#10922 = CARTESIAN_POINT('',(0.6925,1.425,0.9));
#10923 = LINE('',#10924,#10925);
#10924 = CARTESIAN_POINT('',(0.6925,1.425,0.9));
#10925 = VECTOR('',#10926,1.);
#10926 = DIRECTION('',(0.707106781187,-0.707106781187,0.));
#10927 = ORIENTED_EDGE('',*,*,#10928,.F.);
#10928 = EDGE_CURVE('',#10929,#10921,#10931,.T.);
#10929 = VERTEX_POINT('',#10930);
#10930 = CARTESIAN_POINT('',(-0.6925,1.425,0.9));
#10931 = LINE('',#10932,#10933);
#10932 = CARTESIAN_POINT('',(-0.6925,1.425,0.9));
#10933 = VECTOR('',#10934,1.);
#10934 = DIRECTION('',(1.,1.110223024625E-16,0.));
#10935 = ORIENTED_EDGE('',*,*,#10936,.F.);
#10936 = EDGE_CURVE('',#10937,#10929,#10939,.T.);
#10937 = VERTEX_POINT('',#10938);
#10938 = CARTESIAN_POINT('',(-0.775,1.3425,0.9));
#10939 = LINE('',#10940,#10941);
#10940 = CARTESIAN_POINT('',(-0.775,1.3425,0.9));
#10941 = VECTOR('',#10942,1.);
#10942 = DIRECTION('',(0.707106781187,0.707106781187,0.));
#10943 = ORIENTED_EDGE('',*,*,#10944,.F.);
#10944 = EDGE_CURVE('',#10945,#10937,#10947,.T.);
#10945 = VERTEX_POINT('',#10946);
#10946 = CARTESIAN_POINT('',(-0.775,1.2,0.9));
#10947 = LINE('',#10948,#10949);
#10948 = CARTESIAN_POINT('',(-0.775,-1.3425,0.9));
#10949 = VECTOR('',#10950,1.);
#10950 = DIRECTION('',(-1.110223024625E-16,1.,0.));
#10951 = ORIENTED_EDGE('',*,*,#10952,.F.);
#10952 = EDGE_CURVE('',#10953,#10945,#10955,.T.);
#10953 = VERTEX_POINT('',#10954);
#10954 = CARTESIAN_POINT('',(-0.8,1.2,0.9));
#10955 = LINE('',#10956,#10957);
#10956 = CARTESIAN_POINT('',(-0.85,1.2,0.9));
#10957 = VECTOR('',#10958,1.);
#10958 = DIRECTION('',(1.,-1.144237745222E-17,0.));
#10959 = ORIENTED_EDGE('',*,*,#10960,.T.);
#10960 = EDGE_CURVE('',#10953,#10887,#10961,.T.);
#10961 = LINE('',#10962,#10963);
#10962 = CARTESIAN_POINT('',(-0.8,-1.355,0.9));
#10963 = VECTOR('',#10964,1.);
#10964 = DIRECTION('',(-1.110223024625E-16,1.,0.));
#10965 = PLANE('',#10966);
#10966 = AXIS2_PLACEMENT_3D('',#10967,#10968,#10969);
#10967 = CARTESIAN_POINT('',(-2.091417030376E-16,1.4375,0.9));
#10968 = DIRECTION('',(4.595758349624E-18,6.551522493592E-27,-1.));
#10969 = DIRECTION('',(1.,1.51922136901E-16,4.595758349624E-18));
#10970 = ADVANCED_FACE('',(#10971),#10981,.F.);
#10971 = FACE_BOUND('',#10972,.F.);
#10972 = EDGE_LOOP('',(#10973,#10974,#10975,#10976));
#10973 = ORIENTED_EDGE('',*,*,#10653,.T.);
#10974 = ORIENTED_EDGE('',*,*,#10638,.T.);
#10975 = ORIENTED_EDGE('',*,*,#10886,.F.);
#10976 = ORIENTED_EDGE('',*,*,#10977,.F.);
#10977 = EDGE_CURVE('',#10654,#10887,#10978,.T.);
#10978 = B_SPLINE_CURVE_WITH_KNOTS('',1,(#10979,#10980),.UNSPECIFIED.,
  .F.,.F.,(2,2),(0.,1.),.PIECEWISE_BEZIER_KNOTS.);
#10979 = CARTESIAN_POINT('',(-0.8,1.355,0.75));
#10980 = CARTESIAN_POINT('',(-0.8,1.355,0.9));
#10981 = PLANE('',#10982);
#10982 = AXIS2_PLACEMENT_3D('',#10983,#10984,#10985);
#10983 = CARTESIAN_POINT('',(-0.8,1.355,0.9));
#10984 = DIRECTION('',(0.707106781187,-0.707106781187,0.));
#10985 = DIRECTION('',(0.707106781187,0.707106781187,0.));
#10986 = ADVANCED_FACE('',(#10987),#11011,.F.);
#10987 = FACE_BOUND('',#10988,.F.);
#10988 = EDGE_LOOP('',(#10989,#10996,#10997,#11005));
#10989 = ORIENTED_EDGE('',*,*,#10990,.F.);
#10990 = EDGE_CURVE('',#10725,#10991,#10993,.T.);
#10991 = VERTEX_POINT('',#10992);
#10992 = CARTESIAN_POINT('',(-0.8,-1.355,0.9));
#10993 = B_SPLINE_CURVE_WITH_KNOTS('',1,(#10994,#10995),.UNSPECIFIED.,
  .F.,.F.,(2,2),(0.,1.),.PIECEWISE_BEZIER_KNOTS.);
#10994 = CARTESIAN_POINT('',(-0.8,-1.355,0.75));
#10995 = CARTESIAN_POINT('',(-0.8,-1.355,0.9));
#10996 = ORIENTED_EDGE('',*,*,#10724,.T.);
#10997 = ORIENTED_EDGE('',*,*,#10998,.T.);
#10998 = EDGE_CURVE('',#10717,#10999,#11001,.T.);
#10999 = VERTEX_POINT('',#11000);
#11000 = CARTESIAN_POINT('',(-0.8,-1.2,0.9));
#11001 = LINE('',#11002,#11003);
#11002 = CARTESIAN_POINT('',(-0.8,-1.2,0.670847817658));
#11003 = VECTOR('',#11004,1.);
#11004 = DIRECTION('',(0.,0.,1.));
#11005 = ORIENTED_EDGE('',*,*,#11006,.F.);
#11006 = EDGE_CURVE('',#10991,#10999,#11007,.T.);
#11007 = LINE('',#11008,#11009);
#11008 = CARTESIAN_POINT('',(-0.8,-1.355,0.9));
#11009 = VECTOR('',#11010,1.);
#11010 = DIRECTION('',(-1.110223024625E-16,1.,0.));
#11011 = PLANE('',#11012);
#11012 = AXIS2_PLACEMENT_3D('',#11013,#11014,#11015);
#11013 = CARTESIAN_POINT('',(-0.8,-1.355,0.9));
#11014 = DIRECTION('',(1.,1.110223024625E-16,0.));
#11015 = DIRECTION('',(-1.110223024625E-16,1.,0.));
#11016 = ADVANCED_FACE('',(#11017),#11042,.F.);
#11017 = FACE_BOUND('',#11018,.F.);
#11018 = EDGE_LOOP('',(#11019,#11027,#11028,#11036));
#11019 = ORIENTED_EDGE('',*,*,#11020,.F.);
#11020 = EDGE_CURVE('',#10717,#11021,#11023,.T.);
#11021 = VERTEX_POINT('',#11022);
#11022 = CARTESIAN_POINT('',(-0.85,-1.2,0.75));
#11023 = LINE('',#11024,#11025);
#11024 = CARTESIAN_POINT('',(-0.75,-1.2,0.75));
#11025 = VECTOR('',#11026,1.);
#11026 = DIRECTION('',(-1.,1.144237745222E-17,0.));
#11027 = ORIENTED_EDGE('',*,*,#10716,.T.);
#11028 = ORIENTED_EDGE('',*,*,#11029,.T.);
#11029 = EDGE_CURVE('',#10709,#11030,#11032,.T.);
#11030 = VERTEX_POINT('',#11031);
#11031 = CARTESIAN_POINT('',(-0.85,-0.7,0.75));
#11032 = LINE('',#11033,#11034);
#11033 = CARTESIAN_POINT('',(-0.75,-0.7,0.75));
#11034 = VECTOR('',#11035,1.);
#11035 = DIRECTION('',(-1.,1.144237745222E-17,0.));
#11036 = ORIENTED_EDGE('',*,*,#11037,.F.);
#11037 = EDGE_CURVE('',#11021,#11030,#11038,.T.);
#11038 = LINE('',#11039,#11040);
#11039 = CARTESIAN_POINT('',(-0.85,-1.2,0.75));
#11040 = VECTOR('',#11041,1.);
#11041 = DIRECTION('',(1.144237745222E-17,1.,0.));
#11042 = PLANE('',#11043);
#11043 = AXIS2_PLACEMENT_3D('',#11044,#11045,#11046);
#11044 = CARTESIAN_POINT('',(-0.75,-1.2,0.75));
#11045 = DIRECTION('',(0.,0.,1.));
#11046 = DIRECTION('',(-1.,1.144237745222E-17,0.));
#11047 = ADVANCED_FACE('',(#11048),#11073,.F.);
#11048 = FACE_BOUND('',#11049,.F.);
#11049 = EDGE_LOOP('',(#11050,#11058,#11059,#11067));
#11050 = ORIENTED_EDGE('',*,*,#11051,.F.);
#11051 = EDGE_CURVE('',#10709,#11052,#11054,.T.);
#11052 = VERTEX_POINT('',#11053);
#11053 = CARTESIAN_POINT('',(-0.8,-0.7,0.9));
#11054 = LINE('',#11055,#11056);
#11055 = CARTESIAN_POINT('',(-0.8,-0.7,0.670847817658));
#11056 = VECTOR('',#11057,1.);
#11057 = DIRECTION('',(0.,0.,1.));
#11058 = ORIENTED_EDGE('',*,*,#10708,.T.);
#11059 = ORIENTED_EDGE('',*,*,#11060,.T.);
#11060 = EDGE_CURVE('',#10701,#11061,#11063,.T.);
#11061 = VERTEX_POINT('',#11062);
#11062 = CARTESIAN_POINT('',(-0.8,-0.25,0.9));
#11063 = LINE('',#11064,#11065);
#11064 = CARTESIAN_POINT('',(-0.8,-0.25,0.670847817658));
#11065 = VECTOR('',#11066,1.);
#11066 = DIRECTION('',(0.,0.,1.));
#11067 = ORIENTED_EDGE('',*,*,#11068,.F.);
#11068 = EDGE_CURVE('',#11052,#11061,#11069,.T.);
#11069 = LINE('',#11070,#11071);
#11070 = CARTESIAN_POINT('',(-0.8,-1.355,0.9));
#11071 = VECTOR('',#11072,1.);
#11072 = DIRECTION('',(-1.110223024625E-16,1.,0.));
#11073 = PLANE('',#11074);
#11074 = AXIS2_PLACEMENT_3D('',#11075,#11076,#11077);
#11075 = CARTESIAN_POINT('',(-0.8,-1.355,0.9));
#11076 = DIRECTION('',(1.,1.110223024625E-16,0.));
#11077 = DIRECTION('',(-1.110223024625E-16,1.,0.));
#11078 = ADVANCED_FACE('',(#11079),#11104,.F.);
#11079 = FACE_BOUND('',#11080,.F.);
#11080 = EDGE_LOOP('',(#11081,#11089,#11090,#11098));
#11081 = ORIENTED_EDGE('',*,*,#11082,.F.);
#11082 = EDGE_CURVE('',#10701,#11083,#11085,.T.);
#11083 = VERTEX_POINT('',#11084);
#11084 = CARTESIAN_POINT('',(-0.85,-0.25,0.75));
#11085 = LINE('',#11086,#11087);
#11086 = CARTESIAN_POINT('',(-0.75,-0.25,0.75));
#11087 = VECTOR('',#11088,1.);
#11088 = DIRECTION('',(-1.,1.144237745222E-17,0.));
#11089 = ORIENTED_EDGE('',*,*,#10700,.T.);
#11090 = ORIENTED_EDGE('',*,*,#11091,.T.);
#11091 = EDGE_CURVE('',#10693,#11092,#11094,.T.);
#11092 = VERTEX_POINT('',#11093);
#11093 = CARTESIAN_POINT('',(-0.85,0.25,0.75));
#11094 = LINE('',#11095,#11096);
#11095 = CARTESIAN_POINT('',(-0.75,0.25,0.75));
#11096 = VECTOR('',#11097,1.);
#11097 = DIRECTION('',(-1.,1.144237745222E-17,0.));
#11098 = ORIENTED_EDGE('',*,*,#11099,.F.);
#11099 = EDGE_CURVE('',#11083,#11092,#11100,.T.);
#11100 = LINE('',#11101,#11102);
#11101 = CARTESIAN_POINT('',(-0.85,-0.25,0.75));
#11102 = VECTOR('',#11103,1.);
#11103 = DIRECTION('',(1.144237745222E-17,1.,0.));
#11104 = PLANE('',#11105);
#11105 = AXIS2_PLACEMENT_3D('',#11106,#11107,#11108);
#11106 = CARTESIAN_POINT('',(-0.75,-0.25,0.75));
#11107 = DIRECTION('',(0.,0.,1.));
#11108 = DIRECTION('',(-1.,1.144237745222E-17,0.));
#11109 = ADVANCED_FACE('',(#11110),#11135,.F.);
#11110 = FACE_BOUND('',#11111,.F.);
#11111 = EDGE_LOOP('',(#11112,#11120,#11121,#11129));
#11112 = ORIENTED_EDGE('',*,*,#11113,.F.);
#11113 = EDGE_CURVE('',#10693,#11114,#11116,.T.);
#11114 = VERTEX_POINT('',#11115);
#11115 = CARTESIAN_POINT('',(-0.8,0.25,0.9));
#11116 = LINE('',#11117,#11118);
#11117 = CARTESIAN_POINT('',(-0.8,0.25,0.670847817658));
#11118 = VECTOR('',#11119,1.);
#11119 = DIRECTION('',(0.,0.,1.));
#11120 = ORIENTED_EDGE('',*,*,#10692,.T.);
#11121 = ORIENTED_EDGE('',*,*,#11122,.T.);
#11122 = EDGE_CURVE('',#10685,#11123,#11125,.T.);
#11123 = VERTEX_POINT('',#11124);
#11124 = CARTESIAN_POINT('',(-0.8,0.7,0.9));
#11125 = LINE('',#11126,#11127);
#11126 = CARTESIAN_POINT('',(-0.8,0.7,0.670847817658));
#11127 = VECTOR('',#11128,1.);
#11128 = DIRECTION('',(0.,0.,1.));
#11129 = ORIENTED_EDGE('',*,*,#11130,.F.);
#11130 = EDGE_CURVE('',#11114,#11123,#11131,.T.);
#11131 = LINE('',#11132,#11133);
#11132 = CARTESIAN_POINT('',(-0.8,-1.355,0.9));
#11133 = VECTOR('',#11134,1.);
#11134 = DIRECTION('',(-1.110223024625E-16,1.,0.));
#11135 = PLANE('',#11136);
#11136 = AXIS2_PLACEMENT_3D('',#11137,#11138,#11139);
#11137 = CARTESIAN_POINT('',(-0.8,-1.355,0.9));
#11138 = DIRECTION('',(1.,1.110223024625E-16,0.));
#11139 = DIRECTION('',(-1.110223024625E-16,1.,0.));
#11140 = ADVANCED_FACE('',(#11141),#11166,.F.);
#11141 = FACE_BOUND('',#11142,.F.);
#11142 = EDGE_LOOP('',(#11143,#11151,#11152,#11160));
#11143 = ORIENTED_EDGE('',*,*,#11144,.F.);
#11144 = EDGE_CURVE('',#10685,#11145,#11147,.T.);
#11145 = VERTEX_POINT('',#11146);
#11146 = CARTESIAN_POINT('',(-0.85,0.7,0.75));
#11147 = LINE('',#11148,#11149);
#11148 = CARTESIAN_POINT('',(-0.75,0.7,0.75));
#11149 = VECTOR('',#11150,1.);
#11150 = DIRECTION('',(-1.,1.144237745222E-17,0.));
#11151 = ORIENTED_EDGE('',*,*,#10684,.T.);
#11152 = ORIENTED_EDGE('',*,*,#11153,.T.);
#11153 = EDGE_CURVE('',#10677,#11154,#11156,.T.);
#11154 = VERTEX_POINT('',#11155);
#11155 = CARTESIAN_POINT('',(-0.85,1.2,0.75));
#11156 = LINE('',#11157,#11158);
#11157 = CARTESIAN_POINT('',(-0.75,1.2,0.75));
#11158 = VECTOR('',#11159,1.);
#11159 = DIRECTION('',(-1.,1.144237745222E-17,0.));
#11160 = ORIENTED_EDGE('',*,*,#11161,.F.);
#11161 = EDGE_CURVE('',#11145,#11154,#11162,.T.);
#11162 = LINE('',#11163,#11164);
#11163 = CARTESIAN_POINT('',(-0.85,0.7,0.75));
#11164 = VECTOR('',#11165,1.);
#11165 = DIRECTION('',(1.144237745222E-17,1.,0.));
#11166 = PLANE('',#11167);
#11167 = AXIS2_PLACEMENT_3D('',#11168,#11169,#11170);
#11168 = CARTESIAN_POINT('',(-0.75,0.7,0.75));
#11169 = DIRECTION('',(0.,0.,1.));
#11170 = DIRECTION('',(-1.,1.144237745222E-17,0.));
#11171 = ADVANCED_FACE('',(#11172),#11183,.F.);
#11172 = FACE_BOUND('',#11173,.F.);
#11173 = EDGE_LOOP('',(#11174,#11180,#11181,#11182));
#11174 = ORIENTED_EDGE('',*,*,#11175,.F.);
#11175 = EDGE_CURVE('',#10677,#10953,#11176,.T.);
#11176 = LINE('',#11177,#11178);
#11177 = CARTESIAN_POINT('',(-0.8,1.2,0.670847817658));
#11178 = VECTOR('',#11179,1.);
#11179 = DIRECTION('',(0.,0.,1.));
#11180 = ORIENTED_EDGE('',*,*,#10676,.T.);
#11181 = ORIENTED_EDGE('',*,*,#10977,.T.);
#11182 = ORIENTED_EDGE('',*,*,#10960,.F.);
#11183 = PLANE('',#11184);
#11184 = AXIS2_PLACEMENT_3D('',#11185,#11186,#11187);
#11185 = CARTESIAN_POINT('',(-0.8,-1.355,0.9));
#11186 = DIRECTION('',(1.,1.110223024625E-16,0.));
#11187 = DIRECTION('',(-1.110223024625E-16,1.,0.));
#11188 = ADVANCED_FACE('',(#11189),#11200,.F.);
#11189 = FACE_BOUND('',#11190,.F.);
#11190 = EDGE_LOOP('',(#11191,#11192,#11193,#11199));
#11191 = ORIENTED_EDGE('',*,*,#10864,.F.);
#11192 = ORIENTED_EDGE('',*,*,#10785,.T.);
#11193 = ORIENTED_EDGE('',*,*,#11194,.T.);
#11194 = EDGE_CURVE('',#10778,#10897,#11195,.T.);
#11195 = LINE('',#11196,#11197);
#11196 = CARTESIAN_POINT('',(0.8,1.2,0.670847817658));
#11197 = VECTOR('',#11198,1.);
#11198 = DIRECTION('',(0.,0.,1.));
#11199 = ORIENTED_EDGE('',*,*,#10896,.F.);
#11200 = PLANE('',#11201);
#11201 = AXIS2_PLACEMENT_3D('',#11202,#11203,#11204);
#11202 = CARTESIAN_POINT('',(0.8,1.355,0.9));
#11203 = DIRECTION('',(-1.,-1.110223024625E-16,0.));
#11204 = DIRECTION('',(1.110223024625E-16,-1.,0.));
#11205 = ADVANCED_FACE('',(#11206),#11231,.F.);
#11206 = FACE_BOUND('',#11207,.F.);
#11207 = EDGE_LOOP('',(#11208,#11216,#11217,#11225));
#11208 = ORIENTED_EDGE('',*,*,#11209,.F.);
#11209 = EDGE_CURVE('',#10778,#11210,#11212,.T.);
#11210 = VERTEX_POINT('',#11211);
#11211 = CARTESIAN_POINT('',(0.85,1.2,0.75));
#11212 = LINE('',#11213,#11214);
#11213 = CARTESIAN_POINT('',(0.75,1.2,0.75));
#11214 = VECTOR('',#11215,1.);
#11215 = DIRECTION('',(1.,1.110223024625E-16,0.));
#11216 = ORIENTED_EDGE('',*,*,#10777,.T.);
#11217 = ORIENTED_EDGE('',*,*,#11218,.T.);
#11218 = EDGE_CURVE('',#10770,#11219,#11221,.T.);
#11219 = VERTEX_POINT('',#11220);
#11220 = CARTESIAN_POINT('',(0.85,0.7,0.75));
#11221 = LINE('',#11222,#11223);
#11222 = CARTESIAN_POINT('',(0.75,0.7,0.75));
#11223 = VECTOR('',#11224,1.);
#11224 = DIRECTION('',(1.,1.110223024625E-16,0.));
#11225 = ORIENTED_EDGE('',*,*,#11226,.F.);
#11226 = EDGE_CURVE('',#11210,#11219,#11227,.T.);
#11227 = LINE('',#11228,#11229);
#11228 = CARTESIAN_POINT('',(0.85,1.2,0.75));
#11229 = VECTOR('',#11230,1.);
#11230 = DIRECTION('',(1.110223024625E-16,-1.,0.));
#11231 = PLANE('',#11232);
#11232 = AXIS2_PLACEMENT_3D('',#11233,#11234,#11235);
#11233 = CARTESIAN_POINT('',(0.75,1.2,0.75));
#11234 = DIRECTION('',(0.,0.,1.));
#11235 = DIRECTION('',(1.,1.110223024625E-16,-0.));
#11236 = ADVANCED_FACE('',(#11237),#11262,.F.);
#11237 = FACE_BOUND('',#11238,.F.);
#11238 = EDGE_LOOP('',(#11239,#11247,#11248,#11256));
#11239 = ORIENTED_EDGE('',*,*,#11240,.F.);
#11240 = EDGE_CURVE('',#10770,#11241,#11243,.T.);
#11241 = VERTEX_POINT('',#11242);
#11242 = CARTESIAN_POINT('',(0.8,0.7,0.9));
#11243 = LINE('',#11244,#11245);
#11244 = CARTESIAN_POINT('',(0.8,0.7,0.670847817658));
#11245 = VECTOR('',#11246,1.);
#11246 = DIRECTION('',(0.,0.,1.));
#11247 = ORIENTED_EDGE('',*,*,#10769,.T.);
#11248 = ORIENTED_EDGE('',*,*,#11249,.T.);
#11249 = EDGE_CURVE('',#10762,#11250,#11252,.T.);
#11250 = VERTEX_POINT('',#11251);
#11251 = CARTESIAN_POINT('',(0.8,-0.7,0.9));
#11252 = LINE('',#11253,#11254);
#11253 = CARTESIAN_POINT('',(0.8,-0.7,0.670847817658));
#11254 = VECTOR('',#11255,1.);
#11255 = DIRECTION('',(0.,0.,1.));
#11256 = ORIENTED_EDGE('',*,*,#11257,.F.);
#11257 = EDGE_CURVE('',#11241,#11250,#11258,.T.);
#11258 = LINE('',#11259,#11260);
#11259 = CARTESIAN_POINT('',(0.8,1.355,0.9));
#11260 = VECTOR('',#11261,1.);
#11261 = DIRECTION('',(1.110223024625E-16,-1.,0.));
#11262 = PLANE('',#11263);
#11263 = AXIS2_PLACEMENT_3D('',#11264,#11265,#11266);
#11264 = CARTESIAN_POINT('',(0.8,1.355,0.9));
#11265 = DIRECTION('',(-1.,-1.110223024625E-16,0.));
#11266 = DIRECTION('',(1.110223024625E-16,-1.,0.));
#11267 = ADVANCED_FACE('',(#11268),#11293,.F.);
#11268 = FACE_BOUND('',#11269,.F.);
#11269 = EDGE_LOOP('',(#11270,#11278,#11279,#11287));
#11270 = ORIENTED_EDGE('',*,*,#11271,.F.);
#11271 = EDGE_CURVE('',#10762,#11272,#11274,.T.);
#11272 = VERTEX_POINT('',#11273);
#11273 = CARTESIAN_POINT('',(0.85,-0.7,0.75));
#11274 = LINE('',#11275,#11276);
#11275 = CARTESIAN_POINT('',(0.75,-0.7,0.75));
#11276 = VECTOR('',#11277,1.);
#11277 = DIRECTION('',(1.,1.110223024625E-16,0.));
#11278 = ORIENTED_EDGE('',*,*,#10761,.T.);
#11279 = ORIENTED_EDGE('',*,*,#11280,.T.);
#11280 = EDGE_CURVE('',#10754,#11281,#11283,.T.);
#11281 = VERTEX_POINT('',#11282);
#11282 = CARTESIAN_POINT('',(0.85,-1.2,0.75));
#11283 = LINE('',#11284,#11285);
#11284 = CARTESIAN_POINT('',(0.75,-1.2,0.75));
#11285 = VECTOR('',#11286,1.);
#11286 = DIRECTION('',(1.,1.110223024625E-16,0.));
#11287 = ORIENTED_EDGE('',*,*,#11288,.F.);
#11288 = EDGE_CURVE('',#11272,#11281,#11289,.T.);
#11289 = LINE('',#11290,#11291);
#11290 = CARTESIAN_POINT('',(0.85,-0.7,0.75));
#11291 = VECTOR('',#11292,1.);
#11292 = DIRECTION('',(1.110223024625E-16,-1.,0.));
#11293 = PLANE('',#11294);
#11294 = AXIS2_PLACEMENT_3D('',#11295,#11296,#11297);
#11295 = CARTESIAN_POINT('',(0.75,-0.7,0.75));
#11296 = DIRECTION('',(0.,0.,1.));
#11297 = DIRECTION('',(1.,1.110223024625E-16,-0.));
#11298 = ADVANCED_FACE('',(#11299),#11323,.F.);
#11299 = FACE_BOUND('',#11300,.F.);
#11300 = EDGE_LOOP('',(#11301,#11309,#11310,#11317));
#11301 = ORIENTED_EDGE('',*,*,#11302,.F.);
#11302 = EDGE_CURVE('',#10754,#11303,#11305,.T.);
#11303 = VERTEX_POINT('',#11304);
#11304 = CARTESIAN_POINT('',(0.8,-1.2,0.9));
#11305 = LINE('',#11306,#11307);
#11306 = CARTESIAN_POINT('',(0.8,-1.2,0.670847817658));
#11307 = VECTOR('',#11308,1.);
#11308 = DIRECTION('',(0.,0.,1.));
#11309 = ORIENTED_EDGE('',*,*,#10753,.T.);
#11310 = ORIENTED_EDGE('',*,*,#11311,.T.);
#11311 = EDGE_CURVE('',#10747,#11312,#11314,.T.);
#11312 = VERTEX_POINT('',#11313);
#11313 = CARTESIAN_POINT('',(0.8,-1.355,0.9));
#11314 = B_SPLINE_CURVE_WITH_KNOTS('',1,(#11315,#11316),.UNSPECIFIED.,
  .F.,.F.,(2,2),(0.,1.),.PIECEWISE_BEZIER_KNOTS.);
#11315 = CARTESIAN_POINT('',(0.8,-1.355,0.75));
#11316 = CARTESIAN_POINT('',(0.8,-1.355,0.9));
#11317 = ORIENTED_EDGE('',*,*,#11318,.F.);
#11318 = EDGE_CURVE('',#11303,#11312,#11319,.T.);
#11319 = LINE('',#11320,#11321);
#11320 = CARTESIAN_POINT('',(0.8,1.355,0.9));
#11321 = VECTOR('',#11322,1.);
#11322 = DIRECTION('',(1.110223024625E-16,-1.,0.));
#11323 = PLANE('',#11324);
#11324 = AXIS2_PLACEMENT_3D('',#11325,#11326,#11327);
#11325 = CARTESIAN_POINT('',(0.8,1.355,0.9));
#11326 = DIRECTION('',(-1.,-1.110223024625E-16,0.));
#11327 = DIRECTION('',(1.110223024625E-16,-1.,0.));
#11328 = ADVANCED_FACE('',(#11329),#11346,.F.);
#11329 = FACE_BOUND('',#11330,.F.);
#11330 = EDGE_LOOP('',(#11331,#11332,#11333,#11341));
#11331 = ORIENTED_EDGE('',*,*,#10802,.T.);
#11332 = ORIENTED_EDGE('',*,*,#10990,.T.);
#11333 = ORIENTED_EDGE('',*,*,#11334,.F.);
#11334 = EDGE_CURVE('',#11335,#10991,#11337,.T.);
#11335 = VERTEX_POINT('',#11336);
#11336 = CARTESIAN_POINT('',(-0.705,-1.45,0.9));
#11337 = LINE('',#11338,#11339);
#11338 = CARTESIAN_POINT('',(-0.705,-1.45,0.9));
#11339 = VECTOR('',#11340,1.);
#11340 = DIRECTION('',(-0.707106781187,0.707106781187,0.));
#11341 = ORIENTED_EDGE('',*,*,#11342,.F.);
#11342 = EDGE_CURVE('',#10803,#11335,#11343,.T.);
#11343 = B_SPLINE_CURVE_WITH_KNOTS('',1,(#11344,#11345),.UNSPECIFIED.,
  .F.,.F.,(2,2),(0.,1.),.PIECEWISE_BEZIER_KNOTS.);
#11344 = CARTESIAN_POINT('',(-0.705,-1.45,0.75));
#11345 = CARTESIAN_POINT('',(-0.705,-1.45,0.9));
#11346 = PLANE('',#11347);
#11347 = AXIS2_PLACEMENT_3D('',#11348,#11349,#11350);
#11348 = CARTESIAN_POINT('',(-0.705,-1.45,0.9));
#11349 = DIRECTION('',(0.707106781187,0.707106781187,0.));
#11350 = DIRECTION('',(-0.707106781187,0.707106781187,0.));
#11351 = ADVANCED_FACE('',(#11352),#11369,.F.);
#11352 = FACE_BOUND('',#11353,.F.);
#11353 = EDGE_LOOP('',(#11354,#11355,#11362,#11368));
#11354 = ORIENTED_EDGE('',*,*,#10831,.T.);
#11355 = ORIENTED_EDGE('',*,*,#11356,.T.);
#11356 = EDGE_CURVE('',#10825,#11357,#11359,.T.);
#11357 = VERTEX_POINT('',#11358);
#11358 = CARTESIAN_POINT('',(0.705,-1.45,0.9));
#11359 = B_SPLINE_CURVE_WITH_KNOTS('',1,(#11360,#11361),.UNSPECIFIED.,
  .F.,.F.,(2,2),(0.,1.),.PIECEWISE_BEZIER_KNOTS.);
#11360 = CARTESIAN_POINT('',(0.705,-1.45,0.75));
#11361 = CARTESIAN_POINT('',(0.705,-1.45,0.9));
#11362 = ORIENTED_EDGE('',*,*,#11363,.F.);
#11363 = EDGE_CURVE('',#11312,#11357,#11364,.T.);
#11364 = LINE('',#11365,#11366);
#11365 = CARTESIAN_POINT('',(0.8,-1.355,0.9));
#11366 = VECTOR('',#11367,1.);
#11367 = DIRECTION('',(-0.707106781187,-0.707106781187,0.));
#11368 = ORIENTED_EDGE('',*,*,#11311,.F.);
#11369 = PLANE('',#11370);
#11370 = AXIS2_PLACEMENT_3D('',#11371,#11372,#11373);
#11371 = CARTESIAN_POINT('',(0.8,-1.355,0.9));
#11372 = DIRECTION('',(-0.707106781187,0.707106781187,0.));
#11373 = DIRECTION('',(-0.707106781187,-0.707106781187,0.));
#11374 = ADVANCED_FACE('',(#11375),#11386,.F.);
#11375 = FACE_BOUND('',#11376,.F.);
#11376 = EDGE_LOOP('',(#11377,#11378,#11379,#11385));
#11377 = ORIENTED_EDGE('',*,*,#10848,.T.);
#11378 = ORIENTED_EDGE('',*,*,#11342,.T.);
#11379 = ORIENTED_EDGE('',*,*,#11380,.F.);
#11380 = EDGE_CURVE('',#11357,#11335,#11381,.T.);
#11381 = LINE('',#11382,#11383);
#11382 = CARTESIAN_POINT('',(0.705,-1.45,0.9));
#11383 = VECTOR('',#11384,1.);
#11384 = DIRECTION('',(-1.,-1.110223024625E-16,0.));
#11385 = ORIENTED_EDGE('',*,*,#11356,.F.);
#11386 = PLANE('',#11387);
#11387 = AXIS2_PLACEMENT_3D('',#11388,#11389,#11390);
#11388 = CARTESIAN_POINT('',(0.705,-1.45,0.9));
#11389 = DIRECTION('',(-1.110223024625E-16,1.,0.));
#11390 = DIRECTION('',(-1.,-1.110223024625E-16,0.));
#11391 = ADVANCED_FACE('',(#11392),#11431,.F.);
#11392 = FACE_BOUND('',#11393,.F.);
#11393 = EDGE_LOOP('',(#11394,#11402,#11410,#11416,#11417,#11425));
#11394 = ORIENTED_EDGE('',*,*,#11395,.F.);
#11395 = EDGE_CURVE('',#11396,#11123,#11398,.T.);
#11396 = VERTEX_POINT('',#11397);
#11397 = CARTESIAN_POINT('',(-0.85,0.7,0.9));
#11398 = LINE('',#11399,#11400);
#11399 = CARTESIAN_POINT('',(-0.85,0.7,0.9));
#11400 = VECTOR('',#11401,1.);
#11401 = DIRECTION('',(1.,-1.144237745222E-17,0.));
#11402 = ORIENTED_EDGE('',*,*,#11403,.T.);
#11403 = EDGE_CURVE('',#11396,#11404,#11406,.T.);
#11404 = VERTEX_POINT('',#11405);
#11405 = CARTESIAN_POINT('',(-0.85,1.2,0.9));
#11406 = LINE('',#11407,#11408);
#11407 = CARTESIAN_POINT('',(-0.85,0.7,0.9));
#11408 = VECTOR('',#11409,1.);
#11409 = DIRECTION('',(1.144237745222E-17,1.,0.));
#11410 = ORIENTED_EDGE('',*,*,#11411,.T.);
#11411 = EDGE_CURVE('',#11404,#10953,#11412,.T.);
#11412 = LINE('',#11413,#11414);
#11413 = CARTESIAN_POINT('',(-0.85,1.2,0.9));
#11414 = VECTOR('',#11415,1.);
#11415 = DIRECTION('',(1.,-1.144237745222E-17,0.));
#11416 = ORIENTED_EDGE('',*,*,#10952,.T.);
#11417 = ORIENTED_EDGE('',*,*,#11418,.F.);
#11418 = EDGE_CURVE('',#11419,#10945,#11421,.T.);
#11419 = VERTEX_POINT('',#11420);
#11420 = CARTESIAN_POINT('',(-0.775,0.7,0.9));
#11421 = LINE('',#11422,#11423);
#11422 = CARTESIAN_POINT('',(-0.775,-1.3425,0.9));
#11423 = VECTOR('',#11424,1.);
#11424 = DIRECTION('',(-1.110223024625E-16,1.,0.));
#11425 = ORIENTED_EDGE('',*,*,#11426,.F.);
#11426 = EDGE_CURVE('',#11123,#11419,#11427,.T.);
#11427 = LINE('',#11428,#11429);
#11428 = CARTESIAN_POINT('',(-0.85,0.7,0.9));
#11429 = VECTOR('',#11430,1.);
#11430 = DIRECTION('',(1.,-1.144237745222E-17,0.));
#11431 = PLANE('',#11432);
#11432 = AXIS2_PLACEMENT_3D('',#11433,#11434,#11435);
#11433 = CARTESIAN_POINT('',(-0.85,0.7,0.9));
#11434 = DIRECTION('',(0.,0.,-1.));
#11435 = DIRECTION('',(1.,-1.144237745222E-17,0.));
#11436 = ADVANCED_FACE('',(#11437),#11501,.F.);
#11437 = FACE_BOUND('',#11438,.F.);
#11438 = EDGE_LOOP('',(#11439,#11449,#11457,#11465,#11473,#11479,#11480,
    #11481,#11488,#11496));
#11439 = ORIENTED_EDGE('',*,*,#11440,.T.);
#11440 = EDGE_CURVE('',#11441,#11443,#11445,.T.);
#11441 = VERTEX_POINT('',#11442);
#11442 = CARTESIAN_POINT('',(-0.775,-1.3425,0.9));
#11443 = VERTEX_POINT('',#11444);
#11444 = CARTESIAN_POINT('',(-0.775,-1.2,0.9));
#11445 = LINE('',#11446,#11447);
#11446 = CARTESIAN_POINT('',(-0.775,-1.3425,0.9));
#11447 = VECTOR('',#11448,1.);
#11448 = DIRECTION('',(-1.110223024625E-16,1.,0.));
#11449 = ORIENTED_EDGE('',*,*,#11450,.T.);
#11450 = EDGE_CURVE('',#11443,#11451,#11453,.T.);
#11451 = VERTEX_POINT('',#11452);
#11452 = CARTESIAN_POINT('',(-0.775,-0.7,0.9));
#11453 = LINE('',#11454,#11455);
#11454 = CARTESIAN_POINT('',(-0.775,-1.3425,0.9));
#11455 = VECTOR('',#11456,1.);
#11456 = DIRECTION('',(-1.110223024625E-16,1.,0.));
#11457 = ORIENTED_EDGE('',*,*,#11458,.T.);
#11458 = EDGE_CURVE('',#11451,#11459,#11461,.T.);
#11459 = VERTEX_POINT('',#11460);
#11460 = CARTESIAN_POINT('',(-0.775,-0.25,0.9));
#11461 = LINE('',#11462,#11463);
#11462 = CARTESIAN_POINT('',(-0.775,-1.3425,0.9));
#11463 = VECTOR('',#11464,1.);
#11464 = DIRECTION('',(-1.110223024625E-16,1.,0.));
#11465 = ORIENTED_EDGE('',*,*,#11466,.T.);
#11466 = EDGE_CURVE('',#11459,#11467,#11469,.T.);
#11467 = VERTEX_POINT('',#11468);
#11468 = CARTESIAN_POINT('',(-0.775,0.25,0.9));
#11469 = LINE('',#11470,#11471);
#11470 = CARTESIAN_POINT('',(-0.775,-1.3425,0.9));
#11471 = VECTOR('',#11472,1.);
#11472 = DIRECTION('',(-1.110223024625E-16,1.,0.));
#11473 = ORIENTED_EDGE('',*,*,#11474,.T.);
#11474 = EDGE_CURVE('',#11467,#11419,#11475,.T.);
#11475 = LINE('',#11476,#11477);
#11476 = CARTESIAN_POINT('',(-0.775,-1.3425,0.9));
#11477 = VECTOR('',#11478,1.);
#11478 = DIRECTION('',(-1.110223024625E-16,1.,0.));
#11479 = ORIENTED_EDGE('',*,*,#11418,.T.);
#11480 = ORIENTED_EDGE('',*,*,#10944,.T.);
#11481 = ORIENTED_EDGE('',*,*,#11482,.T.);
#11482 = EDGE_CURVE('',#10937,#11483,#11485,.T.);
#11483 = VERTEX_POINT('',#11484);
#11484 = CARTESIAN_POINT('',(-0.683648457443,1.296824228722,1.55));
#11485 = B_SPLINE_CURVE_WITH_KNOTS('',1,(#11486,#11487),.UNSPECIFIED.,
  .F.,.F.,(2,2),(0.,1.),.PIECEWISE_BEZIER_KNOTS.);
#11486 = CARTESIAN_POINT('',(-0.775,1.3425,0.9));
#11487 = CARTESIAN_POINT('',(-0.683648457443,1.296824228722,1.55));
#11488 = ORIENTED_EDGE('',*,*,#11489,.F.);
#11489 = EDGE_CURVE('',#11490,#11483,#11492,.T.);
#11490 = VERTEX_POINT('',#11491);
#11491 = CARTESIAN_POINT('',(-0.683648457443,-1.296824228722,1.55));
#11492 = LINE('',#11493,#11494);
#11493 = CARTESIAN_POINT('',(-0.683648457443,-1.296824228722,1.55));
#11494 = VECTOR('',#11495,1.);
#11495 = DIRECTION('',(-1.110223024625E-16,1.,0.));
#11496 = ORIENTED_EDGE('',*,*,#11497,.F.);
#11497 = EDGE_CURVE('',#11441,#11490,#11498,.T.);
#11498 = B_SPLINE_CURVE_WITH_KNOTS('',1,(#11499,#11500),.UNSPECIFIED.,
  .F.,.F.,(2,2),(0.,1.),.PIECEWISE_BEZIER_KNOTS.);
#11499 = CARTESIAN_POINT('',(-0.775,-1.3425,0.9));
#11500 = CARTESIAN_POINT('',(-0.683648457443,-1.296824228722,1.55));
#11501 = B_SPLINE_SURFACE_WITH_KNOTS('',1,1,(
    (#11502,#11503)
    ,(#11504,#11505
    )),.UNSPECIFIED.,.F.,.F.,.F.,(2,2),(2,2),(0.,2.685),(0.,1.),
  .PIECEWISE_BEZIER_KNOTS.);
#11502 = CARTESIAN_POINT('',(-0.775,-1.3425,0.9));
#11503 = CARTESIAN_POINT('',(-0.683648457443,-1.296824228722,1.55));
#11504 = CARTESIAN_POINT('',(-0.775,1.3425,0.9));
#11505 = CARTESIAN_POINT('',(-0.683648457443,1.296824228722,1.55));
#11506 = ADVANCED_FACE('',(#11507),#11524,.F.);
#11507 = FACE_BOUND('',#11508,.F.);
#11508 = EDGE_LOOP('',(#11509,#11510,#11517,#11523));
#11509 = ORIENTED_EDGE('',*,*,#10936,.T.);
#11510 = ORIENTED_EDGE('',*,*,#11511,.T.);
#11511 = EDGE_CURVE('',#10929,#11512,#11514,.T.);
#11512 = VERTEX_POINT('',#11513);
#11513 = CARTESIAN_POINT('',(-0.646824228722,1.333648457443,1.55));
#11514 = B_SPLINE_CURVE_WITH_KNOTS('',1,(#11515,#11516),.UNSPECIFIED.,
  .F.,.F.,(2,2),(0.,1.),.PIECEWISE_BEZIER_KNOTS.);
#11515 = CARTESIAN_POINT('',(-0.6925,1.425,0.9));
#11516 = CARTESIAN_POINT('',(-0.646824228722,1.333648457443,1.55));
#11517 = ORIENTED_EDGE('',*,*,#11518,.F.);
#11518 = EDGE_CURVE('',#11483,#11512,#11519,.T.);
#11519 = LINE('',#11520,#11521);
#11520 = CARTESIAN_POINT('',(-0.683648457443,1.296824228722,1.55));
#11521 = VECTOR('',#11522,1.);
#11522 = DIRECTION('',(0.707106781187,0.707106781187,0.));
#11523 = ORIENTED_EDGE('',*,*,#11482,.F.);
#11524 = B_SPLINE_SURFACE_WITH_KNOTS('',1,1,(
    (#11525,#11526)
    ,(#11527,#11528
    )),.UNSPECIFIED.,.F.,.F.,.F.,(2,2),(2,2),(0.,0.116672618896),(0.,1.)
  ,.PIECEWISE_BEZIER_KNOTS.);
#11525 = CARTESIAN_POINT('',(-0.775,1.3425,0.9));
#11526 = CARTESIAN_POINT('',(-0.683648457443,1.296824228722,1.55));
#11527 = CARTESIAN_POINT('',(-0.6925,1.425,0.9));
#11528 = CARTESIAN_POINT('',(-0.646824228722,1.333648457443,1.55));
#11529 = ADVANCED_FACE('',(#11530),#11547,.F.);
#11530 = FACE_BOUND('',#11531,.F.);
#11531 = EDGE_LOOP('',(#11532,#11533,#11540,#11546));
#11532 = ORIENTED_EDGE('',*,*,#10928,.T.);
#11533 = ORIENTED_EDGE('',*,*,#11534,.T.);
#11534 = EDGE_CURVE('',#10921,#11535,#11537,.T.);
#11535 = VERTEX_POINT('',#11536);
#11536 = CARTESIAN_POINT('',(0.646824228722,1.333648457443,1.55));
#11537 = B_SPLINE_CURVE_WITH_KNOTS('',1,(#11538,#11539),.UNSPECIFIED.,
  .F.,.F.,(2,2),(0.,1.),.PIECEWISE_BEZIER_KNOTS.);
#11538 = CARTESIAN_POINT('',(0.6925,1.425,0.9));
#11539 = CARTESIAN_POINT('',(0.646824228722,1.333648457443,1.55));
#11540 = ORIENTED_EDGE('',*,*,#11541,.F.);
#11541 = EDGE_CURVE('',#11512,#11535,#11542,.T.);
#11542 = LINE('',#11543,#11544);
#11543 = CARTESIAN_POINT('',(-0.646824228722,1.333648457443,1.55));
#11544 = VECTOR('',#11545,1.);
#11545 = DIRECTION('',(1.,1.110223024625E-16,0.));
#11546 = ORIENTED_EDGE('',*,*,#11511,.F.);
#11547 = B_SPLINE_SURFACE_WITH_KNOTS('',1,1,(
    (#11548,#11549)
    ,(#11550,#11551
    )),.UNSPECIFIED.,.F.,.F.,.F.,(2,2),(2,2),(0.,1.385),(0.,1.),
  .PIECEWISE_BEZIER_KNOTS.);
#11548 = CARTESIAN_POINT('',(-0.6925,1.425,0.9));
#11549 = CARTESIAN_POINT('',(-0.646824228722,1.333648457443,1.55));
#11550 = CARTESIAN_POINT('',(0.6925,1.425,0.9));
#11551 = CARTESIAN_POINT('',(0.646824228722,1.333648457443,1.55));
#11552 = ADVANCED_FACE('',(#11553),#11570,.F.);
#11553 = FACE_BOUND('',#11554,.F.);
#11554 = EDGE_LOOP('',(#11555,#11556,#11563,#11569));
#11555 = ORIENTED_EDGE('',*,*,#10920,.T.);
#11556 = ORIENTED_EDGE('',*,*,#11557,.T.);
#11557 = EDGE_CURVE('',#10913,#11558,#11560,.T.);
#11558 = VERTEX_POINT('',#11559);
#11559 = CARTESIAN_POINT('',(0.683648457443,1.296824228722,1.55));
#11560 = B_SPLINE_CURVE_WITH_KNOTS('',1,(#11561,#11562),.UNSPECIFIED.,
  .F.,.F.,(2,2),(0.,1.),.PIECEWISE_BEZIER_KNOTS.);
#11561 = CARTESIAN_POINT('',(0.775,1.3425,0.9));
#11562 = CARTESIAN_POINT('',(0.683648457443,1.296824228722,1.55));
#11563 = ORIENTED_EDGE('',*,*,#11564,.F.);
#11564 = EDGE_CURVE('',#11535,#11558,#11565,.T.);
#11565 = LINE('',#11566,#11567);
#11566 = CARTESIAN_POINT('',(0.646824228722,1.333648457443,1.55));
#11567 = VECTOR('',#11568,1.);
#11568 = DIRECTION('',(0.707106781187,-0.707106781187,0.));
#11569 = ORIENTED_EDGE('',*,*,#11534,.F.);
#11570 = B_SPLINE_SURFACE_WITH_KNOTS('',1,1,(
    (#11571,#11572)
    ,(#11573,#11574
    )),.UNSPECIFIED.,.F.,.F.,.F.,(2,2),(2,2),(0.,0.116672618896),(0.,1.)
  ,.PIECEWISE_BEZIER_KNOTS.);
#11571 = CARTESIAN_POINT('',(0.6925,1.425,0.9));
#11572 = CARTESIAN_POINT('',(0.646824228722,1.333648457443,1.55));
#11573 = CARTESIAN_POINT('',(0.775,1.3425,0.9));
#11574 = CARTESIAN_POINT('',(0.683648457443,1.296824228722,1.55));
#11575 = ADVANCED_FACE('',(#11576),#11625,.F.);
#11576 = FACE_BOUND('',#11577,.F.);
#11577 = EDGE_LOOP('',(#11578,#11579,#11587,#11595,#11603,#11611,#11618,
    #11624));
#11578 = ORIENTED_EDGE('',*,*,#10912,.T.);
#11579 = ORIENTED_EDGE('',*,*,#11580,.T.);
#11580 = EDGE_CURVE('',#10905,#11581,#11583,.T.);
#11581 = VERTEX_POINT('',#11582);
#11582 = CARTESIAN_POINT('',(0.775,0.7,0.9));
#11583 = LINE('',#11584,#11585);
#11584 = CARTESIAN_POINT('',(0.775,1.3425,0.9));
#11585 = VECTOR('',#11586,1.);
#11586 = DIRECTION('',(1.110223024625E-16,-1.,0.));
#11587 = ORIENTED_EDGE('',*,*,#11588,.T.);
#11588 = EDGE_CURVE('',#11581,#11589,#11591,.T.);
#11589 = VERTEX_POINT('',#11590);
#11590 = CARTESIAN_POINT('',(0.775,-0.7,0.9));
#11591 = LINE('',#11592,#11593);
#11592 = CARTESIAN_POINT('',(0.775,1.3425,0.9));
#11593 = VECTOR('',#11594,1.);
#11594 = DIRECTION('',(1.110223024625E-16,-1.,0.));
#11595 = ORIENTED_EDGE('',*,*,#11596,.T.);
#11596 = EDGE_CURVE('',#11589,#11597,#11599,.T.);
#11597 = VERTEX_POINT('',#11598);
#11598 = CARTESIAN_POINT('',(0.775,-1.2,0.9));
#11599 = LINE('',#11600,#11601);
#11600 = CARTESIAN_POINT('',(0.775,1.3425,0.9));
#11601 = VECTOR('',#11602,1.);
#11602 = DIRECTION('',(1.110223024625E-16,-1.,0.));
#11603 = ORIENTED_EDGE('',*,*,#11604,.T.);
#11604 = EDGE_CURVE('',#11597,#11605,#11607,.T.);
#11605 = VERTEX_POINT('',#11606);
#11606 = CARTESIAN_POINT('',(0.775,-1.3425,0.9));
#11607 = LINE('',#11608,#11609);
#11608 = CARTESIAN_POINT('',(0.775,1.3425,0.9));
#11609 = VECTOR('',#11610,1.);
#11610 = DIRECTION('',(1.110223024625E-16,-1.,0.));
#11611 = ORIENTED_EDGE('',*,*,#11612,.T.);
#11612 = EDGE_CURVE('',#11605,#11613,#11615,.T.);
#11613 = VERTEX_POINT('',#11614);
#11614 = CARTESIAN_POINT('',(0.683648457443,-1.296824228722,1.55));
#11615 = B_SPLINE_CURVE_WITH_KNOTS('',1,(#11616,#11617),.UNSPECIFIED.,
  .F.,.F.,(2,2),(0.,1.),.PIECEWISE_BEZIER_KNOTS.);
#11616 = CARTESIAN_POINT('',(0.775,-1.3425,0.9));
#11617 = CARTESIAN_POINT('',(0.683648457443,-1.296824228722,1.55));
#11618 = ORIENTED_EDGE('',*,*,#11619,.F.);
#11619 = EDGE_CURVE('',#11558,#11613,#11620,.T.);
#11620 = LINE('',#11621,#11622);
#11621 = CARTESIAN_POINT('',(0.683648457443,1.296824228722,1.55));
#11622 = VECTOR('',#11623,1.);
#11623 = DIRECTION('',(1.110223024625E-16,-1.,0.));
#11624 = ORIENTED_EDGE('',*,*,#11557,.F.);
#11625 = B_SPLINE_SURFACE_WITH_KNOTS('',1,1,(
    (#11626,#11627)
    ,(#11628,#11629
    )),.UNSPECIFIED.,.F.,.F.,.F.,(2,2),(2,2),(0.,2.685),(0.,1.),
  .PIECEWISE_BEZIER_KNOTS.);
#11626 = CARTESIAN_POINT('',(0.775,1.3425,0.9));
#11627 = CARTESIAN_POINT('',(0.683648457443,1.296824228722,1.55));
#11628 = CARTESIAN_POINT('',(0.775,-1.3425,0.9));
#11629 = CARTESIAN_POINT('',(0.683648457443,-1.296824228722,1.55));
#11630 = ADVANCED_FACE('',(#11631),#11663,.F.);
#11631 = FACE_BOUND('',#11632,.F.);
#11632 = EDGE_LOOP('',(#11633,#11641,#11649,#11655,#11661,#11662));
#11633 = ORIENTED_EDGE('',*,*,#11634,.F.);
#11634 = EDGE_CURVE('',#11635,#10897,#11637,.T.);
#11635 = VERTEX_POINT('',#11636);
#11636 = CARTESIAN_POINT('',(0.85,1.2,0.9));
#11637 = LINE('',#11638,#11639);
#11638 = CARTESIAN_POINT('',(0.85,1.2,0.9));
#11639 = VECTOR('',#11640,1.);
#11640 = DIRECTION('',(-1.,-1.110223024625E-16,0.));
#11641 = ORIENTED_EDGE('',*,*,#11642,.T.);
#11642 = EDGE_CURVE('',#11635,#11643,#11645,.T.);
#11643 = VERTEX_POINT('',#11644);
#11644 = CARTESIAN_POINT('',(0.85,0.7,0.9));
#11645 = LINE('',#11646,#11647);
#11646 = CARTESIAN_POINT('',(0.85,1.2,0.9));
#11647 = VECTOR('',#11648,1.);
#11648 = DIRECTION('',(1.110223024625E-16,-1.,0.));
#11649 = ORIENTED_EDGE('',*,*,#11650,.T.);
#11650 = EDGE_CURVE('',#11643,#11241,#11651,.T.);
#11651 = LINE('',#11652,#11653);
#11652 = CARTESIAN_POINT('',(0.85,0.7,0.9));
#11653 = VECTOR('',#11654,1.);
#11654 = DIRECTION('',(-1.,-1.110223024625E-16,0.));
#11655 = ORIENTED_EDGE('',*,*,#11656,.T.);
#11656 = EDGE_CURVE('',#11241,#11581,#11657,.T.);
#11657 = LINE('',#11658,#11659);
#11658 = CARTESIAN_POINT('',(0.85,0.7,0.9));
#11659 = VECTOR('',#11660,1.);
#11660 = DIRECTION('',(-1.,-1.110223024625E-16,0.));
#11661 = ORIENTED_EDGE('',*,*,#11580,.F.);
#11662 = ORIENTED_EDGE('',*,*,#10904,.F.);
#11663 = PLANE('',#11664);
#11664 = AXIS2_PLACEMENT_3D('',#11665,#11666,#11667);
#11665 = CARTESIAN_POINT('',(0.85,1.2,0.9));
#11666 = DIRECTION('',(0.,0.,-1.));
#11667 = DIRECTION('',(-1.,-1.110223024625E-16,-0.));
#11668 = ADVANCED_FACE('',(#11669),#11712,.F.);
#11669 = FACE_BOUND('',#11670,.F.);
#11670 = EDGE_LOOP('',(#11671,#11677,#11678,#11679,#11680,#11681,#11682,
    #11688,#11689,#11697,#11705,#11711));
#11671 = ORIENTED_EDGE('',*,*,#11672,.F.);
#11672 = EDGE_CURVE('',#11303,#11597,#11673,.T.);
#11673 = LINE('',#11674,#11675);
#11674 = CARTESIAN_POINT('',(0.85,-1.2,0.9));
#11675 = VECTOR('',#11676,1.);
#11676 = DIRECTION('',(-1.,-1.110223024625E-16,0.));
#11677 = ORIENTED_EDGE('',*,*,#11318,.T.);
#11678 = ORIENTED_EDGE('',*,*,#11363,.T.);
#11679 = ORIENTED_EDGE('',*,*,#11380,.T.);
#11680 = ORIENTED_EDGE('',*,*,#11334,.T.);
#11681 = ORIENTED_EDGE('',*,*,#11006,.T.);
#11682 = ORIENTED_EDGE('',*,*,#11683,.T.);
#11683 = EDGE_CURVE('',#10999,#11443,#11684,.T.);
#11684 = LINE('',#11685,#11686);
#11685 = CARTESIAN_POINT('',(-0.85,-1.2,0.9));
#11686 = VECTOR('',#11687,1.);
#11687 = DIRECTION('',(1.,-1.144237745222E-17,0.));
#11688 = ORIENTED_EDGE('',*,*,#11440,.F.);
#11689 = ORIENTED_EDGE('',*,*,#11690,.F.);
#11690 = EDGE_CURVE('',#11691,#11441,#11693,.T.);
#11691 = VERTEX_POINT('',#11692);
#11692 = CARTESIAN_POINT('',(-0.6925,-1.425,0.9));
#11693 = LINE('',#11694,#11695);
#11694 = CARTESIAN_POINT('',(-0.6925,-1.425,0.9));
#11695 = VECTOR('',#11696,1.);
#11696 = DIRECTION('',(-0.707106781187,0.707106781187,0.));
#11697 = ORIENTED_EDGE('',*,*,#11698,.F.);
#11698 = EDGE_CURVE('',#11699,#11691,#11701,.T.);
#11699 = VERTEX_POINT('',#11700);
#11700 = CARTESIAN_POINT('',(0.6925,-1.425,0.9));
#11701 = LINE('',#11702,#11703);
#11702 = CARTESIAN_POINT('',(0.6925,-1.425,0.9));
#11703 = VECTOR('',#11704,1.);
#11704 = DIRECTION('',(-1.,-1.110223024625E-16,0.));
#11705 = ORIENTED_EDGE('',*,*,#11706,.F.);
#11706 = EDGE_CURVE('',#11605,#11699,#11707,.T.);
#11707 = LINE('',#11708,#11709);
#11708 = CARTESIAN_POINT('',(0.775,-1.3425,0.9));
#11709 = VECTOR('',#11710,1.);
#11710 = DIRECTION('',(-0.707106781187,-0.707106781187,0.));
#11711 = ORIENTED_EDGE('',*,*,#11604,.F.);
#11712 = PLANE('',#11713);
#11713 = AXIS2_PLACEMENT_3D('',#11714,#11715,#11716);
#11714 = CARTESIAN_POINT('',(-2.091417030376E-16,1.4375,0.9));
#11715 = DIRECTION('',(4.595758349624E-18,6.551522493592E-27,-1.));
#11716 = DIRECTION('',(1.,1.51922136901E-16,4.595758349624E-18));
#11717 = ADVANCED_FACE('',(#11718),#11804,.F.);
#11718 = FACE_BOUND('',#11719,.F.);
#11719 = EDGE_LOOP('',(#11720,#11721,#11722,#11731,#11739,#11748,#11756,
    #11764,#11772,#11781,#11789,#11798));
#11720 = ORIENTED_EDGE('',*,*,#10998,.F.);
#11721 = ORIENTED_EDGE('',*,*,#11020,.T.);
#11722 = ORIENTED_EDGE('',*,*,#11723,.T.);
#11723 = EDGE_CURVE('',#11021,#11724,#11726,.T.);
#11724 = VERTEX_POINT('',#11725);
#11725 = CARTESIAN_POINT('',(-0.948480775301,-1.2,0.667364817767));
#11726 = CIRCLE('',#11727,0.1);
#11727 = AXIS2_PLACEMENT_3D('',#11728,#11729,#11730);
#11728 = CARTESIAN_POINT('',(-0.85,-1.2,0.65));
#11729 = DIRECTION('',(-1.144237745222E-17,-1.,0.));
#11730 = DIRECTION('',(0.,0.,1.));
#11731 = ORIENTED_EDGE('',*,*,#11732,.T.);
#11732 = EDGE_CURVE('',#11724,#11733,#11735,.T.);
#11733 = VERTEX_POINT('',#11734);
#11734 = CARTESIAN_POINT('',(-1.02432885403,-1.2,0.206587955583));
#11735 = LINE('',#11736,#11737);
#11736 = CARTESIAN_POINT('',(-0.948480775301,-1.2,0.667364817767));
#11737 = VECTOR('',#11738,1.);
#11738 = DIRECTION('',(-0.162423314012,1.858508865964E-18,
    -0.986721169868));
#11739 = ORIENTED_EDGE('',*,*,#11740,.T.);
#11740 = EDGE_CURVE('',#11733,#11741,#11743,.T.);
#11741 = VERTEX_POINT('',#11742);
#11742 = CARTESIAN_POINT('',(-1.270530792283,-1.2,0.));
#11743 = CIRCLE('',#11744,0.25);
#11744 = AXIS2_PLACEMENT_3D('',#11745,#11746,#11747);
#11745 = CARTESIAN_POINT('',(-1.270530792283,-1.2,0.25));
#11746 = DIRECTION('',(1.144237745222E-17,1.,1.155557966632E-33));
#11747 = DIRECTION('',(0.984807753012,-1.126854202784E-17,
    -0.173648177667));
#11748 = ORIENTED_EDGE('',*,*,#11749,.T.);
#11749 = EDGE_CURVE('',#11741,#11750,#11752,.T.);
#11750 = VERTEX_POINT('',#11751);
#11751 = CARTESIAN_POINT('',(-1.4,-1.2,0.));
#11752 = LINE('',#11753,#11754);
#11753 = CARTESIAN_POINT('',(-1.270530792283,-1.2,0.));
#11754 = VECTOR('',#11755,1.);
#11755 = DIRECTION('',(-1.,1.144237745222E-17,0.));
#11756 = ORIENTED_EDGE('',*,*,#11757,.T.);
#11757 = EDGE_CURVE('',#11750,#11758,#11760,.T.);
#11758 = VERTEX_POINT('',#11759);
#11759 = CARTESIAN_POINT('',(-1.4,-1.2,0.15));
#11760 = LINE('',#11761,#11762);
#11761 = CARTESIAN_POINT('',(-1.4,-1.2,0.));
#11762 = VECTOR('',#11763,1.);
#11763 = DIRECTION('',(0.,0.,1.));
#11764 = ORIENTED_EDGE('',*,*,#11765,.T.);
#11765 = EDGE_CURVE('',#11758,#11766,#11768,.T.);
#11766 = VERTEX_POINT('',#11767);
#11767 = CARTESIAN_POINT('',(-1.270530792283,-1.2,0.15));
#11768 = LINE('',#11769,#11770);
#11769 = CARTESIAN_POINT('',(-1.4,-1.2,0.15));
#11770 = VECTOR('',#11771,1.);
#11771 = DIRECTION('',(1.,-1.144237745222E-17,0.));
#11772 = ORIENTED_EDGE('',*,*,#11773,.T.);
#11773 = EDGE_CURVE('',#11766,#11774,#11776,.T.);
#11774 = VERTEX_POINT('',#11775);
#11775 = CARTESIAN_POINT('',(-1.172050016982,-1.2,0.232635182233));
#11776 = CIRCLE('',#11777,0.1);
#11777 = AXIS2_PLACEMENT_3D('',#11778,#11779,#11780);
#11778 = CARTESIAN_POINT('',(-1.270530792283,-1.2,0.25));
#11779 = DIRECTION('',(-1.144237745222E-17,-1.,0.));
#11780 = DIRECTION('',(-2.22044604925E-15,2.540718180781E-32,-1.));
#11781 = ORIENTED_EDGE('',*,*,#11782,.T.);
#11782 = EDGE_CURVE('',#11774,#11783,#11785,.T.);
#11783 = VERTEX_POINT('',#11784);
#11784 = CARTESIAN_POINT('',(-1.096201938253,-1.2,0.693412044417));
#11785 = LINE('',#11786,#11787);
#11786 = CARTESIAN_POINT('',(-1.172050016982,-1.2,0.232635182233));
#11787 = VECTOR('',#11788,1.);
#11788 = DIRECTION('',(0.162423314012,-1.858508865964E-18,0.986721169868
    ));
#11789 = ORIENTED_EDGE('',*,*,#11790,.T.);
#11790 = EDGE_CURVE('',#11783,#11791,#11793,.T.);
#11791 = VERTEX_POINT('',#11792);
#11792 = CARTESIAN_POINT('',(-0.85,-1.2,0.9));
#11793 = CIRCLE('',#11794,0.25);
#11794 = AXIS2_PLACEMENT_3D('',#11795,#11796,#11797);
#11795 = CARTESIAN_POINT('',(-0.85,-1.2,0.65));
#11796 = DIRECTION('',(1.144237745222E-17,1.,7.703719777549E-34));
#11797 = DIRECTION('',(-0.984807753012,1.126854202784E-17,0.173648177667
    ));
#11798 = ORIENTED_EDGE('',*,*,#11799,.T.);
#11799 = EDGE_CURVE('',#11791,#10999,#11800,.T.);
#11800 = LINE('',#11801,#11802);
#11801 = CARTESIAN_POINT('',(-0.85,-1.2,0.9));
#11802 = VECTOR('',#11803,1.);
#11803 = DIRECTION('',(1.,-1.144237745222E-17,0.));
#11804 = PLANE('',#11805);
#11805 = AXIS2_PLACEMENT_3D('',#11806,#11807,#11808);
#11806 = CARTESIAN_POINT('',(-1.069123385139,-1.2,0.441695635315));
#11807 = DIRECTION('',(1.144237745222E-17,1.,0.));
#11808 = DIRECTION('',(0.,-0.,1.));
#11809 = ADVANCED_FACE('',(#11810),#11829,.F.);
#11810 = FACE_BOUND('',#11811,.F.);
#11811 = EDGE_LOOP('',(#11812,#11813,#11822,#11828));
#11812 = ORIENTED_EDGE('',*,*,#11037,.T.);
#11813 = ORIENTED_EDGE('',*,*,#11814,.T.);
#11814 = EDGE_CURVE('',#11030,#11815,#11817,.T.);
#11815 = VERTEX_POINT('',#11816);
#11816 = CARTESIAN_POINT('',(-0.948480775301,-0.7,0.667364817767));
#11817 = CIRCLE('',#11818,0.1);
#11818 = AXIS2_PLACEMENT_3D('',#11819,#11820,#11821);
#11819 = CARTESIAN_POINT('',(-0.85,-0.7,0.65));
#11820 = DIRECTION('',(-1.144237745222E-17,-1.,0.));
#11821 = DIRECTION('',(0.,0.,1.));
#11822 = ORIENTED_EDGE('',*,*,#11823,.F.);
#11823 = EDGE_CURVE('',#11724,#11815,#11824,.T.);
#11824 = LINE('',#11825,#11826);
#11825 = CARTESIAN_POINT('',(-0.948480775301,-1.2,0.667364817767));
#11826 = VECTOR('',#11827,1.);
#11827 = DIRECTION('',(1.144237745222E-17,1.,0.));
#11828 = ORIENTED_EDGE('',*,*,#11723,.F.);
#11829 = CYLINDRICAL_SURFACE('',#11830,0.1);
#11830 = AXIS2_PLACEMENT_3D('',#11831,#11832,#11833);
#11831 = CARTESIAN_POINT('',(-0.85,-1.2,0.65));
#11832 = DIRECTION('',(-1.144237745222E-17,-1.,0.));
#11833 = DIRECTION('',(0.,0.,1.));
#11834 = ADVANCED_FACE('',(#11835),#11913,.T.);
#11835 = FACE_BOUND('',#11836,.T.);
#11836 = EDGE_LOOP('',(#11837,#11838,#11839,#11840,#11848,#11857,#11865,
    #11873,#11881,#11890,#11898,#11907));
#11837 = ORIENTED_EDGE('',*,*,#11051,.F.);
#11838 = ORIENTED_EDGE('',*,*,#11029,.T.);
#11839 = ORIENTED_EDGE('',*,*,#11814,.T.);
#11840 = ORIENTED_EDGE('',*,*,#11841,.T.);
#11841 = EDGE_CURVE('',#11815,#11842,#11844,.T.);
#11842 = VERTEX_POINT('',#11843);
#11843 = CARTESIAN_POINT('',(-1.02432885403,-0.7,0.206587955583));
#11844 = LINE('',#11845,#11846);
#11845 = CARTESIAN_POINT('',(-0.948480775301,-0.7,0.667364817767));
#11846 = VECTOR('',#11847,1.);
#11847 = DIRECTION('',(-0.162423314012,1.858508865964E-18,
    -0.986721169868));
#11848 = ORIENTED_EDGE('',*,*,#11849,.T.);
#11849 = EDGE_CURVE('',#11842,#11850,#11852,.T.);
#11850 = VERTEX_POINT('',#11851);
#11851 = CARTESIAN_POINT('',(-1.270530792283,-0.7,0.));
#11852 = CIRCLE('',#11853,0.25);
#11853 = AXIS2_PLACEMENT_3D('',#11854,#11855,#11856);
#11854 = CARTESIAN_POINT('',(-1.270530792283,-0.7,0.25));
#11855 = DIRECTION('',(1.144237745222E-17,1.,1.155557966632E-33));
#11856 = DIRECTION('',(0.984807753012,-1.126854202784E-17,
    -0.173648177667));
#11857 = ORIENTED_EDGE('',*,*,#11858,.T.);
#11858 = EDGE_CURVE('',#11850,#11859,#11861,.T.);
#11859 = VERTEX_POINT('',#11860);
#11860 = CARTESIAN_POINT('',(-1.4,-0.7,0.));
#11861 = LINE('',#11862,#11863);
#11862 = CARTESIAN_POINT('',(-1.270530792283,-0.7,0.));
#11863 = VECTOR('',#11864,1.);
#11864 = DIRECTION('',(-1.,1.144237745222E-17,0.));
#11865 = ORIENTED_EDGE('',*,*,#11866,.T.);
#11866 = EDGE_CURVE('',#11859,#11867,#11869,.T.);
#11867 = VERTEX_POINT('',#11868);
#11868 = CARTESIAN_POINT('',(-1.4,-0.7,0.15));
#11869 = LINE('',#11870,#11871);
#11870 = CARTESIAN_POINT('',(-1.4,-0.7,0.));
#11871 = VECTOR('',#11872,1.);
#11872 = DIRECTION('',(0.,0.,1.));
#11873 = ORIENTED_EDGE('',*,*,#11874,.T.);
#11874 = EDGE_CURVE('',#11867,#11875,#11877,.T.);
#11875 = VERTEX_POINT('',#11876);
#11876 = CARTESIAN_POINT('',(-1.270530792283,-0.7,0.15));
#11877 = LINE('',#11878,#11879);
#11878 = CARTESIAN_POINT('',(-1.4,-0.7,0.15));
#11879 = VECTOR('',#11880,1.);
#11880 = DIRECTION('',(1.,-1.144237745222E-17,0.));
#11881 = ORIENTED_EDGE('',*,*,#11882,.T.);
#11882 = EDGE_CURVE('',#11875,#11883,#11885,.T.);
#11883 = VERTEX_POINT('',#11884);
#11884 = CARTESIAN_POINT('',(-1.172050016982,-0.7,0.232635182233));
#11885 = CIRCLE('',#11886,0.1);
#11886 = AXIS2_PLACEMENT_3D('',#11887,#11888,#11889);
#11887 = CARTESIAN_POINT('',(-1.270530792283,-0.7,0.25));
#11888 = DIRECTION('',(-1.144237745222E-17,-1.,0.));
#11889 = DIRECTION('',(-2.22044604925E-15,2.540718180781E-32,-1.));
#11890 = ORIENTED_EDGE('',*,*,#11891,.T.);
#11891 = EDGE_CURVE('',#11883,#11892,#11894,.T.);
#11892 = VERTEX_POINT('',#11893);
#11893 = CARTESIAN_POINT('',(-1.096201938253,-0.7,0.693412044417));
#11894 = LINE('',#11895,#11896);
#11895 = CARTESIAN_POINT('',(-1.172050016982,-0.7,0.232635182233));
#11896 = VECTOR('',#11897,1.);
#11897 = DIRECTION('',(0.162423314012,-1.858508865964E-18,0.986721169868
    ));
#11898 = ORIENTED_EDGE('',*,*,#11899,.T.);
#11899 = EDGE_CURVE('',#11892,#11900,#11902,.T.);
#11900 = VERTEX_POINT('',#11901);
#11901 = CARTESIAN_POINT('',(-0.85,-0.7,0.9));
#11902 = CIRCLE('',#11903,0.25);
#11903 = AXIS2_PLACEMENT_3D('',#11904,#11905,#11906);
#11904 = CARTESIAN_POINT('',(-0.85,-0.7,0.65));
#11905 = DIRECTION('',(1.144237745222E-17,1.,7.703719777549E-34));
#11906 = DIRECTION('',(-0.984807753012,1.126854202784E-17,0.173648177667
    ));
#11907 = ORIENTED_EDGE('',*,*,#11908,.T.);
#11908 = EDGE_CURVE('',#11900,#11052,#11909,.T.);
#11909 = LINE('',#11910,#11911);
#11910 = CARTESIAN_POINT('',(-0.85,-0.7,0.9));
#11911 = VECTOR('',#11912,1.);
#11912 = DIRECTION('',(1.,-1.144237745222E-17,0.));
#11913 = PLANE('',#11914);
#11914 = AXIS2_PLACEMENT_3D('',#11915,#11916,#11917);
#11915 = CARTESIAN_POINT('',(-1.069123385139,-0.7,0.441695635315));
#11916 = DIRECTION('',(1.144237745222E-17,1.,0.));
#11917 = DIRECTION('',(0.,-0.,1.));
#11918 = ADVANCED_FACE('',(#11919),#11935,.F.);
#11919 = FACE_BOUND('',#11920,.F.);
#11920 = EDGE_LOOP('',(#11921,#11922,#11928,#11929));
#11921 = ORIENTED_EDGE('',*,*,#11068,.T.);
#11922 = ORIENTED_EDGE('',*,*,#11923,.T.);
#11923 = EDGE_CURVE('',#11061,#11459,#11924,.T.);
#11924 = LINE('',#11925,#11926);
#11925 = CARTESIAN_POINT('',(-0.85,-0.25,0.9));
#11926 = VECTOR('',#11927,1.);
#11927 = DIRECTION('',(1.,-1.144237745222E-17,0.));
#11928 = ORIENTED_EDGE('',*,*,#11458,.F.);
#11929 = ORIENTED_EDGE('',*,*,#11930,.F.);
#11930 = EDGE_CURVE('',#11052,#11451,#11931,.T.);
#11931 = LINE('',#11932,#11933);
#11932 = CARTESIAN_POINT('',(-0.85,-0.7,0.9));
#11933 = VECTOR('',#11934,1.);
#11934 = DIRECTION('',(1.,-1.144237745222E-17,0.));
#11935 = PLANE('',#11936);
#11936 = AXIS2_PLACEMENT_3D('',#11937,#11938,#11939);
#11937 = CARTESIAN_POINT('',(-2.091417030376E-16,1.4375,0.9));
#11938 = DIRECTION('',(4.595758349624E-18,6.551522493592E-27,-1.));
#11939 = DIRECTION('',(1.,1.51922136901E-16,4.595758349624E-18));
#11940 = ADVANCED_FACE('',(#11941),#12027,.F.);
#11941 = FACE_BOUND('',#11942,.F.);
#11942 = EDGE_LOOP('',(#11943,#11944,#11945,#11954,#11962,#11971,#11979,
    #11987,#11995,#12004,#12012,#12021));
#11943 = ORIENTED_EDGE('',*,*,#11060,.F.);
#11944 = ORIENTED_EDGE('',*,*,#11082,.T.);
#11945 = ORIENTED_EDGE('',*,*,#11946,.T.);
#11946 = EDGE_CURVE('',#11083,#11947,#11949,.T.);
#11947 = VERTEX_POINT('',#11948);
#11948 = CARTESIAN_POINT('',(-0.948480775301,-0.25,0.667364817767));
#11949 = CIRCLE('',#11950,0.1);
#11950 = AXIS2_PLACEMENT_3D('',#11951,#11952,#11953);
#11951 = CARTESIAN_POINT('',(-0.85,-0.25,0.65));
#11952 = DIRECTION('',(-1.144237745222E-17,-1.,0.));
#11953 = DIRECTION('',(0.,0.,1.));
#11954 = ORIENTED_EDGE('',*,*,#11955,.T.);
#11955 = EDGE_CURVE('',#11947,#11956,#11958,.T.);
#11956 = VERTEX_POINT('',#11957);
#11957 = CARTESIAN_POINT('',(-1.02432885403,-0.25,0.206587955583));
#11958 = LINE('',#11959,#11960);
#11959 = CARTESIAN_POINT('',(-0.948480775301,-0.25,0.667364817767));
#11960 = VECTOR('',#11961,1.);
#11961 = DIRECTION('',(-0.162423314012,1.858508865964E-18,
    -0.986721169868));
#11962 = ORIENTED_EDGE('',*,*,#11963,.T.);
#11963 = EDGE_CURVE('',#11956,#11964,#11966,.T.);
#11964 = VERTEX_POINT('',#11965);
#11965 = CARTESIAN_POINT('',(-1.270530792283,-0.25,0.));
#11966 = CIRCLE('',#11967,0.25);
#11967 = AXIS2_PLACEMENT_3D('',#11968,#11969,#11970);
#11968 = CARTESIAN_POINT('',(-1.270530792283,-0.25,0.25));
#11969 = DIRECTION('',(1.144237745222E-17,1.,1.155557966632E-33));
#11970 = DIRECTION('',(0.984807753012,-1.126854202784E-17,
    -0.173648177667));
#11971 = ORIENTED_EDGE('',*,*,#11972,.T.);
#11972 = EDGE_CURVE('',#11964,#11973,#11975,.T.);
#11973 = VERTEX_POINT('',#11974);
#11974 = CARTESIAN_POINT('',(-1.4,-0.25,0.));
#11975 = LINE('',#11976,#11977);
#11976 = CARTESIAN_POINT('',(-1.270530792283,-0.25,0.));
#11977 = VECTOR('',#11978,1.);
#11978 = DIRECTION('',(-1.,1.144237745222E-17,0.));
#11979 = ORIENTED_EDGE('',*,*,#11980,.T.);
#11980 = EDGE_CURVE('',#11973,#11981,#11983,.T.);
#11981 = VERTEX_POINT('',#11982);
#11982 = CARTESIAN_POINT('',(-1.4,-0.25,0.15));
#11983 = LINE('',#11984,#11985);
#11984 = CARTESIAN_POINT('',(-1.4,-0.25,0.));
#11985 = VECTOR('',#11986,1.);
#11986 = DIRECTION('',(0.,0.,1.));
#11987 = ORIENTED_EDGE('',*,*,#11988,.T.);
#11988 = EDGE_CURVE('',#11981,#11989,#11991,.T.);
#11989 = VERTEX_POINT('',#11990);
#11990 = CARTESIAN_POINT('',(-1.270530792283,-0.25,0.15));
#11991 = LINE('',#11992,#11993);
#11992 = CARTESIAN_POINT('',(-1.4,-0.25,0.15));
#11993 = VECTOR('',#11994,1.);
#11994 = DIRECTION('',(1.,-1.144237745222E-17,0.));
#11995 = ORIENTED_EDGE('',*,*,#11996,.T.);
#11996 = EDGE_CURVE('',#11989,#11997,#11999,.T.);
#11997 = VERTEX_POINT('',#11998);
#11998 = CARTESIAN_POINT('',(-1.172050016982,-0.25,0.232635182233));
#11999 = CIRCLE('',#12000,0.1);
#12000 = AXIS2_PLACEMENT_3D('',#12001,#12002,#12003);
#12001 = CARTESIAN_POINT('',(-1.270530792283,-0.25,0.25));
#12002 = DIRECTION('',(-1.144237745222E-17,-1.,0.));
#12003 = DIRECTION('',(-2.22044604925E-15,2.540718180781E-32,-1.));
#12004 = ORIENTED_EDGE('',*,*,#12005,.T.);
#12005 = EDGE_CURVE('',#11997,#12006,#12008,.T.);
#12006 = VERTEX_POINT('',#12007);
#12007 = CARTESIAN_POINT('',(-1.096201938253,-0.25,0.693412044417));
#12008 = LINE('',#12009,#12010);
#12009 = CARTESIAN_POINT('',(-1.172050016982,-0.25,0.232635182233));
#12010 = VECTOR('',#12011,1.);
#12011 = DIRECTION('',(0.162423314012,-1.858508865964E-18,0.986721169868
    ));
#12012 = ORIENTED_EDGE('',*,*,#12013,.T.);
#12013 = EDGE_CURVE('',#12006,#12014,#12016,.T.);
#12014 = VERTEX_POINT('',#12015);
#12015 = CARTESIAN_POINT('',(-0.85,-0.25,0.9));
#12016 = CIRCLE('',#12017,0.25);
#12017 = AXIS2_PLACEMENT_3D('',#12018,#12019,#12020);
#12018 = CARTESIAN_POINT('',(-0.85,-0.25,0.65));
#12019 = DIRECTION('',(1.144237745222E-17,1.,7.703719777549E-34));
#12020 = DIRECTION('',(-0.984807753012,1.126854202784E-17,0.173648177667
    ));
#12021 = ORIENTED_EDGE('',*,*,#12022,.T.);
#12022 = EDGE_CURVE('',#12014,#11061,#12023,.T.);
#12023 = LINE('',#12024,#12025);
#12024 = CARTESIAN_POINT('',(-0.85,-0.25,0.9));
#12025 = VECTOR('',#12026,1.);
#12026 = DIRECTION('',(1.,-1.144237745222E-17,0.));
#12027 = PLANE('',#12028);
#12028 = AXIS2_PLACEMENT_3D('',#12029,#12030,#12031);
#12029 = CARTESIAN_POINT('',(-1.069123385139,-0.25,0.441695635315));
#12030 = DIRECTION('',(1.144237745222E-17,1.,0.));
#12031 = DIRECTION('',(0.,-0.,1.));
#12032 = ADVANCED_FACE('',(#12033),#12052,.F.);
#12033 = FACE_BOUND('',#12034,.F.);
#12034 = EDGE_LOOP('',(#12035,#12036,#12045,#12051));
#12035 = ORIENTED_EDGE('',*,*,#11099,.T.);
#12036 = ORIENTED_EDGE('',*,*,#12037,.T.);
#12037 = EDGE_CURVE('',#11092,#12038,#12040,.T.);
#12038 = VERTEX_POINT('',#12039);
#12039 = CARTESIAN_POINT('',(-0.948480775301,0.25,0.667364817767));
#12040 = CIRCLE('',#12041,0.1);
#12041 = AXIS2_PLACEMENT_3D('',#12042,#12043,#12044);
#12042 = CARTESIAN_POINT('',(-0.85,0.25,0.65));
#12043 = DIRECTION('',(-1.144237745222E-17,-1.,0.));
#12044 = DIRECTION('',(0.,0.,1.));
#12045 = ORIENTED_EDGE('',*,*,#12046,.F.);
#12046 = EDGE_CURVE('',#11947,#12038,#12047,.T.);
#12047 = LINE('',#12048,#12049);
#12048 = CARTESIAN_POINT('',(-0.948480775301,-0.25,0.667364817767));
#12049 = VECTOR('',#12050,1.);
#12050 = DIRECTION('',(1.144237745222E-17,1.,0.));
#12051 = ORIENTED_EDGE('',*,*,#11946,.F.);
#12052 = CYLINDRICAL_SURFACE('',#12053,0.1);
#12053 = AXIS2_PLACEMENT_3D('',#12054,#12055,#12056);
#12054 = CARTESIAN_POINT('',(-0.85,-0.25,0.65));
#12055 = DIRECTION('',(-1.144237745222E-17,-1.,0.));
#12056 = DIRECTION('',(0.,0.,1.));
#12057 = ADVANCED_FACE('',(#12058),#12136,.T.);
#12058 = FACE_BOUND('',#12059,.T.);
#12059 = EDGE_LOOP('',(#12060,#12061,#12062,#12063,#12071,#12080,#12088,
    #12096,#12104,#12113,#12121,#12130));
#12060 = ORIENTED_EDGE('',*,*,#11113,.F.);
#12061 = ORIENTED_EDGE('',*,*,#11091,.T.);
#12062 = ORIENTED_EDGE('',*,*,#12037,.T.);
#12063 = ORIENTED_EDGE('',*,*,#12064,.T.);
#12064 = EDGE_CURVE('',#12038,#12065,#12067,.T.);
#12065 = VERTEX_POINT('',#12066);
#12066 = CARTESIAN_POINT('',(-1.02432885403,0.25,0.206587955583));
#12067 = LINE('',#12068,#12069);
#12068 = CARTESIAN_POINT('',(-0.948480775301,0.25,0.667364817767));
#12069 = VECTOR('',#12070,1.);
#12070 = DIRECTION('',(-0.162423314012,1.858508865964E-18,
    -0.986721169868));
#12071 = ORIENTED_EDGE('',*,*,#12072,.T.);
#12072 = EDGE_CURVE('',#12065,#12073,#12075,.T.);
#12073 = VERTEX_POINT('',#12074);
#12074 = CARTESIAN_POINT('',(-1.270530792283,0.25,0.));
#12075 = CIRCLE('',#12076,0.25);
#12076 = AXIS2_PLACEMENT_3D('',#12077,#12078,#12079);
#12077 = CARTESIAN_POINT('',(-1.270530792283,0.25,0.25));
#12078 = DIRECTION('',(1.144237745222E-17,1.,1.155557966632E-33));
#12079 = DIRECTION('',(0.984807753012,-1.126854202784E-17,
    -0.173648177667));
#12080 = ORIENTED_EDGE('',*,*,#12081,.T.);
#12081 = EDGE_CURVE('',#12073,#12082,#12084,.T.);
#12082 = VERTEX_POINT('',#12083);
#12083 = CARTESIAN_POINT('',(-1.4,0.25,0.));
#12084 = LINE('',#12085,#12086);
#12085 = CARTESIAN_POINT('',(-1.270530792283,0.25,0.));
#12086 = VECTOR('',#12087,1.);
#12087 = DIRECTION('',(-1.,1.144237745222E-17,0.));
#12088 = ORIENTED_EDGE('',*,*,#12089,.T.);
#12089 = EDGE_CURVE('',#12082,#12090,#12092,.T.);
#12090 = VERTEX_POINT('',#12091);
#12091 = CARTESIAN_POINT('',(-1.4,0.25,0.15));
#12092 = LINE('',#12093,#12094);
#12093 = CARTESIAN_POINT('',(-1.4,0.25,0.));
#12094 = VECTOR('',#12095,1.);
#12095 = DIRECTION('',(0.,0.,1.));
#12096 = ORIENTED_EDGE('',*,*,#12097,.T.);
#12097 = EDGE_CURVE('',#12090,#12098,#12100,.T.);
#12098 = VERTEX_POINT('',#12099);
#12099 = CARTESIAN_POINT('',(-1.270530792283,0.25,0.15));
#12100 = LINE('',#12101,#12102);
#12101 = CARTESIAN_POINT('',(-1.4,0.25,0.15));
#12102 = VECTOR('',#12103,1.);
#12103 = DIRECTION('',(1.,-1.144237745222E-17,0.));
#12104 = ORIENTED_EDGE('',*,*,#12105,.T.);
#12105 = EDGE_CURVE('',#12098,#12106,#12108,.T.);
#12106 = VERTEX_POINT('',#12107);
#12107 = CARTESIAN_POINT('',(-1.172050016982,0.25,0.232635182233));
#12108 = CIRCLE('',#12109,0.1);
#12109 = AXIS2_PLACEMENT_3D('',#12110,#12111,#12112);
#12110 = CARTESIAN_POINT('',(-1.270530792283,0.25,0.25));
#12111 = DIRECTION('',(-1.144237745222E-17,-1.,0.));
#12112 = DIRECTION('',(-2.22044604925E-15,2.540718180781E-32,-1.));
#12113 = ORIENTED_EDGE('',*,*,#12114,.T.);
#12114 = EDGE_CURVE('',#12106,#12115,#12117,.T.);
#12115 = VERTEX_POINT('',#12116);
#12116 = CARTESIAN_POINT('',(-1.096201938253,0.25,0.693412044417));
#12117 = LINE('',#12118,#12119);
#12118 = CARTESIAN_POINT('',(-1.172050016982,0.25,0.232635182233));
#12119 = VECTOR('',#12120,1.);
#12120 = DIRECTION('',(0.162423314012,-1.858508865964E-18,0.986721169868
    ));
#12121 = ORIENTED_EDGE('',*,*,#12122,.T.);
#12122 = EDGE_CURVE('',#12115,#12123,#12125,.T.);
#12123 = VERTEX_POINT('',#12124);
#12124 = CARTESIAN_POINT('',(-0.85,0.25,0.9));
#12125 = CIRCLE('',#12126,0.25);
#12126 = AXIS2_PLACEMENT_3D('',#12127,#12128,#12129);
#12127 = CARTESIAN_POINT('',(-0.85,0.25,0.65));
#12128 = DIRECTION('',(1.144237745222E-17,1.,7.703719777549E-34));
#12129 = DIRECTION('',(-0.984807753012,1.126854202784E-17,0.173648177667
    ));
#12130 = ORIENTED_EDGE('',*,*,#12131,.T.);
#12131 = EDGE_CURVE('',#12123,#11114,#12132,.T.);
#12132 = LINE('',#12133,#12134);
#12133 = CARTESIAN_POINT('',(-0.85,0.25,0.9));
#12134 = VECTOR('',#12135,1.);
#12135 = DIRECTION('',(1.,-1.144237745222E-17,0.));
#12136 = PLANE('',#12137);
#12137 = AXIS2_PLACEMENT_3D('',#12138,#12139,#12140);
#12138 = CARTESIAN_POINT('',(-1.069123385139,0.25,0.441695635315));
#12139 = DIRECTION('',(1.144237745222E-17,1.,0.));
#12140 = DIRECTION('',(0.,-0.,1.));
#12141 = ADVANCED_FACE('',(#12142),#12153,.F.);
#12142 = FACE_BOUND('',#12143,.F.);
#12143 = EDGE_LOOP('',(#12144,#12145,#12146,#12147));
#12144 = ORIENTED_EDGE('',*,*,#11130,.T.);
#12145 = ORIENTED_EDGE('',*,*,#11426,.T.);
#12146 = ORIENTED_EDGE('',*,*,#11474,.F.);
#12147 = ORIENTED_EDGE('',*,*,#12148,.F.);
#12148 = EDGE_CURVE('',#11114,#11467,#12149,.T.);
#12149 = LINE('',#12150,#12151);
#12150 = CARTESIAN_POINT('',(-0.85,0.25,0.9));
#12151 = VECTOR('',#12152,1.);
#12152 = DIRECTION('',(1.,-1.144237745222E-17,0.));
#12153 = PLANE('',#12154);
#12154 = AXIS2_PLACEMENT_3D('',#12155,#12156,#12157);
#12155 = CARTESIAN_POINT('',(-2.091417030376E-16,1.4375,0.9));
#12156 = DIRECTION('',(4.595758349624E-18,6.551522493592E-27,-1.));
#12157 = DIRECTION('',(1.,1.51922136901E-16,4.595758349624E-18));
#12158 = ADVANCED_FACE('',(#12159),#12238,.F.);
#12159 = FACE_BOUND('',#12160,.F.);
#12160 = EDGE_LOOP('',(#12161,#12162,#12163,#12172,#12180,#12189,#12197,
    #12205,#12213,#12222,#12230,#12237));
#12161 = ORIENTED_EDGE('',*,*,#11122,.F.);
#12162 = ORIENTED_EDGE('',*,*,#11144,.T.);
#12163 = ORIENTED_EDGE('',*,*,#12164,.T.);
#12164 = EDGE_CURVE('',#11145,#12165,#12167,.T.);
#12165 = VERTEX_POINT('',#12166);
#12166 = CARTESIAN_POINT('',(-0.948480775301,0.7,0.667364817767));
#12167 = CIRCLE('',#12168,0.1);
#12168 = AXIS2_PLACEMENT_3D('',#12169,#12170,#12171);
#12169 = CARTESIAN_POINT('',(-0.85,0.7,0.65));
#12170 = DIRECTION('',(-1.144237745222E-17,-1.,0.));
#12171 = DIRECTION('',(0.,0.,1.));
#12172 = ORIENTED_EDGE('',*,*,#12173,.T.);
#12173 = EDGE_CURVE('',#12165,#12174,#12176,.T.);
#12174 = VERTEX_POINT('',#12175);
#12175 = CARTESIAN_POINT('',(-1.02432885403,0.7,0.206587955583));
#12176 = LINE('',#12177,#12178);
#12177 = CARTESIAN_POINT('',(-0.948480775301,0.7,0.667364817767));
#12178 = VECTOR('',#12179,1.);
#12179 = DIRECTION('',(-0.162423314012,1.858508865964E-18,
    -0.986721169868));
#12180 = ORIENTED_EDGE('',*,*,#12181,.T.);
#12181 = EDGE_CURVE('',#12174,#12182,#12184,.T.);
#12182 = VERTEX_POINT('',#12183);
#12183 = CARTESIAN_POINT('',(-1.270530792283,0.7,0.));
#12184 = CIRCLE('',#12185,0.25);
#12185 = AXIS2_PLACEMENT_3D('',#12186,#12187,#12188);
#12186 = CARTESIAN_POINT('',(-1.270530792283,0.7,0.25));
#12187 = DIRECTION('',(1.144237745222E-17,1.,1.155557966632E-33));
#12188 = DIRECTION('',(0.984807753012,-1.126854202784E-17,
    -0.173648177667));
#12189 = ORIENTED_EDGE('',*,*,#12190,.T.);
#12190 = EDGE_CURVE('',#12182,#12191,#12193,.T.);
#12191 = VERTEX_POINT('',#12192);
#12192 = CARTESIAN_POINT('',(-1.4,0.7,0.));
#12193 = LINE('',#12194,#12195);
#12194 = CARTESIAN_POINT('',(-1.270530792283,0.7,0.));
#12195 = VECTOR('',#12196,1.);
#12196 = DIRECTION('',(-1.,1.144237745222E-17,0.));
#12197 = ORIENTED_EDGE('',*,*,#12198,.T.);
#12198 = EDGE_CURVE('',#12191,#12199,#12201,.T.);
#12199 = VERTEX_POINT('',#12200);
#12200 = CARTESIAN_POINT('',(-1.4,0.7,0.15));
#12201 = LINE('',#12202,#12203);
#12202 = CARTESIAN_POINT('',(-1.4,0.7,0.));
#12203 = VECTOR('',#12204,1.);
#12204 = DIRECTION('',(0.,0.,1.));
#12205 = ORIENTED_EDGE('',*,*,#12206,.T.);
#12206 = EDGE_CURVE('',#12199,#12207,#12209,.T.);
#12207 = VERTEX_POINT('',#12208);
#12208 = CARTESIAN_POINT('',(-1.270530792283,0.7,0.15));
#12209 = LINE('',#12210,#12211);
#12210 = CARTESIAN_POINT('',(-1.4,0.7,0.15));
#12211 = VECTOR('',#12212,1.);
#12212 = DIRECTION('',(1.,-1.144237745222E-17,0.));
#12213 = ORIENTED_EDGE('',*,*,#12214,.T.);
#12214 = EDGE_CURVE('',#12207,#12215,#12217,.T.);
#12215 = VERTEX_POINT('',#12216);
#12216 = CARTESIAN_POINT('',(-1.172050016982,0.7,0.232635182233));
#12217 = CIRCLE('',#12218,0.1);
#12218 = AXIS2_PLACEMENT_3D('',#12219,#12220,#12221);
#12219 = CARTESIAN_POINT('',(-1.270530792283,0.7,0.25));
#12220 = DIRECTION('',(-1.144237745222E-17,-1.,0.));
#12221 = DIRECTION('',(-2.22044604925E-15,2.540718180781E-32,-1.));
#12222 = ORIENTED_EDGE('',*,*,#12223,.T.);
#12223 = EDGE_CURVE('',#12215,#12224,#12226,.T.);
#12224 = VERTEX_POINT('',#12225);
#12225 = CARTESIAN_POINT('',(-1.096201938253,0.7,0.693412044417));
#12226 = LINE('',#12227,#12228);
#12227 = CARTESIAN_POINT('',(-1.172050016982,0.7,0.232635182233));
#12228 = VECTOR('',#12229,1.);
#12229 = DIRECTION('',(0.162423314012,-1.858508865964E-18,0.986721169868
    ));
#12230 = ORIENTED_EDGE('',*,*,#12231,.T.);
#12231 = EDGE_CURVE('',#12224,#11396,#12232,.T.);
#12232 = CIRCLE('',#12233,0.25);
#12233 = AXIS2_PLACEMENT_3D('',#12234,#12235,#12236);
#12234 = CARTESIAN_POINT('',(-0.85,0.7,0.65));
#12235 = DIRECTION('',(1.144237745222E-17,1.,7.703719777549E-34));
#12236 = DIRECTION('',(-0.984807753012,1.126854202784E-17,0.173648177667
    ));
#12237 = ORIENTED_EDGE('',*,*,#11395,.T.);
#12238 = PLANE('',#12239);
#12239 = AXIS2_PLACEMENT_3D('',#12240,#12241,#12242);
#12240 = CARTESIAN_POINT('',(-1.069123385139,0.7,0.441695635315));
#12241 = DIRECTION('',(1.144237745222E-17,1.,0.));
#12242 = DIRECTION('',(0.,-0.,1.));
#12243 = ADVANCED_FACE('',(#12244),#12263,.F.);
#12244 = FACE_BOUND('',#12245,.F.);
#12245 = EDGE_LOOP('',(#12246,#12247,#12256,#12262));
#12246 = ORIENTED_EDGE('',*,*,#11161,.T.);
#12247 = ORIENTED_EDGE('',*,*,#12248,.T.);
#12248 = EDGE_CURVE('',#11154,#12249,#12251,.T.);
#12249 = VERTEX_POINT('',#12250);
#12250 = CARTESIAN_POINT('',(-0.948480775301,1.2,0.667364817767));
#12251 = CIRCLE('',#12252,0.1);
#12252 = AXIS2_PLACEMENT_3D('',#12253,#12254,#12255);
#12253 = CARTESIAN_POINT('',(-0.85,1.2,0.65));
#12254 = DIRECTION('',(-1.144237745222E-17,-1.,0.));
#12255 = DIRECTION('',(0.,0.,1.));
#12256 = ORIENTED_EDGE('',*,*,#12257,.F.);
#12257 = EDGE_CURVE('',#12165,#12249,#12258,.T.);
#12258 = LINE('',#12259,#12260);
#12259 = CARTESIAN_POINT('',(-0.948480775301,0.7,0.667364817767));
#12260 = VECTOR('',#12261,1.);
#12261 = DIRECTION('',(1.144237745222E-17,1.,0.));
#12262 = ORIENTED_EDGE('',*,*,#12164,.F.);
#12263 = CYLINDRICAL_SURFACE('',#12264,0.1);
#12264 = AXIS2_PLACEMENT_3D('',#12265,#12266,#12267);
#12265 = CARTESIAN_POINT('',(-0.85,0.7,0.65));
#12266 = DIRECTION('',(-1.144237745222E-17,-1.,0.));
#12267 = DIRECTION('',(0.,0.,1.));
#12268 = ADVANCED_FACE('',(#12269),#12340,.T.);
#12269 = FACE_BOUND('',#12270,.T.);
#12270 = EDGE_LOOP('',(#12271,#12272,#12273,#12274,#12282,#12291,#12299,
    #12307,#12315,#12324,#12332,#12339));
#12271 = ORIENTED_EDGE('',*,*,#11175,.F.);
#12272 = ORIENTED_EDGE('',*,*,#11153,.T.);
#12273 = ORIENTED_EDGE('',*,*,#12248,.T.);
#12274 = ORIENTED_EDGE('',*,*,#12275,.T.);
#12275 = EDGE_CURVE('',#12249,#12276,#12278,.T.);
#12276 = VERTEX_POINT('',#12277);
#12277 = CARTESIAN_POINT('',(-1.02432885403,1.2,0.206587955583));
#12278 = LINE('',#12279,#12280);
#12279 = CARTESIAN_POINT('',(-0.948480775301,1.2,0.667364817767));
#12280 = VECTOR('',#12281,1.);
#12281 = DIRECTION('',(-0.162423314012,1.858508865964E-18,
    -0.986721169868));
#12282 = ORIENTED_EDGE('',*,*,#12283,.T.);
#12283 = EDGE_CURVE('',#12276,#12284,#12286,.T.);
#12284 = VERTEX_POINT('',#12285);
#12285 = CARTESIAN_POINT('',(-1.270530792283,1.2,0.));
#12286 = CIRCLE('',#12287,0.25);
#12287 = AXIS2_PLACEMENT_3D('',#12288,#12289,#12290);
#12288 = CARTESIAN_POINT('',(-1.270530792283,1.2,0.25));
#12289 = DIRECTION('',(1.144237745222E-17,1.,1.155557966632E-33));
#12290 = DIRECTION('',(0.984807753012,-1.126854202784E-17,
    -0.173648177667));
#12291 = ORIENTED_EDGE('',*,*,#12292,.T.);
#12292 = EDGE_CURVE('',#12284,#12293,#12295,.T.);
#12293 = VERTEX_POINT('',#12294);
#12294 = CARTESIAN_POINT('',(-1.4,1.2,0.));
#12295 = LINE('',#12296,#12297);
#12296 = CARTESIAN_POINT('',(-1.270530792283,1.2,0.));
#12297 = VECTOR('',#12298,1.);
#12298 = DIRECTION('',(-1.,1.144237745222E-17,0.));
#12299 = ORIENTED_EDGE('',*,*,#12300,.T.);
#12300 = EDGE_CURVE('',#12293,#12301,#12303,.T.);
#12301 = VERTEX_POINT('',#12302);
#12302 = CARTESIAN_POINT('',(-1.4,1.2,0.15));
#12303 = LINE('',#12304,#12305);
#12304 = CARTESIAN_POINT('',(-1.4,1.2,0.));
#12305 = VECTOR('',#12306,1.);
#12306 = DIRECTION('',(0.,0.,1.));
#12307 = ORIENTED_EDGE('',*,*,#12308,.T.);
#12308 = EDGE_CURVE('',#12301,#12309,#12311,.T.);
#12309 = VERTEX_POINT('',#12310);
#12310 = CARTESIAN_POINT('',(-1.270530792283,1.2,0.15));
#12311 = LINE('',#12312,#12313);
#12312 = CARTESIAN_POINT('',(-1.4,1.2,0.15));
#12313 = VECTOR('',#12314,1.);
#12314 = DIRECTION('',(1.,-1.144237745222E-17,0.));
#12315 = ORIENTED_EDGE('',*,*,#12316,.T.);
#12316 = EDGE_CURVE('',#12309,#12317,#12319,.T.);
#12317 = VERTEX_POINT('',#12318);
#12318 = CARTESIAN_POINT('',(-1.172050016982,1.2,0.232635182233));
#12319 = CIRCLE('',#12320,0.1);
#12320 = AXIS2_PLACEMENT_3D('',#12321,#12322,#12323);
#12321 = CARTESIAN_POINT('',(-1.270530792283,1.2,0.25));
#12322 = DIRECTION('',(-1.144237745222E-17,-1.,0.));
#12323 = DIRECTION('',(-2.22044604925E-15,2.540718180781E-32,-1.));
#12324 = ORIENTED_EDGE('',*,*,#12325,.T.);
#12325 = EDGE_CURVE('',#12317,#12326,#12328,.T.);
#12326 = VERTEX_POINT('',#12327);
#12327 = CARTESIAN_POINT('',(-1.096201938253,1.2,0.693412044417));
#12328 = LINE('',#12329,#12330);
#12329 = CARTESIAN_POINT('',(-1.172050016982,1.2,0.232635182233));
#12330 = VECTOR('',#12331,1.);
#12331 = DIRECTION('',(0.162423314012,-1.858508865964E-18,0.986721169868
    ));
#12332 = ORIENTED_EDGE('',*,*,#12333,.T.);
#12333 = EDGE_CURVE('',#12326,#11404,#12334,.T.);
#12334 = CIRCLE('',#12335,0.25);
#12335 = AXIS2_PLACEMENT_3D('',#12336,#12337,#12338);
#12336 = CARTESIAN_POINT('',(-0.85,1.2,0.65));
#12337 = DIRECTION('',(1.144237745222E-17,1.,7.703719777549E-34));
#12338 = DIRECTION('',(-0.984807753012,1.126854202784E-17,0.173648177667
    ));
#12339 = ORIENTED_EDGE('',*,*,#11411,.T.);
#12340 = PLANE('',#12341);
#12341 = AXIS2_PLACEMENT_3D('',#12342,#12343,#12344);
#12342 = CARTESIAN_POINT('',(-1.069123385139,1.2,0.441695635315));
#12343 = DIRECTION('',(1.144237745222E-17,1.,0.));
#12344 = DIRECTION('',(0.,-0.,1.));
#12345 = ADVANCED_FACE('',(#12346),#12425,.F.);
#12346 = FACE_BOUND('',#12347,.F.);
#12347 = EDGE_LOOP('',(#12348,#12349,#12350,#12359,#12367,#12376,#12384,
    #12392,#12400,#12409,#12417,#12424));
#12348 = ORIENTED_EDGE('',*,*,#11194,.F.);
#12349 = ORIENTED_EDGE('',*,*,#11209,.T.);
#12350 = ORIENTED_EDGE('',*,*,#12351,.T.);
#12351 = EDGE_CURVE('',#11210,#12352,#12354,.T.);
#12352 = VERTEX_POINT('',#12353);
#12353 = CARTESIAN_POINT('',(0.948480775301,1.2,0.667364817767));
#12354 = CIRCLE('',#12355,0.1);
#12355 = AXIS2_PLACEMENT_3D('',#12356,#12357,#12358);
#12356 = CARTESIAN_POINT('',(0.85,1.2,0.65));
#12357 = DIRECTION('',(-1.110223024625E-16,1.,0.));
#12358 = DIRECTION('',(0.,0.,1.));
#12359 = ORIENTED_EDGE('',*,*,#12360,.T.);
#12360 = EDGE_CURVE('',#12352,#12361,#12363,.T.);
#12361 = VERTEX_POINT('',#12362);
#12362 = CARTESIAN_POINT('',(1.02432885403,1.2,0.206587955583));
#12363 = LINE('',#12364,#12365);
#12364 = CARTESIAN_POINT('',(0.948480775301,1.2,0.667364817767));
#12365 = VECTOR('',#12366,1.);
#12366 = DIRECTION('',(0.162423314012,1.803261029519E-17,-0.986721169868
    ));
#12367 = ORIENTED_EDGE('',*,*,#12368,.T.);
#12368 = EDGE_CURVE('',#12361,#12369,#12371,.T.);
#12369 = VERTEX_POINT('',#12370);
#12370 = CARTESIAN_POINT('',(1.270530792283,1.2,0.));
#12371 = CIRCLE('',#12372,0.25);
#12372 = AXIS2_PLACEMENT_3D('',#12373,#12374,#12375);
#12373 = CARTESIAN_POINT('',(1.270530792283,1.2,0.25));
#12374 = DIRECTION('',(1.110223024625E-16,-1.,0.));
#12375 = DIRECTION('',(-0.984807753012,-1.093356242223E-16,
    -0.173648177667));
#12376 = ORIENTED_EDGE('',*,*,#12377,.T.);
#12377 = EDGE_CURVE('',#12369,#12378,#12380,.T.);
#12378 = VERTEX_POINT('',#12379);
#12379 = CARTESIAN_POINT('',(1.4,1.2,0.));
#12380 = LINE('',#12381,#12382);
#12381 = CARTESIAN_POINT('',(1.270530792283,1.2,0.));
#12382 = VECTOR('',#12383,1.);
#12383 = DIRECTION('',(1.,1.110223024625E-16,0.));
#12384 = ORIENTED_EDGE('',*,*,#12385,.T.);
#12385 = EDGE_CURVE('',#12378,#12386,#12388,.T.);
#12386 = VERTEX_POINT('',#12387);
#12387 = CARTESIAN_POINT('',(1.4,1.2,0.15));
#12388 = LINE('',#12389,#12390);
#12389 = CARTESIAN_POINT('',(1.4,1.2,0.));
#12390 = VECTOR('',#12391,1.);
#12391 = DIRECTION('',(0.,0.,1.));
#12392 = ORIENTED_EDGE('',*,*,#12393,.T.);
#12393 = EDGE_CURVE('',#12386,#12394,#12396,.T.);
#12394 = VERTEX_POINT('',#12395);
#12395 = CARTESIAN_POINT('',(1.270530792283,1.2,0.15));
#12396 = LINE('',#12397,#12398);
#12397 = CARTESIAN_POINT('',(1.4,1.2,0.15));
#12398 = VECTOR('',#12399,1.);
#12399 = DIRECTION('',(-1.,-1.110223024625E-16,0.));
#12400 = ORIENTED_EDGE('',*,*,#12401,.T.);
#12401 = EDGE_CURVE('',#12394,#12402,#12404,.T.);
#12402 = VERTEX_POINT('',#12403);
#12403 = CARTESIAN_POINT('',(1.172050016982,1.2,0.232635182233));
#12404 = CIRCLE('',#12405,0.1);
#12405 = AXIS2_PLACEMENT_3D('',#12406,#12407,#12408);
#12406 = CARTESIAN_POINT('',(1.270530792283,1.2,0.25));
#12407 = DIRECTION('',(-1.110223024625E-16,1.,0.));
#12408 = DIRECTION('',(2.22044604925E-15,2.465190328815E-31,-1.));
#12409 = ORIENTED_EDGE('',*,*,#12410,.T.);
#12410 = EDGE_CURVE('',#12402,#12411,#12413,.T.);
#12411 = VERTEX_POINT('',#12412);
#12412 = CARTESIAN_POINT('',(1.096201938253,1.2,0.693412044417));
#12413 = LINE('',#12414,#12415);
#12414 = CARTESIAN_POINT('',(1.172050016982,1.2,0.232635182233));
#12415 = VECTOR('',#12416,1.);
#12416 = DIRECTION('',(-0.162423314012,-1.803261029519E-17,
    0.986721169868));
#12417 = ORIENTED_EDGE('',*,*,#12418,.T.);
#12418 = EDGE_CURVE('',#12411,#11635,#12419,.T.);
#12419 = CIRCLE('',#12420,0.25);
#12420 = AXIS2_PLACEMENT_3D('',#12421,#12422,#12423);
#12421 = CARTESIAN_POINT('',(0.85,1.2,0.65));
#12422 = DIRECTION('',(1.110223024625E-16,-1.,0.));
#12423 = DIRECTION('',(0.984807753012,1.093356242223E-16,0.173648177667)
  );
#12424 = ORIENTED_EDGE('',*,*,#11634,.T.);
#12425 = PLANE('',#12426);
#12426 = AXIS2_PLACEMENT_3D('',#12427,#12428,#12429);
#12427 = CARTESIAN_POINT('',(1.069123385139,1.2,0.441695635315));
#12428 = DIRECTION('',(1.110223024625E-16,-1.,0.));
#12429 = DIRECTION('',(0.,0.,1.));
#12430 = ADVANCED_FACE('',(#12431),#12450,.F.);
#12431 = FACE_BOUND('',#12432,.F.);
#12432 = EDGE_LOOP('',(#12433,#12434,#12443,#12449));
#12433 = ORIENTED_EDGE('',*,*,#11226,.T.);
#12434 = ORIENTED_EDGE('',*,*,#12435,.T.);
#12435 = EDGE_CURVE('',#11219,#12436,#12438,.T.);
#12436 = VERTEX_POINT('',#12437);
#12437 = CARTESIAN_POINT('',(0.948480775301,0.7,0.667364817767));
#12438 = CIRCLE('',#12439,0.1);
#12439 = AXIS2_PLACEMENT_3D('',#12440,#12441,#12442);
#12440 = CARTESIAN_POINT('',(0.85,0.7,0.65));
#12441 = DIRECTION('',(-1.110223024625E-16,1.,0.));
#12442 = DIRECTION('',(0.,0.,1.));
#12443 = ORIENTED_EDGE('',*,*,#12444,.F.);
#12444 = EDGE_CURVE('',#12352,#12436,#12445,.T.);
#12445 = LINE('',#12446,#12447);
#12446 = CARTESIAN_POINT('',(0.948480775301,1.2,0.667364817767));
#12447 = VECTOR('',#12448,1.);
#12448 = DIRECTION('',(1.110223024625E-16,-1.,0.));
#12449 = ORIENTED_EDGE('',*,*,#12351,.F.);
#12450 = CYLINDRICAL_SURFACE('',#12451,0.1);
#12451 = AXIS2_PLACEMENT_3D('',#12452,#12453,#12454);
#12452 = CARTESIAN_POINT('',(0.85,1.2,0.65));
#12453 = DIRECTION('',(-1.110223024625E-16,1.,0.));
#12454 = DIRECTION('',(0.,0.,1.));
#12455 = ADVANCED_FACE('',(#12456),#12527,.T.);
#12456 = FACE_BOUND('',#12457,.T.);
#12457 = EDGE_LOOP('',(#12458,#12459,#12460,#12461,#12469,#12478,#12486,
    #12494,#12502,#12511,#12519,#12526));
#12458 = ORIENTED_EDGE('',*,*,#11240,.F.);
#12459 = ORIENTED_EDGE('',*,*,#11218,.T.);
#12460 = ORIENTED_EDGE('',*,*,#12435,.T.);
#12461 = ORIENTED_EDGE('',*,*,#12462,.T.);
#12462 = EDGE_CURVE('',#12436,#12463,#12465,.T.);
#12463 = VERTEX_POINT('',#12464);
#12464 = CARTESIAN_POINT('',(1.02432885403,0.7,0.206587955583));
#12465 = LINE('',#12466,#12467);
#12466 = CARTESIAN_POINT('',(0.948480775301,0.7,0.667364817767));
#12467 = VECTOR('',#12468,1.);
#12468 = DIRECTION('',(0.162423314012,1.803261029519E-17,-0.986721169868
    ));
#12469 = ORIENTED_EDGE('',*,*,#12470,.T.);
#12470 = EDGE_CURVE('',#12463,#12471,#12473,.T.);
#12471 = VERTEX_POINT('',#12472);
#12472 = CARTESIAN_POINT('',(1.270530792283,0.7,0.));
#12473 = CIRCLE('',#12474,0.25);
#12474 = AXIS2_PLACEMENT_3D('',#12475,#12476,#12477);
#12475 = CARTESIAN_POINT('',(1.270530792283,0.7,0.25));
#12476 = DIRECTION('',(1.110223024625E-16,-1.,0.));
#12477 = DIRECTION('',(-0.984807753012,-1.093356242223E-16,
    -0.173648177667));
#12478 = ORIENTED_EDGE('',*,*,#12479,.T.);
#12479 = EDGE_CURVE('',#12471,#12480,#12482,.T.);
#12480 = VERTEX_POINT('',#12481);
#12481 = CARTESIAN_POINT('',(1.4,0.7,0.));
#12482 = LINE('',#12483,#12484);
#12483 = CARTESIAN_POINT('',(1.270530792283,0.7,0.));
#12484 = VECTOR('',#12485,1.);
#12485 = DIRECTION('',(1.,1.110223024625E-16,0.));
#12486 = ORIENTED_EDGE('',*,*,#12487,.T.);
#12487 = EDGE_CURVE('',#12480,#12488,#12490,.T.);
#12488 = VERTEX_POINT('',#12489);
#12489 = CARTESIAN_POINT('',(1.4,0.7,0.15));
#12490 = LINE('',#12491,#12492);
#12491 = CARTESIAN_POINT('',(1.4,0.7,0.));
#12492 = VECTOR('',#12493,1.);
#12493 = DIRECTION('',(0.,0.,1.));
#12494 = ORIENTED_EDGE('',*,*,#12495,.T.);
#12495 = EDGE_CURVE('',#12488,#12496,#12498,.T.);
#12496 = VERTEX_POINT('',#12497);
#12497 = CARTESIAN_POINT('',(1.270530792283,0.7,0.15));
#12498 = LINE('',#12499,#12500);
#12499 = CARTESIAN_POINT('',(1.4,0.7,0.15));
#12500 = VECTOR('',#12501,1.);
#12501 = DIRECTION('',(-1.,-1.110223024625E-16,0.));
#12502 = ORIENTED_EDGE('',*,*,#12503,.T.);
#12503 = EDGE_CURVE('',#12496,#12504,#12506,.T.);
#12504 = VERTEX_POINT('',#12505);
#12505 = CARTESIAN_POINT('',(1.172050016982,0.7,0.232635182233));
#12506 = CIRCLE('',#12507,0.1);
#12507 = AXIS2_PLACEMENT_3D('',#12508,#12509,#12510);
#12508 = CARTESIAN_POINT('',(1.270530792283,0.7,0.25));
#12509 = DIRECTION('',(-1.110223024625E-16,1.,0.));
#12510 = DIRECTION('',(2.22044604925E-15,2.465190328815E-31,-1.));
#12511 = ORIENTED_EDGE('',*,*,#12512,.T.);
#12512 = EDGE_CURVE('',#12504,#12513,#12515,.T.);
#12513 = VERTEX_POINT('',#12514);
#12514 = CARTESIAN_POINT('',(1.096201938253,0.7,0.693412044417));
#12515 = LINE('',#12516,#12517);
#12516 = CARTESIAN_POINT('',(1.172050016982,0.7,0.232635182233));
#12517 = VECTOR('',#12518,1.);
#12518 = DIRECTION('',(-0.162423314012,-1.803261029519E-17,
    0.986721169868));
#12519 = ORIENTED_EDGE('',*,*,#12520,.T.);
#12520 = EDGE_CURVE('',#12513,#11643,#12521,.T.);
#12521 = CIRCLE('',#12522,0.25);
#12522 = AXIS2_PLACEMENT_3D('',#12523,#12524,#12525);
#12523 = CARTESIAN_POINT('',(0.85,0.7,0.65));
#12524 = DIRECTION('',(1.110223024625E-16,-1.,0.));
#12525 = DIRECTION('',(0.984807753012,1.093356242223E-16,0.173648177667)
  );
#12526 = ORIENTED_EDGE('',*,*,#11650,.T.);
#12527 = PLANE('',#12528);
#12528 = AXIS2_PLACEMENT_3D('',#12529,#12530,#12531);
#12529 = CARTESIAN_POINT('',(1.069123385139,0.7,0.441695635315));
#12530 = DIRECTION('',(1.110223024625E-16,-1.,0.));
#12531 = DIRECTION('',(0.,0.,1.));
#12532 = ADVANCED_FACE('',(#12533),#12544,.F.);
#12533 = FACE_BOUND('',#12534,.F.);
#12534 = EDGE_LOOP('',(#12535,#12536,#12537,#12543));
#12535 = ORIENTED_EDGE('',*,*,#11656,.F.);
#12536 = ORIENTED_EDGE('',*,*,#11257,.T.);
#12537 = ORIENTED_EDGE('',*,*,#12538,.T.);
#12538 = EDGE_CURVE('',#11250,#11589,#12539,.T.);
#12539 = LINE('',#12540,#12541);
#12540 = CARTESIAN_POINT('',(0.85,-0.7,0.9));
#12541 = VECTOR('',#12542,1.);
#12542 = DIRECTION('',(-1.,-1.110223024625E-16,0.));
#12543 = ORIENTED_EDGE('',*,*,#11588,.F.);
#12544 = PLANE('',#12545);
#12545 = AXIS2_PLACEMENT_3D('',#12546,#12547,#12548);
#12546 = CARTESIAN_POINT('',(-2.091417030376E-16,1.4375,0.9));
#12547 = DIRECTION('',(4.595758349624E-18,6.551522493592E-27,-1.));
#12548 = DIRECTION('',(1.,1.51922136901E-16,4.595758349624E-18));
#12549 = ADVANCED_FACE('',(#12550),#12636,.F.);
#12550 = FACE_BOUND('',#12551,.F.);
#12551 = EDGE_LOOP('',(#12552,#12553,#12554,#12563,#12571,#12580,#12588,
    #12596,#12604,#12613,#12621,#12630));
#12552 = ORIENTED_EDGE('',*,*,#11249,.F.);
#12553 = ORIENTED_EDGE('',*,*,#11271,.T.);
#12554 = ORIENTED_EDGE('',*,*,#12555,.T.);
#12555 = EDGE_CURVE('',#11272,#12556,#12558,.T.);
#12556 = VERTEX_POINT('',#12557);
#12557 = CARTESIAN_POINT('',(0.948480775301,-0.7,0.667364817767));
#12558 = CIRCLE('',#12559,0.1);
#12559 = AXIS2_PLACEMENT_3D('',#12560,#12561,#12562);
#12560 = CARTESIAN_POINT('',(0.85,-0.7,0.65));
#12561 = DIRECTION('',(-1.110223024625E-16,1.,0.));
#12562 = DIRECTION('',(0.,0.,1.));
#12563 = ORIENTED_EDGE('',*,*,#12564,.T.);
#12564 = EDGE_CURVE('',#12556,#12565,#12567,.T.);
#12565 = VERTEX_POINT('',#12566);
#12566 = CARTESIAN_POINT('',(1.02432885403,-0.7,0.206587955583));
#12567 = LINE('',#12568,#12569);
#12568 = CARTESIAN_POINT('',(0.948480775301,-0.7,0.667364817767));
#12569 = VECTOR('',#12570,1.);
#12570 = DIRECTION('',(0.162423314012,1.803261029519E-17,-0.986721169868
    ));
#12571 = ORIENTED_EDGE('',*,*,#12572,.T.);
#12572 = EDGE_CURVE('',#12565,#12573,#12575,.T.);
#12573 = VERTEX_POINT('',#12574);
#12574 = CARTESIAN_POINT('',(1.270530792283,-0.7,0.));
#12575 = CIRCLE('',#12576,0.25);
#12576 = AXIS2_PLACEMENT_3D('',#12577,#12578,#12579);
#12577 = CARTESIAN_POINT('',(1.270530792283,-0.7,0.25));
#12578 = DIRECTION('',(1.110223024625E-16,-1.,0.));
#12579 = DIRECTION('',(-0.984807753012,-1.093356242223E-16,
    -0.173648177667));
#12580 = ORIENTED_EDGE('',*,*,#12581,.T.);
#12581 = EDGE_CURVE('',#12573,#12582,#12584,.T.);
#12582 = VERTEX_POINT('',#12583);
#12583 = CARTESIAN_POINT('',(1.4,-0.7,0.));
#12584 = LINE('',#12585,#12586);
#12585 = CARTESIAN_POINT('',(1.270530792283,-0.7,0.));
#12586 = VECTOR('',#12587,1.);
#12587 = DIRECTION('',(1.,1.110223024625E-16,0.));
#12588 = ORIENTED_EDGE('',*,*,#12589,.T.);
#12589 = EDGE_CURVE('',#12582,#12590,#12592,.T.);
#12590 = VERTEX_POINT('',#12591);
#12591 = CARTESIAN_POINT('',(1.4,-0.7,0.15));
#12592 = LINE('',#12593,#12594);
#12593 = CARTESIAN_POINT('',(1.4,-0.7,0.));
#12594 = VECTOR('',#12595,1.);
#12595 = DIRECTION('',(0.,0.,1.));
#12596 = ORIENTED_EDGE('',*,*,#12597,.T.);
#12597 = EDGE_CURVE('',#12590,#12598,#12600,.T.);
#12598 = VERTEX_POINT('',#12599);
#12599 = CARTESIAN_POINT('',(1.270530792283,-0.7,0.15));
#12600 = LINE('',#12601,#12602);
#12601 = CARTESIAN_POINT('',(1.4,-0.7,0.15));
#12602 = VECTOR('',#12603,1.);
#12603 = DIRECTION('',(-1.,-1.110223024625E-16,0.));
#12604 = ORIENTED_EDGE('',*,*,#12605,.T.);
#12605 = EDGE_CURVE('',#12598,#12606,#12608,.T.);
#12606 = VERTEX_POINT('',#12607);
#12607 = CARTESIAN_POINT('',(1.172050016982,-0.7,0.232635182233));
#12608 = CIRCLE('',#12609,0.1);
#12609 = AXIS2_PLACEMENT_3D('',#12610,#12611,#12612);
#12610 = CARTESIAN_POINT('',(1.270530792283,-0.7,0.25));
#12611 = DIRECTION('',(-1.110223024625E-16,1.,0.));
#12612 = DIRECTION('',(2.22044604925E-15,2.465190328815E-31,-1.));
#12613 = ORIENTED_EDGE('',*,*,#12614,.T.);
#12614 = EDGE_CURVE('',#12606,#12615,#12617,.T.);
#12615 = VERTEX_POINT('',#12616);
#12616 = CARTESIAN_POINT('',(1.096201938253,-0.7,0.693412044417));
#12617 = LINE('',#12618,#12619);
#12618 = CARTESIAN_POINT('',(1.172050016982,-0.7,0.232635182233));
#12619 = VECTOR('',#12620,1.);
#12620 = DIRECTION('',(-0.162423314012,-1.803261029519E-17,
    0.986721169868));
#12621 = ORIENTED_EDGE('',*,*,#12622,.T.);
#12622 = EDGE_CURVE('',#12615,#12623,#12625,.T.);
#12623 = VERTEX_POINT('',#12624);
#12624 = CARTESIAN_POINT('',(0.85,-0.7,0.9));
#12625 = CIRCLE('',#12626,0.25);
#12626 = AXIS2_PLACEMENT_3D('',#12627,#12628,#12629);
#12627 = CARTESIAN_POINT('',(0.85,-0.7,0.65));
#12628 = DIRECTION('',(1.110223024625E-16,-1.,0.));
#12629 = DIRECTION('',(0.984807753012,1.093356242223E-16,0.173648177667)
  );
#12630 = ORIENTED_EDGE('',*,*,#12631,.T.);
#12631 = EDGE_CURVE('',#12623,#11250,#12632,.T.);
#12632 = LINE('',#12633,#12634);
#12633 = CARTESIAN_POINT('',(0.85,-0.7,0.9));
#12634 = VECTOR('',#12635,1.);
#12635 = DIRECTION('',(-1.,-1.110223024625E-16,0.));
#12636 = PLANE('',#12637);
#12637 = AXIS2_PLACEMENT_3D('',#12638,#12639,#12640);
#12638 = CARTESIAN_POINT('',(1.069123385139,-0.7,0.441695635315));
#12639 = DIRECTION('',(1.110223024625E-16,-1.,0.));
#12640 = DIRECTION('',(0.,0.,1.));
#12641 = ADVANCED_FACE('',(#12642),#12661,.F.);
#12642 = FACE_BOUND('',#12643,.F.);
#12643 = EDGE_LOOP('',(#12644,#12645,#12654,#12660));
#12644 = ORIENTED_EDGE('',*,*,#11288,.T.);
#12645 = ORIENTED_EDGE('',*,*,#12646,.T.);
#12646 = EDGE_CURVE('',#11281,#12647,#12649,.T.);
#12647 = VERTEX_POINT('',#12648);
#12648 = CARTESIAN_POINT('',(0.948480775301,-1.2,0.667364817767));
#12649 = CIRCLE('',#12650,0.1);
#12650 = AXIS2_PLACEMENT_3D('',#12651,#12652,#12653);
#12651 = CARTESIAN_POINT('',(0.85,-1.2,0.65));
#12652 = DIRECTION('',(-1.110223024625E-16,1.,0.));
#12653 = DIRECTION('',(0.,0.,1.));
#12654 = ORIENTED_EDGE('',*,*,#12655,.F.);
#12655 = EDGE_CURVE('',#12556,#12647,#12656,.T.);
#12656 = LINE('',#12657,#12658);
#12657 = CARTESIAN_POINT('',(0.948480775301,-0.7,0.667364817767));
#12658 = VECTOR('',#12659,1.);
#12659 = DIRECTION('',(1.110223024625E-16,-1.,0.));
#12660 = ORIENTED_EDGE('',*,*,#12555,.F.);
#12661 = CYLINDRICAL_SURFACE('',#12662,0.1);
#12662 = AXIS2_PLACEMENT_3D('',#12663,#12664,#12665);
#12663 = CARTESIAN_POINT('',(0.85,-0.7,0.65));
#12664 = DIRECTION('',(-1.110223024625E-16,1.,0.));
#12665 = DIRECTION('',(0.,0.,1.));
#12666 = ADVANCED_FACE('',(#12667),#12745,.T.);
#12667 = FACE_BOUND('',#12668,.T.);
#12668 = EDGE_LOOP('',(#12669,#12670,#12671,#12672,#12680,#12689,#12697,
    #12705,#12713,#12722,#12730,#12739));
#12669 = ORIENTED_EDGE('',*,*,#11302,.F.);
#12670 = ORIENTED_EDGE('',*,*,#11280,.T.);
#12671 = ORIENTED_EDGE('',*,*,#12646,.T.);
#12672 = ORIENTED_EDGE('',*,*,#12673,.T.);
#12673 = EDGE_CURVE('',#12647,#12674,#12676,.T.);
#12674 = VERTEX_POINT('',#12675);
#12675 = CARTESIAN_POINT('',(1.02432885403,-1.2,0.206587955583));
#12676 = LINE('',#12677,#12678);
#12677 = CARTESIAN_POINT('',(0.948480775301,-1.2,0.667364817767));
#12678 = VECTOR('',#12679,1.);
#12679 = DIRECTION('',(0.162423314012,1.803261029519E-17,-0.986721169868
    ));
#12680 = ORIENTED_EDGE('',*,*,#12681,.T.);
#12681 = EDGE_CURVE('',#12674,#12682,#12684,.T.);
#12682 = VERTEX_POINT('',#12683);
#12683 = CARTESIAN_POINT('',(1.270530792283,-1.2,0.));
#12684 = CIRCLE('',#12685,0.25);
#12685 = AXIS2_PLACEMENT_3D('',#12686,#12687,#12688);
#12686 = CARTESIAN_POINT('',(1.270530792283,-1.2,0.25));
#12687 = DIRECTION('',(1.110223024625E-16,-1.,0.));
#12688 = DIRECTION('',(-0.984807753012,-1.093356242223E-16,
    -0.173648177667));
#12689 = ORIENTED_EDGE('',*,*,#12690,.T.);
#12690 = EDGE_CURVE('',#12682,#12691,#12693,.T.);
#12691 = VERTEX_POINT('',#12692);
#12692 = CARTESIAN_POINT('',(1.4,-1.2,0.));
#12693 = LINE('',#12694,#12695);
#12694 = CARTESIAN_POINT('',(1.270530792283,-1.2,0.));
#12695 = VECTOR('',#12696,1.);
#12696 = DIRECTION('',(1.,1.110223024625E-16,0.));
#12697 = ORIENTED_EDGE('',*,*,#12698,.T.);
#12698 = EDGE_CURVE('',#12691,#12699,#12701,.T.);
#12699 = VERTEX_POINT('',#12700);
#12700 = CARTESIAN_POINT('',(1.4,-1.2,0.15));
#12701 = LINE('',#12702,#12703);
#12702 = CARTESIAN_POINT('',(1.4,-1.2,0.));
#12703 = VECTOR('',#12704,1.);
#12704 = DIRECTION('',(0.,0.,1.));
#12705 = ORIENTED_EDGE('',*,*,#12706,.T.);
#12706 = EDGE_CURVE('',#12699,#12707,#12709,.T.);
#12707 = VERTEX_POINT('',#12708);
#12708 = CARTESIAN_POINT('',(1.270530792283,-1.2,0.15));
#12709 = LINE('',#12710,#12711);
#12710 = CARTESIAN_POINT('',(1.4,-1.2,0.15));
#12711 = VECTOR('',#12712,1.);
#12712 = DIRECTION('',(-1.,-1.110223024625E-16,0.));
#12713 = ORIENTED_EDGE('',*,*,#12714,.T.);
#12714 = EDGE_CURVE('',#12707,#12715,#12717,.T.);
#12715 = VERTEX_POINT('',#12716);
#12716 = CARTESIAN_POINT('',(1.172050016982,-1.2,0.232635182233));
#12717 = CIRCLE('',#12718,0.1);
#12718 = AXIS2_PLACEMENT_3D('',#12719,#12720,#12721);
#12719 = CARTESIAN_POINT('',(1.270530792283,-1.2,0.25));
#12720 = DIRECTION('',(-1.110223024625E-16,1.,0.));
#12721 = DIRECTION('',(2.22044604925E-15,2.465190328815E-31,-1.));
#12722 = ORIENTED_EDGE('',*,*,#12723,.T.);
#12723 = EDGE_CURVE('',#12715,#12724,#12726,.T.);
#12724 = VERTEX_POINT('',#12725);
#12725 = CARTESIAN_POINT('',(1.096201938253,-1.2,0.693412044417));
#12726 = LINE('',#12727,#12728);
#12727 = CARTESIAN_POINT('',(1.172050016982,-1.2,0.232635182233));
#12728 = VECTOR('',#12729,1.);
#12729 = DIRECTION('',(-0.162423314012,-1.803261029519E-17,
    0.986721169868));
#12730 = ORIENTED_EDGE('',*,*,#12731,.T.);
#12731 = EDGE_CURVE('',#12724,#12732,#12734,.T.);
#12732 = VERTEX_POINT('',#12733);
#12733 = CARTESIAN_POINT('',(0.85,-1.2,0.9));
#12734 = CIRCLE('',#12735,0.25);
#12735 = AXIS2_PLACEMENT_3D('',#12736,#12737,#12738);
#12736 = CARTESIAN_POINT('',(0.85,-1.2,0.65));
#12737 = DIRECTION('',(1.110223024625E-16,-1.,0.));
#12738 = DIRECTION('',(0.984807753012,1.093356242223E-16,0.173648177667)
  );
#12739 = ORIENTED_EDGE('',*,*,#12740,.T.);
#12740 = EDGE_CURVE('',#12732,#11303,#12741,.T.);
#12741 = LINE('',#12742,#12743);
#12742 = CARTESIAN_POINT('',(0.85,-1.2,0.9));
#12743 = VECTOR('',#12744,1.);
#12744 = DIRECTION('',(-1.,-1.110223024625E-16,0.));
#12745 = PLANE('',#12746);
#12746 = AXIS2_PLACEMENT_3D('',#12747,#12748,#12749);
#12747 = CARTESIAN_POINT('',(1.069123385139,-1.2,0.441695635315));
#12748 = DIRECTION('',(1.110223024625E-16,-1.,0.));
#12749 = DIRECTION('',(0.,0.,1.));
#12750 = ADVANCED_FACE('',(#12751),#12762,.T.);
#12751 = FACE_BOUND('',#12752,.T.);
#12752 = EDGE_LOOP('',(#12753,#12754,#12755,#12756));
#12753 = ORIENTED_EDGE('',*,*,#12231,.T.);
#12754 = ORIENTED_EDGE('',*,*,#11403,.T.);
#12755 = ORIENTED_EDGE('',*,*,#12333,.F.);
#12756 = ORIENTED_EDGE('',*,*,#12757,.F.);
#12757 = EDGE_CURVE('',#12224,#12326,#12758,.T.);
#12758 = LINE('',#12759,#12760);
#12759 = CARTESIAN_POINT('',(-1.096201938253,0.7,0.693412044417));
#12760 = VECTOR('',#12761,1.);
#12761 = DIRECTION('',(1.144237745222E-17,1.,0.));
#12762 = CYLINDRICAL_SURFACE('',#12763,0.25);
#12763 = AXIS2_PLACEMENT_3D('',#12764,#12765,#12766);
#12764 = CARTESIAN_POINT('',(-0.85,0.7,0.65));
#12765 = DIRECTION('',(-1.144237745222E-17,-1.,0.));
#12766 = DIRECTION('',(-0.984807753012,1.126854202784E-17,0.173648177667
    ));
#12767 = ADVANCED_FACE('',(#12768),#12781,.F.);
#12768 = FACE_BOUND('',#12769,.F.);
#12769 = EDGE_LOOP('',(#12770,#12771,#12777,#12778,#12779,#12780));
#12770 = ORIENTED_EDGE('',*,*,#11799,.F.);
#12771 = ORIENTED_EDGE('',*,*,#12772,.T.);
#12772 = EDGE_CURVE('',#11791,#11900,#12773,.T.);
#12773 = LINE('',#12774,#12775);
#12774 = CARTESIAN_POINT('',(-0.85,-1.2,0.9));
#12775 = VECTOR('',#12776,1.);
#12776 = DIRECTION('',(1.144237745222E-17,1.,0.));
#12777 = ORIENTED_EDGE('',*,*,#11908,.T.);
#12778 = ORIENTED_EDGE('',*,*,#11930,.T.);
#12779 = ORIENTED_EDGE('',*,*,#11450,.F.);
#12780 = ORIENTED_EDGE('',*,*,#11683,.F.);
#12781 = PLANE('',#12782);
#12782 = AXIS2_PLACEMENT_3D('',#12783,#12784,#12785);
#12783 = CARTESIAN_POINT('',(-0.85,-1.2,0.9));
#12784 = DIRECTION('',(0.,0.,-1.));
#12785 = DIRECTION('',(1.,-1.144237745222E-17,0.));
#12786 = ADVANCED_FACE('',(#12787),#12800,.F.);
#12787 = FACE_BOUND('',#12788,.F.);
#12788 = EDGE_LOOP('',(#12789,#12790,#12796,#12797,#12798,#12799));
#12789 = ORIENTED_EDGE('',*,*,#12022,.F.);
#12790 = ORIENTED_EDGE('',*,*,#12791,.T.);
#12791 = EDGE_CURVE('',#12014,#12123,#12792,.T.);
#12792 = LINE('',#12793,#12794);
#12793 = CARTESIAN_POINT('',(-0.85,-0.25,0.9));
#12794 = VECTOR('',#12795,1.);
#12795 = DIRECTION('',(1.144237745222E-17,1.,0.));
#12796 = ORIENTED_EDGE('',*,*,#12131,.T.);
#12797 = ORIENTED_EDGE('',*,*,#12148,.T.);
#12798 = ORIENTED_EDGE('',*,*,#11466,.F.);
#12799 = ORIENTED_EDGE('',*,*,#11923,.F.);
#12800 = PLANE('',#12801);
#12801 = AXIS2_PLACEMENT_3D('',#12802,#12803,#12804);
#12802 = CARTESIAN_POINT('',(-0.85,-0.25,0.9));
#12803 = DIRECTION('',(0.,0.,-1.));
#12804 = DIRECTION('',(1.,-1.144237745222E-17,0.));
#12805 = ADVANCED_FACE('',(#12806,#12835),#12846,.T.);
#12806 = FACE_BOUND('',#12807,.T.);
#12807 = EDGE_LOOP('',(#12808,#12809,#12810,#12811,#12819,#12827,#12833,
    #12834));
#12808 = ORIENTED_EDGE('',*,*,#11541,.F.);
#12809 = ORIENTED_EDGE('',*,*,#11518,.F.);
#12810 = ORIENTED_EDGE('',*,*,#11489,.F.);
#12811 = ORIENTED_EDGE('',*,*,#12812,.F.);
#12812 = EDGE_CURVE('',#12813,#11490,#12815,.T.);
#12813 = VERTEX_POINT('',#12814);
#12814 = CARTESIAN_POINT('',(-0.646824228722,-1.333648457443,1.55));
#12815 = LINE('',#12816,#12817);
#12816 = CARTESIAN_POINT('',(-0.646824228722,-1.333648457443,1.55));
#12817 = VECTOR('',#12818,1.);
#12818 = DIRECTION('',(-0.707106781187,0.707106781187,0.));
#12819 = ORIENTED_EDGE('',*,*,#12820,.F.);
#12820 = EDGE_CURVE('',#12821,#12813,#12823,.T.);
#12821 = VERTEX_POINT('',#12822);
#12822 = CARTESIAN_POINT('',(0.646824228722,-1.333648457443,1.55));
#12823 = LINE('',#12824,#12825);
#12824 = CARTESIAN_POINT('',(0.646824228722,-1.333648457443,1.55));
#12825 = VECTOR('',#12826,1.);
#12826 = DIRECTION('',(-1.,-1.110223024625E-16,0.));
#12827 = ORIENTED_EDGE('',*,*,#12828,.F.);
#12828 = EDGE_CURVE('',#11613,#12821,#12829,.T.);
#12829 = LINE('',#12830,#12831);
#12830 = CARTESIAN_POINT('',(0.683648457443,-1.296824228722,1.55));
#12831 = VECTOR('',#12832,1.);
#12832 = DIRECTION('',(-0.707106781187,-0.707106781187,0.));
#12833 = ORIENTED_EDGE('',*,*,#11619,.F.);
#12834 = ORIENTED_EDGE('',*,*,#11564,.F.);
#12835 = FACE_BOUND('',#12836,.T.);
#12836 = EDGE_LOOP('',(#12837));
#12837 = ORIENTED_EDGE('',*,*,#12838,.T.);
#12838 = EDGE_CURVE('',#12839,#12839,#12841,.T.);
#12839 = VERTEX_POINT('',#12840);
#12840 = CARTESIAN_POINT('',(-0.483648457443,1.083648457443,1.55));
#12841 = CIRCLE('',#12842,5.E-02);
#12842 = AXIS2_PLACEMENT_3D('',#12843,#12844,#12845);
#12843 = CARTESIAN_POINT('',(-0.483648457443,1.133648457443,1.55));
#12844 = DIRECTION('',(0.,-0.,-1.));
#12845 = DIRECTION('',(1.110223024625E-16,-1.,0.));
#12846 = PLANE('',#12847);
#12847 = AXIS2_PLACEMENT_3D('',#12848,#12849,#12850);
#12848 = CARTESIAN_POINT('',(-0.646824228722,1.333648457443,1.55));
#12849 = DIRECTION('',(0.,0.,1.));
#12850 = DIRECTION('',(0.436386464522,-0.899759330922,0.));
#12851 = ADVANCED_FACE('',(#12852),#12862,.F.);
#12852 = FACE_BOUND('',#12853,.F.);
#12853 = EDGE_LOOP('',(#12854,#12855,#12856,#12857));
#12854 = ORIENTED_EDGE('',*,*,#11690,.T.);
#12855 = ORIENTED_EDGE('',*,*,#11497,.T.);
#12856 = ORIENTED_EDGE('',*,*,#12812,.F.);
#12857 = ORIENTED_EDGE('',*,*,#12858,.F.);
#12858 = EDGE_CURVE('',#11691,#12813,#12859,.T.);
#12859 = B_SPLINE_CURVE_WITH_KNOTS('',1,(#12860,#12861),.UNSPECIFIED.,
  .F.,.F.,(2,2),(0.,1.),.PIECEWISE_BEZIER_KNOTS.);
#12860 = CARTESIAN_POINT('',(-0.6925,-1.425,0.9));
#12861 = CARTESIAN_POINT('',(-0.646824228722,-1.333648457443,1.55));
#12862 = B_SPLINE_SURFACE_WITH_KNOTS('',1,1,(
    (#12863,#12864)
    ,(#12865,#12866
    )),.UNSPECIFIED.,.F.,.F.,.F.,(2,2),(2,2),(0.,0.116672618896),(0.,1.)
  ,.PIECEWISE_BEZIER_KNOTS.);
#12863 = CARTESIAN_POINT('',(-0.6925,-1.425,0.9));
#12864 = CARTESIAN_POINT('',(-0.646824228722,-1.333648457443,1.55));
#12865 = CARTESIAN_POINT('',(-0.775,-1.3425,0.9));
#12866 = CARTESIAN_POINT('',(-0.683648457443,-1.296824228722,1.55));
#12867 = ADVANCED_FACE('',(#12868),#12881,.F.);
#12868 = FACE_BOUND('',#12869,.F.);
#12869 = EDGE_LOOP('',(#12870,#12871,#12877,#12878,#12879,#12880));
#12870 = ORIENTED_EDGE('',*,*,#12631,.F.);
#12871 = ORIENTED_EDGE('',*,*,#12872,.T.);
#12872 = EDGE_CURVE('',#12623,#12732,#12873,.T.);
#12873 = LINE('',#12874,#12875);
#12874 = CARTESIAN_POINT('',(0.85,-0.7,0.9));
#12875 = VECTOR('',#12876,1.);
#12876 = DIRECTION('',(1.110223024625E-16,-1.,0.));
#12877 = ORIENTED_EDGE('',*,*,#12740,.T.);
#12878 = ORIENTED_EDGE('',*,*,#11672,.T.);
#12879 = ORIENTED_EDGE('',*,*,#11596,.F.);
#12880 = ORIENTED_EDGE('',*,*,#12538,.F.);
#12881 = PLANE('',#12882);
#12882 = AXIS2_PLACEMENT_3D('',#12883,#12884,#12885);
#12883 = CARTESIAN_POINT('',(0.85,-0.7,0.9));
#12884 = DIRECTION('',(0.,0.,-1.));
#12885 = DIRECTION('',(-1.,-1.110223024625E-16,-0.));
#12886 = ADVANCED_FACE('',(#12887),#12897,.F.);
#12887 = FACE_BOUND('',#12888,.F.);
#12888 = EDGE_LOOP('',(#12889,#12890,#12895,#12896));
#12889 = ORIENTED_EDGE('',*,*,#11706,.T.);
#12890 = ORIENTED_EDGE('',*,*,#12891,.T.);
#12891 = EDGE_CURVE('',#11699,#12821,#12892,.T.);
#12892 = B_SPLINE_CURVE_WITH_KNOTS('',1,(#12893,#12894),.UNSPECIFIED.,
  .F.,.F.,(2,2),(0.,1.),.PIECEWISE_BEZIER_KNOTS.);
#12893 = CARTESIAN_POINT('',(0.6925,-1.425,0.9));
#12894 = CARTESIAN_POINT('',(0.646824228722,-1.333648457443,1.55));
#12895 = ORIENTED_EDGE('',*,*,#12828,.F.);
#12896 = ORIENTED_EDGE('',*,*,#11612,.F.);
#12897 = B_SPLINE_SURFACE_WITH_KNOTS('',1,1,(
    (#12898,#12899)
    ,(#12900,#12901
    )),.UNSPECIFIED.,.F.,.F.,.F.,(2,2),(2,2),(0.,0.116672618896),(0.,1.)
  ,.PIECEWISE_BEZIER_KNOTS.);
#12898 = CARTESIAN_POINT('',(0.775,-1.3425,0.9));
#12899 = CARTESIAN_POINT('',(0.683648457443,-1.296824228722,1.55));
#12900 = CARTESIAN_POINT('',(0.6925,-1.425,0.9));
#12901 = CARTESIAN_POINT('',(0.646824228722,-1.333648457443,1.55));
#12902 = ADVANCED_FACE('',(#12903),#12914,.T.);
#12903 = FACE_BOUND('',#12904,.T.);
#12904 = EDGE_LOOP('',(#12905,#12906,#12907,#12908));
#12905 = ORIENTED_EDGE('',*,*,#12418,.T.);
#12906 = ORIENTED_EDGE('',*,*,#11642,.T.);
#12907 = ORIENTED_EDGE('',*,*,#12520,.F.);
#12908 = ORIENTED_EDGE('',*,*,#12909,.F.);
#12909 = EDGE_CURVE('',#12411,#12513,#12910,.T.);
#12910 = LINE('',#12911,#12912);
#12911 = CARTESIAN_POINT('',(1.096201938253,1.2,0.693412044417));
#12912 = VECTOR('',#12913,1.);
#12913 = DIRECTION('',(1.110223024625E-16,-1.,0.));
#12914 = CYLINDRICAL_SURFACE('',#12915,0.25);
#12915 = AXIS2_PLACEMENT_3D('',#12916,#12917,#12918);
#12916 = CARTESIAN_POINT('',(0.85,1.2,0.65));
#12917 = DIRECTION('',(-1.110223024625E-16,1.,0.));
#12918 = DIRECTION('',(0.984807753012,1.093356242223E-16,0.173648177667)
  );
#12919 = ADVANCED_FACE('',(#12920),#12926,.F.);
#12920 = FACE_BOUND('',#12921,.F.);
#12921 = EDGE_LOOP('',(#12922,#12923,#12924,#12925));
#12922 = ORIENTED_EDGE('',*,*,#11698,.T.);
#12923 = ORIENTED_EDGE('',*,*,#12858,.T.);
#12924 = ORIENTED_EDGE('',*,*,#12820,.F.);
#12925 = ORIENTED_EDGE('',*,*,#12891,.F.);
#12926 = B_SPLINE_SURFACE_WITH_KNOTS('',1,1,(
    (#12927,#12928)
    ,(#12929,#12930
    )),.UNSPECIFIED.,.F.,.F.,.F.,(2,2),(2,2),(0.,1.385),(0.,1.),
  .PIECEWISE_BEZIER_KNOTS.);
#12927 = CARTESIAN_POINT('',(0.6925,-1.425,0.9));
#12928 = CARTESIAN_POINT('',(0.646824228722,-1.333648457443,1.55));
#12929 = CARTESIAN_POINT('',(-0.6925,-1.425,0.9));
#12930 = CARTESIAN_POINT('',(-0.646824228722,-1.333648457443,1.55));
#12931 = ADVANCED_FACE('',(#12932),#12943,.T.);
#12932 = FACE_BOUND('',#12933,.T.);
#12933 = EDGE_LOOP('',(#12934,#12935,#12936,#12937));
#12934 = ORIENTED_EDGE('',*,*,#11790,.T.);
#12935 = ORIENTED_EDGE('',*,*,#12772,.T.);
#12936 = ORIENTED_EDGE('',*,*,#11899,.F.);
#12937 = ORIENTED_EDGE('',*,*,#12938,.F.);
#12938 = EDGE_CURVE('',#11783,#11892,#12939,.T.);
#12939 = LINE('',#12940,#12941);
#12940 = CARTESIAN_POINT('',(-1.096201938253,-1.2,0.693412044417));
#12941 = VECTOR('',#12942,1.);
#12942 = DIRECTION('',(1.144237745222E-17,1.,0.));
#12943 = CYLINDRICAL_SURFACE('',#12944,0.25);
#12944 = AXIS2_PLACEMENT_3D('',#12945,#12946,#12947);
#12945 = CARTESIAN_POINT('',(-0.85,-1.2,0.65));
#12946 = DIRECTION('',(-1.144237745222E-17,-1.,0.));
#12947 = DIRECTION('',(-0.984807753012,1.126854202784E-17,0.173648177667
    ));
#12948 = ADVANCED_FACE('',(#12949),#12960,.F.);
#12949 = FACE_BOUND('',#12950,.F.);
#12950 = EDGE_LOOP('',(#12951,#12957,#12958,#12959));
#12951 = ORIENTED_EDGE('',*,*,#12952,.T.);
#12952 = EDGE_CURVE('',#11774,#11883,#12953,.T.);
#12953 = LINE('',#12954,#12955);
#12954 = CARTESIAN_POINT('',(-1.172050016982,-1.2,0.232635182233));
#12955 = VECTOR('',#12956,1.);
#12956 = DIRECTION('',(1.144237745222E-17,1.,0.));
#12957 = ORIENTED_EDGE('',*,*,#11891,.T.);
#12958 = ORIENTED_EDGE('',*,*,#12938,.F.);
#12959 = ORIENTED_EDGE('',*,*,#11782,.F.);
#12960 = PLANE('',#12961);
#12961 = AXIS2_PLACEMENT_3D('',#12962,#12963,#12964);
#12962 = CARTESIAN_POINT('',(-1.172050016982,-1.2,0.232635182233));
#12963 = DIRECTION('',(0.986721169868,-1.129043606572E-17,
    -0.162423314012));
#12964 = DIRECTION('',(0.162423314012,-1.858508865964E-18,0.986721169868
    ));
#12965 = ADVANCED_FACE('',(#12966),#12977,.F.);
#12966 = FACE_BOUND('',#12967,.F.);
#12967 = EDGE_LOOP('',(#12968,#12974,#12975,#12976));
#12968 = ORIENTED_EDGE('',*,*,#12969,.T.);
#12969 = EDGE_CURVE('',#11766,#11875,#12970,.T.);
#12970 = LINE('',#12971,#12972);
#12971 = CARTESIAN_POINT('',(-1.270530792283,-1.2,0.15));
#12972 = VECTOR('',#12973,1.);
#12973 = DIRECTION('',(1.144237745222E-17,1.,0.));
#12974 = ORIENTED_EDGE('',*,*,#11882,.T.);
#12975 = ORIENTED_EDGE('',*,*,#12952,.F.);
#12976 = ORIENTED_EDGE('',*,*,#11773,.F.);
#12977 = CYLINDRICAL_SURFACE('',#12978,0.1);
#12978 = AXIS2_PLACEMENT_3D('',#12979,#12980,#12981);
#12979 = CARTESIAN_POINT('',(-1.270530792283,-1.2,0.25));
#12980 = DIRECTION('',(-1.144237745222E-17,-1.,0.));
#12981 = DIRECTION('',(-2.22044604925E-15,2.540718180781E-32,-1.));
#12982 = ADVANCED_FACE('',(#12983),#12994,.F.);
#12983 = FACE_BOUND('',#12984,.F.);
#12984 = EDGE_LOOP('',(#12985,#12991,#12992,#12993));
#12985 = ORIENTED_EDGE('',*,*,#12986,.T.);
#12986 = EDGE_CURVE('',#11758,#11867,#12987,.T.);
#12987 = LINE('',#12988,#12989);
#12988 = CARTESIAN_POINT('',(-1.4,-1.2,0.15));
#12989 = VECTOR('',#12990,1.);
#12990 = DIRECTION('',(1.144237745222E-17,1.,0.));
#12991 = ORIENTED_EDGE('',*,*,#11874,.T.);
#12992 = ORIENTED_EDGE('',*,*,#12969,.F.);
#12993 = ORIENTED_EDGE('',*,*,#11765,.F.);
#12994 = PLANE('',#12995);
#12995 = AXIS2_PLACEMENT_3D('',#12996,#12997,#12998);
#12996 = CARTESIAN_POINT('',(-1.4,-1.2,0.15));
#12997 = DIRECTION('',(0.,0.,-1.));
#12998 = DIRECTION('',(1.,-1.144237745222E-17,0.));
#12999 = ADVANCED_FACE('',(#13000),#13011,.F.);
#13000 = FACE_BOUND('',#13001,.F.);
#13001 = EDGE_LOOP('',(#13002,#13008,#13009,#13010));
#13002 = ORIENTED_EDGE('',*,*,#13003,.T.);
#13003 = EDGE_CURVE('',#11750,#11859,#13004,.T.);
#13004 = LINE('',#13005,#13006);
#13005 = CARTESIAN_POINT('',(-1.4,-1.2,0.));
#13006 = VECTOR('',#13007,1.);
#13007 = DIRECTION('',(1.144237745222E-17,1.,0.));
#13008 = ORIENTED_EDGE('',*,*,#11866,.T.);
#13009 = ORIENTED_EDGE('',*,*,#12986,.F.);
#13010 = ORIENTED_EDGE('',*,*,#11757,.F.);
#13011 = PLANE('',#13012);
#13012 = AXIS2_PLACEMENT_3D('',#13013,#13014,#13015);
#13013 = CARTESIAN_POINT('',(-1.4,-1.2,0.));
#13014 = DIRECTION('',(1.,-1.144237745222E-17,0.));
#13015 = DIRECTION('',(0.,0.,1.));
#13016 = ADVANCED_FACE('',(#13017),#13028,.F.);
#13017 = FACE_BOUND('',#13018,.F.);
#13018 = EDGE_LOOP('',(#13019,#13025,#13026,#13027));
#13019 = ORIENTED_EDGE('',*,*,#13020,.T.);
#13020 = EDGE_CURVE('',#11741,#11850,#13021,.T.);
#13021 = LINE('',#13022,#13023);
#13022 = CARTESIAN_POINT('',(-1.270530792283,-1.2,0.));
#13023 = VECTOR('',#13024,1.);
#13024 = DIRECTION('',(1.144237745222E-17,1.,0.));
#13025 = ORIENTED_EDGE('',*,*,#11858,.T.);
#13026 = ORIENTED_EDGE('',*,*,#13003,.F.);
#13027 = ORIENTED_EDGE('',*,*,#11749,.F.);
#13028 = PLANE('',#13029);
#13029 = AXIS2_PLACEMENT_3D('',#13030,#13031,#13032);
#13030 = CARTESIAN_POINT('',(-1.270530792283,-1.2,0.));
#13031 = DIRECTION('',(0.,0.,1.));
#13032 = DIRECTION('',(-1.,1.144237745222E-17,0.));
#13033 = ADVANCED_FACE('',(#13034),#13045,.T.);
#13034 = FACE_BOUND('',#13035,.T.);
#13035 = EDGE_LOOP('',(#13036,#13037,#13038,#13039));
#13036 = ORIENTED_EDGE('',*,*,#11740,.T.);
#13037 = ORIENTED_EDGE('',*,*,#13020,.T.);
#13038 = ORIENTED_EDGE('',*,*,#11849,.F.);
#13039 = ORIENTED_EDGE('',*,*,#13040,.F.);
#13040 = EDGE_CURVE('',#11733,#11842,#13041,.T.);
#13041 = LINE('',#13042,#13043);
#13042 = CARTESIAN_POINT('',(-1.02432885403,-1.2,0.206587955583));
#13043 = VECTOR('',#13044,1.);
#13044 = DIRECTION('',(1.144237745222E-17,1.,0.));
#13045 = CYLINDRICAL_SURFACE('',#13046,0.25);
#13046 = AXIS2_PLACEMENT_3D('',#13047,#13048,#13049);
#13047 = CARTESIAN_POINT('',(-1.270530792283,-1.2,0.25));
#13048 = DIRECTION('',(-1.144237745222E-17,-1.,0.));
#13049 = DIRECTION('',(0.984807753012,-1.126854202784E-17,
    -0.173648177667));
#13050 = ADVANCED_FACE('',(#13051),#13057,.F.);
#13051 = FACE_BOUND('',#13052,.F.);
#13052 = EDGE_LOOP('',(#13053,#13054,#13055,#13056));
#13053 = ORIENTED_EDGE('',*,*,#11823,.T.);
#13054 = ORIENTED_EDGE('',*,*,#11841,.T.);
#13055 = ORIENTED_EDGE('',*,*,#13040,.F.);
#13056 = ORIENTED_EDGE('',*,*,#11732,.F.);
#13057 = PLANE('',#13058);
#13058 = AXIS2_PLACEMENT_3D('',#13059,#13060,#13061);
#13059 = CARTESIAN_POINT('',(-0.948480775301,-1.2,0.667364817767));
#13060 = DIRECTION('',(-0.986721169868,1.129043606572E-17,0.162423314012
    ));
#13061 = DIRECTION('',(-0.162423314012,1.858508865964E-18,
    -0.986721169868));
#13062 = ADVANCED_FACE('',(#13063),#13074,.T.);
#13063 = FACE_BOUND('',#13064,.T.);
#13064 = EDGE_LOOP('',(#13065,#13066,#13067,#13068));
#13065 = ORIENTED_EDGE('',*,*,#12013,.T.);
#13066 = ORIENTED_EDGE('',*,*,#12791,.T.);
#13067 = ORIENTED_EDGE('',*,*,#12122,.F.);
#13068 = ORIENTED_EDGE('',*,*,#13069,.F.);
#13069 = EDGE_CURVE('',#12006,#12115,#13070,.T.);
#13070 = LINE('',#13071,#13072);
#13071 = CARTESIAN_POINT('',(-1.096201938253,-0.25,0.693412044417));
#13072 = VECTOR('',#13073,1.);
#13073 = DIRECTION('',(1.144237745222E-17,1.,0.));
#13074 = CYLINDRICAL_SURFACE('',#13075,0.25);
#13075 = AXIS2_PLACEMENT_3D('',#13076,#13077,#13078);
#13076 = CARTESIAN_POINT('',(-0.85,-0.25,0.65));
#13077 = DIRECTION('',(-1.144237745222E-17,-1.,0.));
#13078 = DIRECTION('',(-0.984807753012,1.126854202784E-17,0.173648177667
    ));
#13079 = ADVANCED_FACE('',(#13080),#13091,.F.);
#13080 = FACE_BOUND('',#13081,.F.);
#13081 = EDGE_LOOP('',(#13082,#13088,#13089,#13090));
#13082 = ORIENTED_EDGE('',*,*,#13083,.T.);
#13083 = EDGE_CURVE('',#11997,#12106,#13084,.T.);
#13084 = LINE('',#13085,#13086);
#13085 = CARTESIAN_POINT('',(-1.172050016982,-0.25,0.232635182233));
#13086 = VECTOR('',#13087,1.);
#13087 = DIRECTION('',(1.144237745222E-17,1.,0.));
#13088 = ORIENTED_EDGE('',*,*,#12114,.T.);
#13089 = ORIENTED_EDGE('',*,*,#13069,.F.);
#13090 = ORIENTED_EDGE('',*,*,#12005,.F.);
#13091 = PLANE('',#13092);
#13092 = AXIS2_PLACEMENT_3D('',#13093,#13094,#13095);
#13093 = CARTESIAN_POINT('',(-1.172050016982,-0.25,0.232635182233));
#13094 = DIRECTION('',(0.986721169868,-1.129043606572E-17,
    -0.162423314012));
#13095 = DIRECTION('',(0.162423314012,-1.858508865964E-18,0.986721169868
    ));
#13096 = ADVANCED_FACE('',(#13097),#13108,.F.);
#13097 = FACE_BOUND('',#13098,.F.);
#13098 = EDGE_LOOP('',(#13099,#13105,#13106,#13107));
#13099 = ORIENTED_EDGE('',*,*,#13100,.T.);
#13100 = EDGE_CURVE('',#11989,#12098,#13101,.T.);
#13101 = LINE('',#13102,#13103);
#13102 = CARTESIAN_POINT('',(-1.270530792283,-0.25,0.15));
#13103 = VECTOR('',#13104,1.);
#13104 = DIRECTION('',(1.144237745222E-17,1.,0.));
#13105 = ORIENTED_EDGE('',*,*,#12105,.T.);
#13106 = ORIENTED_EDGE('',*,*,#13083,.F.);
#13107 = ORIENTED_EDGE('',*,*,#11996,.F.);
#13108 = CYLINDRICAL_SURFACE('',#13109,0.1);
#13109 = AXIS2_PLACEMENT_3D('',#13110,#13111,#13112);
#13110 = CARTESIAN_POINT('',(-1.270530792283,-0.25,0.25));
#13111 = DIRECTION('',(-1.144237745222E-17,-1.,0.));
#13112 = DIRECTION('',(-2.22044604925E-15,2.540718180781E-32,-1.));
#13113 = ADVANCED_FACE('',(#13114),#13125,.F.);
#13114 = FACE_BOUND('',#13115,.F.);
#13115 = EDGE_LOOP('',(#13116,#13122,#13123,#13124));
#13116 = ORIENTED_EDGE('',*,*,#13117,.T.);
#13117 = EDGE_CURVE('',#11981,#12090,#13118,.T.);
#13118 = LINE('',#13119,#13120);
#13119 = CARTESIAN_POINT('',(-1.4,-0.25,0.15));
#13120 = VECTOR('',#13121,1.);
#13121 = DIRECTION('',(1.144237745222E-17,1.,0.));
#13122 = ORIENTED_EDGE('',*,*,#12097,.T.);
#13123 = ORIENTED_EDGE('',*,*,#13100,.F.);
#13124 = ORIENTED_EDGE('',*,*,#11988,.F.);
#13125 = PLANE('',#13126);
#13126 = AXIS2_PLACEMENT_3D('',#13127,#13128,#13129);
#13127 = CARTESIAN_POINT('',(-1.4,-0.25,0.15));
#13128 = DIRECTION('',(0.,0.,-1.));
#13129 = DIRECTION('',(1.,-1.144237745222E-17,0.));
#13130 = ADVANCED_FACE('',(#13131),#13142,.F.);
#13131 = FACE_BOUND('',#13132,.F.);
#13132 = EDGE_LOOP('',(#13133,#13139,#13140,#13141));
#13133 = ORIENTED_EDGE('',*,*,#13134,.T.);
#13134 = EDGE_CURVE('',#11973,#12082,#13135,.T.);
#13135 = LINE('',#13136,#13137);
#13136 = CARTESIAN_POINT('',(-1.4,-0.25,0.));
#13137 = VECTOR('',#13138,1.);
#13138 = DIRECTION('',(1.144237745222E-17,1.,0.));
#13139 = ORIENTED_EDGE('',*,*,#12089,.T.);
#13140 = ORIENTED_EDGE('',*,*,#13117,.F.);
#13141 = ORIENTED_EDGE('',*,*,#11980,.F.);
#13142 = PLANE('',#13143);
#13143 = AXIS2_PLACEMENT_3D('',#13144,#13145,#13146);
#13144 = CARTESIAN_POINT('',(-1.4,-0.25,0.));
#13145 = DIRECTION('',(1.,-1.144237745222E-17,0.));
#13146 = DIRECTION('',(0.,0.,1.));
#13147 = ADVANCED_FACE('',(#13148),#13159,.F.);
#13148 = FACE_BOUND('',#13149,.F.);
#13149 = EDGE_LOOP('',(#13150,#13156,#13157,#13158));
#13150 = ORIENTED_EDGE('',*,*,#13151,.T.);
#13151 = EDGE_CURVE('',#11964,#12073,#13152,.T.);
#13152 = LINE('',#13153,#13154);
#13153 = CARTESIAN_POINT('',(-1.270530792283,-0.25,0.));
#13154 = VECTOR('',#13155,1.);
#13155 = DIRECTION('',(1.144237745222E-17,1.,0.));
#13156 = ORIENTED_EDGE('',*,*,#12081,.T.);
#13157 = ORIENTED_EDGE('',*,*,#13134,.F.);
#13158 = ORIENTED_EDGE('',*,*,#11972,.F.);
#13159 = PLANE('',#13160);
#13160 = AXIS2_PLACEMENT_3D('',#13161,#13162,#13163);
#13161 = CARTESIAN_POINT('',(-1.270530792283,-0.25,0.));
#13162 = DIRECTION('',(0.,0.,1.));
#13163 = DIRECTION('',(-1.,1.144237745222E-17,0.));
#13164 = ADVANCED_FACE('',(#13165),#13176,.T.);
#13165 = FACE_BOUND('',#13166,.T.);
#13166 = EDGE_LOOP('',(#13167,#13168,#13169,#13170));
#13167 = ORIENTED_EDGE('',*,*,#11963,.T.);
#13168 = ORIENTED_EDGE('',*,*,#13151,.T.);
#13169 = ORIENTED_EDGE('',*,*,#12072,.F.);
#13170 = ORIENTED_EDGE('',*,*,#13171,.F.);
#13171 = EDGE_CURVE('',#11956,#12065,#13172,.T.);
#13172 = LINE('',#13173,#13174);
#13173 = CARTESIAN_POINT('',(-1.02432885403,-0.25,0.206587955583));
#13174 = VECTOR('',#13175,1.);
#13175 = DIRECTION('',(1.144237745222E-17,1.,0.));
#13176 = CYLINDRICAL_SURFACE('',#13177,0.25);
#13177 = AXIS2_PLACEMENT_3D('',#13178,#13179,#13180);
#13178 = CARTESIAN_POINT('',(-1.270530792283,-0.25,0.25));
#13179 = DIRECTION('',(-1.144237745222E-17,-1.,0.));
#13180 = DIRECTION('',(0.984807753012,-1.126854202784E-17,
    -0.173648177667));
#13181 = ADVANCED_FACE('',(#13182),#13188,.F.);
#13182 = FACE_BOUND('',#13183,.F.);
#13183 = EDGE_LOOP('',(#13184,#13185,#13186,#13187));
#13184 = ORIENTED_EDGE('',*,*,#12046,.T.);
#13185 = ORIENTED_EDGE('',*,*,#12064,.T.);
#13186 = ORIENTED_EDGE('',*,*,#13171,.F.);
#13187 = ORIENTED_EDGE('',*,*,#11955,.F.);
#13188 = PLANE('',#13189);
#13189 = AXIS2_PLACEMENT_3D('',#13190,#13191,#13192);
#13190 = CARTESIAN_POINT('',(-0.948480775301,-0.25,0.667364817767));
#13191 = DIRECTION('',(-0.986721169868,1.129043606572E-17,0.162423314012
    ));
#13192 = DIRECTION('',(-0.162423314012,1.858508865964E-18,
    -0.986721169868));
#13193 = ADVANCED_FACE('',(#13194),#13205,.F.);
#13194 = FACE_BOUND('',#13195,.F.);
#13195 = EDGE_LOOP('',(#13196,#13202,#13203,#13204));
#13196 = ORIENTED_EDGE('',*,*,#13197,.T.);
#13197 = EDGE_CURVE('',#12215,#12317,#13198,.T.);
#13198 = LINE('',#13199,#13200);
#13199 = CARTESIAN_POINT('',(-1.172050016982,0.7,0.232635182233));
#13200 = VECTOR('',#13201,1.);
#13201 = DIRECTION('',(1.144237745222E-17,1.,0.));
#13202 = ORIENTED_EDGE('',*,*,#12325,.T.);
#13203 = ORIENTED_EDGE('',*,*,#12757,.F.);
#13204 = ORIENTED_EDGE('',*,*,#12223,.F.);
#13205 = PLANE('',#13206);
#13206 = AXIS2_PLACEMENT_3D('',#13207,#13208,#13209);
#13207 = CARTESIAN_POINT('',(-1.172050016982,0.7,0.232635182233));
#13208 = DIRECTION('',(0.986721169868,-1.129043606572E-17,
    -0.162423314012));
#13209 = DIRECTION('',(0.162423314012,-1.858508865964E-18,0.986721169868
    ));
#13210 = ADVANCED_FACE('',(#13211),#13222,.F.);
#13211 = FACE_BOUND('',#13212,.F.);
#13212 = EDGE_LOOP('',(#13213,#13219,#13220,#13221));
#13213 = ORIENTED_EDGE('',*,*,#13214,.T.);
#13214 = EDGE_CURVE('',#12207,#12309,#13215,.T.);
#13215 = LINE('',#13216,#13217);
#13216 = CARTESIAN_POINT('',(-1.270530792283,0.7,0.15));
#13217 = VECTOR('',#13218,1.);
#13218 = DIRECTION('',(1.144237745222E-17,1.,0.));
#13219 = ORIENTED_EDGE('',*,*,#12316,.T.);
#13220 = ORIENTED_EDGE('',*,*,#13197,.F.);
#13221 = ORIENTED_EDGE('',*,*,#12214,.F.);
#13222 = CYLINDRICAL_SURFACE('',#13223,0.1);
#13223 = AXIS2_PLACEMENT_3D('',#13224,#13225,#13226);
#13224 = CARTESIAN_POINT('',(-1.270530792283,0.7,0.25));
#13225 = DIRECTION('',(-1.144237745222E-17,-1.,0.));
#13226 = DIRECTION('',(-2.22044604925E-15,2.540718180781E-32,-1.));
#13227 = ADVANCED_FACE('',(#13228),#13239,.F.);
#13228 = FACE_BOUND('',#13229,.F.);
#13229 = EDGE_LOOP('',(#13230,#13236,#13237,#13238));
#13230 = ORIENTED_EDGE('',*,*,#13231,.T.);
#13231 = EDGE_CURVE('',#12199,#12301,#13232,.T.);
#13232 = LINE('',#13233,#13234);
#13233 = CARTESIAN_POINT('',(-1.4,0.7,0.15));
#13234 = VECTOR('',#13235,1.);
#13235 = DIRECTION('',(1.144237745222E-17,1.,0.));
#13236 = ORIENTED_EDGE('',*,*,#12308,.T.);
#13237 = ORIENTED_EDGE('',*,*,#13214,.F.);
#13238 = ORIENTED_EDGE('',*,*,#12206,.F.);
#13239 = PLANE('',#13240);
#13240 = AXIS2_PLACEMENT_3D('',#13241,#13242,#13243);
#13241 = CARTESIAN_POINT('',(-1.4,0.7,0.15));
#13242 = DIRECTION('',(0.,0.,-1.));
#13243 = DIRECTION('',(1.,-1.144237745222E-17,0.));
#13244 = ADVANCED_FACE('',(#13245),#13256,.F.);
#13245 = FACE_BOUND('',#13246,.F.);
#13246 = EDGE_LOOP('',(#13247,#13253,#13254,#13255));
#13247 = ORIENTED_EDGE('',*,*,#13248,.T.);
#13248 = EDGE_CURVE('',#12191,#12293,#13249,.T.);
#13249 = LINE('',#13250,#13251);
#13250 = CARTESIAN_POINT('',(-1.4,0.7,0.));
#13251 = VECTOR('',#13252,1.);
#13252 = DIRECTION('',(1.144237745222E-17,1.,0.));
#13253 = ORIENTED_EDGE('',*,*,#12300,.T.);
#13254 = ORIENTED_EDGE('',*,*,#13231,.F.);
#13255 = ORIENTED_EDGE('',*,*,#12198,.F.);
#13256 = PLANE('',#13257);
#13257 = AXIS2_PLACEMENT_3D('',#13258,#13259,#13260);
#13258 = CARTESIAN_POINT('',(-1.4,0.7,0.));
#13259 = DIRECTION('',(1.,-1.144237745222E-17,0.));
#13260 = DIRECTION('',(0.,0.,1.));
#13261 = ADVANCED_FACE('',(#13262),#13273,.F.);
#13262 = FACE_BOUND('',#13263,.F.);
#13263 = EDGE_LOOP('',(#13264,#13270,#13271,#13272));
#13264 = ORIENTED_EDGE('',*,*,#13265,.T.);
#13265 = EDGE_CURVE('',#12182,#12284,#13266,.T.);
#13266 = LINE('',#13267,#13268);
#13267 = CARTESIAN_POINT('',(-1.270530792283,0.7,0.));
#13268 = VECTOR('',#13269,1.);
#13269 = DIRECTION('',(1.144237745222E-17,1.,0.));
#13270 = ORIENTED_EDGE('',*,*,#12292,.T.);
#13271 = ORIENTED_EDGE('',*,*,#13248,.F.);
#13272 = ORIENTED_EDGE('',*,*,#12190,.F.);
#13273 = PLANE('',#13274);
#13274 = AXIS2_PLACEMENT_3D('',#13275,#13276,#13277);
#13275 = CARTESIAN_POINT('',(-1.270530792283,0.7,0.));
#13276 = DIRECTION('',(0.,0.,1.));
#13277 = DIRECTION('',(-1.,1.144237745222E-17,0.));
#13278 = ADVANCED_FACE('',(#13279),#13290,.T.);
#13279 = FACE_BOUND('',#13280,.T.);
#13280 = EDGE_LOOP('',(#13281,#13282,#13283,#13284));
#13281 = ORIENTED_EDGE('',*,*,#12181,.T.);
#13282 = ORIENTED_EDGE('',*,*,#13265,.T.);
#13283 = ORIENTED_EDGE('',*,*,#12283,.F.);
#13284 = ORIENTED_EDGE('',*,*,#13285,.F.);
#13285 = EDGE_CURVE('',#12174,#12276,#13286,.T.);
#13286 = LINE('',#13287,#13288);
#13287 = CARTESIAN_POINT('',(-1.02432885403,0.7,0.206587955583));
#13288 = VECTOR('',#13289,1.);
#13289 = DIRECTION('',(1.144237745222E-17,1.,0.));
#13290 = CYLINDRICAL_SURFACE('',#13291,0.25);
#13291 = AXIS2_PLACEMENT_3D('',#13292,#13293,#13294);
#13292 = CARTESIAN_POINT('',(-1.270530792283,0.7,0.25));
#13293 = DIRECTION('',(-1.144237745222E-17,-1.,0.));
#13294 = DIRECTION('',(0.984807753012,-1.126854202784E-17,
    -0.173648177667));
#13295 = ADVANCED_FACE('',(#13296),#13302,.F.);
#13296 = FACE_BOUND('',#13297,.F.);
#13297 = EDGE_LOOP('',(#13298,#13299,#13300,#13301));
#13298 = ORIENTED_EDGE('',*,*,#12257,.T.);
#13299 = ORIENTED_EDGE('',*,*,#12275,.T.);
#13300 = ORIENTED_EDGE('',*,*,#13285,.F.);
#13301 = ORIENTED_EDGE('',*,*,#12173,.F.);
#13302 = PLANE('',#13303);
#13303 = AXIS2_PLACEMENT_3D('',#13304,#13305,#13306);
#13304 = CARTESIAN_POINT('',(-0.948480775301,0.7,0.667364817767));
#13305 = DIRECTION('',(-0.986721169868,1.129043606572E-17,0.162423314012
    ));
#13306 = DIRECTION('',(-0.162423314012,1.858508865964E-18,
    -0.986721169868));
#13307 = ADVANCED_FACE('',(#13308),#13319,.F.);
#13308 = FACE_BOUND('',#13309,.F.);
#13309 = EDGE_LOOP('',(#13310,#13316,#13317,#13318));
#13310 = ORIENTED_EDGE('',*,*,#13311,.T.);
#13311 = EDGE_CURVE('',#12402,#12504,#13312,.T.);
#13312 = LINE('',#13313,#13314);
#13313 = CARTESIAN_POINT('',(1.172050016982,1.2,0.232635182233));
#13314 = VECTOR('',#13315,1.);
#13315 = DIRECTION('',(1.110223024625E-16,-1.,0.));
#13316 = ORIENTED_EDGE('',*,*,#12512,.T.);
#13317 = ORIENTED_EDGE('',*,*,#12909,.F.);
#13318 = ORIENTED_EDGE('',*,*,#12410,.F.);
#13319 = PLANE('',#13320);
#13320 = AXIS2_PLACEMENT_3D('',#13321,#13322,#13323);
#13321 = CARTESIAN_POINT('',(1.172050016982,1.2,0.232635182233));
#13322 = DIRECTION('',(-0.986721169868,-1.095480561672E-16,
    -0.162423314012));
#13323 = DIRECTION('',(-0.162423314012,-1.803261029519E-17,
    0.986721169868));
#13324 = ADVANCED_FACE('',(#13325),#13336,.F.);
#13325 = FACE_BOUND('',#13326,.F.);
#13326 = EDGE_LOOP('',(#13327,#13333,#13334,#13335));
#13327 = ORIENTED_EDGE('',*,*,#13328,.T.);
#13328 = EDGE_CURVE('',#12394,#12496,#13329,.T.);
#13329 = LINE('',#13330,#13331);
#13330 = CARTESIAN_POINT('',(1.270530792283,1.2,0.15));
#13331 = VECTOR('',#13332,1.);
#13332 = DIRECTION('',(1.110223024625E-16,-1.,0.));
#13333 = ORIENTED_EDGE('',*,*,#12503,.T.);
#13334 = ORIENTED_EDGE('',*,*,#13311,.F.);
#13335 = ORIENTED_EDGE('',*,*,#12401,.F.);
#13336 = CYLINDRICAL_SURFACE('',#13337,0.1);
#13337 = AXIS2_PLACEMENT_3D('',#13338,#13339,#13340);
#13338 = CARTESIAN_POINT('',(1.270530792283,1.2,0.25));
#13339 = DIRECTION('',(-1.110223024625E-16,1.,0.));
#13340 = DIRECTION('',(2.22044604925E-15,2.465190328815E-31,-1.));
#13341 = ADVANCED_FACE('',(#13342),#13353,.F.);
#13342 = FACE_BOUND('',#13343,.F.);
#13343 = EDGE_LOOP('',(#13344,#13350,#13351,#13352));
#13344 = ORIENTED_EDGE('',*,*,#13345,.T.);
#13345 = EDGE_CURVE('',#12386,#12488,#13346,.T.);
#13346 = LINE('',#13347,#13348);
#13347 = CARTESIAN_POINT('',(1.4,1.2,0.15));
#13348 = VECTOR('',#13349,1.);
#13349 = DIRECTION('',(1.110223024625E-16,-1.,0.));
#13350 = ORIENTED_EDGE('',*,*,#12495,.T.);
#13351 = ORIENTED_EDGE('',*,*,#13328,.F.);
#13352 = ORIENTED_EDGE('',*,*,#12393,.F.);
#13353 = PLANE('',#13354);
#13354 = AXIS2_PLACEMENT_3D('',#13355,#13356,#13357);
#13355 = CARTESIAN_POINT('',(1.4,1.2,0.15));
#13356 = DIRECTION('',(0.,0.,-1.));
#13357 = DIRECTION('',(-1.,-1.110223024625E-16,-0.));
#13358 = ADVANCED_FACE('',(#13359),#13370,.F.);
#13359 = FACE_BOUND('',#13360,.F.);
#13360 = EDGE_LOOP('',(#13361,#13367,#13368,#13369));
#13361 = ORIENTED_EDGE('',*,*,#13362,.T.);
#13362 = EDGE_CURVE('',#12378,#12480,#13363,.T.);
#13363 = LINE('',#13364,#13365);
#13364 = CARTESIAN_POINT('',(1.4,1.2,0.));
#13365 = VECTOR('',#13366,1.);
#13366 = DIRECTION('',(1.110223024625E-16,-1.,0.));
#13367 = ORIENTED_EDGE('',*,*,#12487,.T.);
#13368 = ORIENTED_EDGE('',*,*,#13345,.F.);
#13369 = ORIENTED_EDGE('',*,*,#12385,.F.);
#13370 = PLANE('',#13371);
#13371 = AXIS2_PLACEMENT_3D('',#13372,#13373,#13374);
#13372 = CARTESIAN_POINT('',(1.4,1.2,0.));
#13373 = DIRECTION('',(-1.,-1.110223024625E-16,0.));
#13374 = DIRECTION('',(0.,0.,1.));
#13375 = ADVANCED_FACE('',(#13376),#13387,.F.);
#13376 = FACE_BOUND('',#13377,.F.);
#13377 = EDGE_LOOP('',(#13378,#13384,#13385,#13386));
#13378 = ORIENTED_EDGE('',*,*,#13379,.T.);
#13379 = EDGE_CURVE('',#12369,#12471,#13380,.T.);
#13380 = LINE('',#13381,#13382);
#13381 = CARTESIAN_POINT('',(1.270530792283,1.2,0.));
#13382 = VECTOR('',#13383,1.);
#13383 = DIRECTION('',(1.110223024625E-16,-1.,0.));
#13384 = ORIENTED_EDGE('',*,*,#12479,.T.);
#13385 = ORIENTED_EDGE('',*,*,#13362,.F.);
#13386 = ORIENTED_EDGE('',*,*,#12377,.F.);
#13387 = PLANE('',#13388);
#13388 = AXIS2_PLACEMENT_3D('',#13389,#13390,#13391);
#13389 = CARTESIAN_POINT('',(1.270530792283,1.2,0.));
#13390 = DIRECTION('',(0.,0.,1.));
#13391 = DIRECTION('',(1.,1.110223024625E-16,-0.));
#13392 = ADVANCED_FACE('',(#13393),#13404,.T.);
#13393 = FACE_BOUND('',#13394,.T.);
#13394 = EDGE_LOOP('',(#13395,#13396,#13397,#13398));
#13395 = ORIENTED_EDGE('',*,*,#12368,.T.);
#13396 = ORIENTED_EDGE('',*,*,#13379,.T.);
#13397 = ORIENTED_EDGE('',*,*,#12470,.F.);
#13398 = ORIENTED_EDGE('',*,*,#13399,.F.);
#13399 = EDGE_CURVE('',#12361,#12463,#13400,.T.);
#13400 = LINE('',#13401,#13402);
#13401 = CARTESIAN_POINT('',(1.02432885403,1.2,0.206587955583));
#13402 = VECTOR('',#13403,1.);
#13403 = DIRECTION('',(1.110223024625E-16,-1.,0.));
#13404 = CYLINDRICAL_SURFACE('',#13405,0.25);
#13405 = AXIS2_PLACEMENT_3D('',#13406,#13407,#13408);
#13406 = CARTESIAN_POINT('',(1.270530792283,1.2,0.25));
#13407 = DIRECTION('',(-1.110223024625E-16,1.,0.));
#13408 = DIRECTION('',(-0.984807753012,-1.093356242223E-16,
    -0.173648177667));
#13409 = ADVANCED_FACE('',(#13410),#13416,.F.);
#13410 = FACE_BOUND('',#13411,.F.);
#13411 = EDGE_LOOP('',(#13412,#13413,#13414,#13415));
#13412 = ORIENTED_EDGE('',*,*,#12444,.T.);
#13413 = ORIENTED_EDGE('',*,*,#12462,.T.);
#13414 = ORIENTED_EDGE('',*,*,#13399,.F.);
#13415 = ORIENTED_EDGE('',*,*,#12360,.F.);
#13416 = PLANE('',#13417);
#13417 = AXIS2_PLACEMENT_3D('',#13418,#13419,#13420);
#13418 = CARTESIAN_POINT('',(0.948480775301,1.2,0.667364817767));
#13419 = DIRECTION('',(0.986721169868,1.095480561672E-16,0.162423314012)
  );
#13420 = DIRECTION('',(0.162423314012,1.803261029519E-17,-0.986721169868
    ));
#13421 = ADVANCED_FACE('',(#13422),#13433,.T.);
#13422 = FACE_BOUND('',#13423,.T.);
#13423 = EDGE_LOOP('',(#13424,#13425,#13426,#13427));
#13424 = ORIENTED_EDGE('',*,*,#12622,.T.);
#13425 = ORIENTED_EDGE('',*,*,#12872,.T.);
#13426 = ORIENTED_EDGE('',*,*,#12731,.F.);
#13427 = ORIENTED_EDGE('',*,*,#13428,.F.);
#13428 = EDGE_CURVE('',#12615,#12724,#13429,.T.);
#13429 = LINE('',#13430,#13431);
#13430 = CARTESIAN_POINT('',(1.096201938253,-0.7,0.693412044417));
#13431 = VECTOR('',#13432,1.);
#13432 = DIRECTION('',(1.110223024625E-16,-1.,0.));
#13433 = CYLINDRICAL_SURFACE('',#13434,0.25);
#13434 = AXIS2_PLACEMENT_3D('',#13435,#13436,#13437);
#13435 = CARTESIAN_POINT('',(0.85,-0.7,0.65));
#13436 = DIRECTION('',(-1.110223024625E-16,1.,0.));
#13437 = DIRECTION('',(0.984807753012,1.093356242223E-16,0.173648177667)
  );
#13438 = ADVANCED_FACE('',(#13439),#13450,.F.);
#13439 = FACE_BOUND('',#13440,.F.);
#13440 = EDGE_LOOP('',(#13441,#13447,#13448,#13449));
#13441 = ORIENTED_EDGE('',*,*,#13442,.T.);
#13442 = EDGE_CURVE('',#12606,#12715,#13443,.T.);
#13443 = LINE('',#13444,#13445);
#13444 = CARTESIAN_POINT('',(1.172050016982,-0.7,0.232635182233));
#13445 = VECTOR('',#13446,1.);
#13446 = DIRECTION('',(1.110223024625E-16,-1.,0.));
#13447 = ORIENTED_EDGE('',*,*,#12723,.T.);
#13448 = ORIENTED_EDGE('',*,*,#13428,.F.);
#13449 = ORIENTED_EDGE('',*,*,#12614,.F.);
#13450 = PLANE('',#13451);
#13451 = AXIS2_PLACEMENT_3D('',#13452,#13453,#13454);
#13452 = CARTESIAN_POINT('',(1.172050016982,-0.7,0.232635182233));
#13453 = DIRECTION('',(-0.986721169868,-1.095480561672E-16,
    -0.162423314012));
#13454 = DIRECTION('',(-0.162423314012,-1.803261029519E-17,
    0.986721169868));
#13455 = ADVANCED_FACE('',(#13456),#13467,.F.);
#13456 = FACE_BOUND('',#13457,.F.);
#13457 = EDGE_LOOP('',(#13458,#13464,#13465,#13466));
#13458 = ORIENTED_EDGE('',*,*,#13459,.T.);
#13459 = EDGE_CURVE('',#12598,#12707,#13460,.T.);
#13460 = LINE('',#13461,#13462);
#13461 = CARTESIAN_POINT('',(1.270530792283,-0.7,0.15));
#13462 = VECTOR('',#13463,1.);
#13463 = DIRECTION('',(1.110223024625E-16,-1.,0.));
#13464 = ORIENTED_EDGE('',*,*,#12714,.T.);
#13465 = ORIENTED_EDGE('',*,*,#13442,.F.);
#13466 = ORIENTED_EDGE('',*,*,#12605,.F.);
#13467 = CYLINDRICAL_SURFACE('',#13468,0.1);
#13468 = AXIS2_PLACEMENT_3D('',#13469,#13470,#13471);
#13469 = CARTESIAN_POINT('',(1.270530792283,-0.7,0.25));
#13470 = DIRECTION('',(-1.110223024625E-16,1.,0.));
#13471 = DIRECTION('',(2.22044604925E-15,2.465190328815E-31,-1.));
#13472 = ADVANCED_FACE('',(#13473),#13484,.F.);
#13473 = FACE_BOUND('',#13474,.F.);
#13474 = EDGE_LOOP('',(#13475,#13481,#13482,#13483));
#13475 = ORIENTED_EDGE('',*,*,#13476,.T.);
#13476 = EDGE_CURVE('',#12590,#12699,#13477,.T.);
#13477 = LINE('',#13478,#13479);
#13478 = CARTESIAN_POINT('',(1.4,-0.7,0.15));
#13479 = VECTOR('',#13480,1.);
#13480 = DIRECTION('',(1.110223024625E-16,-1.,0.));
#13481 = ORIENTED_EDGE('',*,*,#12706,.T.);
#13482 = ORIENTED_EDGE('',*,*,#13459,.F.);
#13483 = ORIENTED_EDGE('',*,*,#12597,.F.);
#13484 = PLANE('',#13485);
#13485 = AXIS2_PLACEMENT_3D('',#13486,#13487,#13488);
#13486 = CARTESIAN_POINT('',(1.4,-0.7,0.15));
#13487 = DIRECTION('',(0.,0.,-1.));
#13488 = DIRECTION('',(-1.,-1.110223024625E-16,-0.));
#13489 = ADVANCED_FACE('',(#13490),#13501,.F.);
#13490 = FACE_BOUND('',#13491,.F.);
#13491 = EDGE_LOOP('',(#13492,#13498,#13499,#13500));
#13492 = ORIENTED_EDGE('',*,*,#13493,.T.);
#13493 = EDGE_CURVE('',#12582,#12691,#13494,.T.);
#13494 = LINE('',#13495,#13496);
#13495 = CARTESIAN_POINT('',(1.4,-0.7,0.));
#13496 = VECTOR('',#13497,1.);
#13497 = DIRECTION('',(1.110223024625E-16,-1.,0.));
#13498 = ORIENTED_EDGE('',*,*,#12698,.T.);
#13499 = ORIENTED_EDGE('',*,*,#13476,.F.);
#13500 = ORIENTED_EDGE('',*,*,#12589,.F.);
#13501 = PLANE('',#13502);
#13502 = AXIS2_PLACEMENT_3D('',#13503,#13504,#13505);
#13503 = CARTESIAN_POINT('',(1.4,-0.7,0.));
#13504 = DIRECTION('',(-1.,-1.110223024625E-16,0.));
#13505 = DIRECTION('',(0.,0.,1.));
#13506 = ADVANCED_FACE('',(#13507),#13518,.F.);
#13507 = FACE_BOUND('',#13508,.F.);
#13508 = EDGE_LOOP('',(#13509,#13515,#13516,#13517));
#13509 = ORIENTED_EDGE('',*,*,#13510,.T.);
#13510 = EDGE_CURVE('',#12573,#12682,#13511,.T.);
#13511 = LINE('',#13512,#13513);
#13512 = CARTESIAN_POINT('',(1.270530792283,-0.7,0.));
#13513 = VECTOR('',#13514,1.);
#13514 = DIRECTION('',(1.110223024625E-16,-1.,0.));
#13515 = ORIENTED_EDGE('',*,*,#12690,.T.);
#13516 = ORIENTED_EDGE('',*,*,#13493,.F.);
#13517 = ORIENTED_EDGE('',*,*,#12581,.F.);
#13518 = PLANE('',#13519);
#13519 = AXIS2_PLACEMENT_3D('',#13520,#13521,#13522);
#13520 = CARTESIAN_POINT('',(1.270530792283,-0.7,0.));
#13521 = DIRECTION('',(0.,0.,1.));
#13522 = DIRECTION('',(1.,1.110223024625E-16,-0.));
#13523 = ADVANCED_FACE('',(#13524),#13535,.T.);
#13524 = FACE_BOUND('',#13525,.T.);
#13525 = EDGE_LOOP('',(#13526,#13527,#13528,#13529));
#13526 = ORIENTED_EDGE('',*,*,#12572,.T.);
#13527 = ORIENTED_EDGE('',*,*,#13510,.T.);
#13528 = ORIENTED_EDGE('',*,*,#12681,.F.);
#13529 = ORIENTED_EDGE('',*,*,#13530,.F.);
#13530 = EDGE_CURVE('',#12565,#12674,#13531,.T.);
#13531 = LINE('',#13532,#13533);
#13532 = CARTESIAN_POINT('',(1.02432885403,-0.7,0.206587955583));
#13533 = VECTOR('',#13534,1.);
#13534 = DIRECTION('',(1.110223024625E-16,-1.,0.));
#13535 = CYLINDRICAL_SURFACE('',#13536,0.25);
#13536 = AXIS2_PLACEMENT_3D('',#13537,#13538,#13539);
#13537 = CARTESIAN_POINT('',(1.270530792283,-0.7,0.25));
#13538 = DIRECTION('',(-1.110223024625E-16,1.,0.));
#13539 = DIRECTION('',(-0.984807753012,-1.093356242223E-16,
    -0.173648177667));
#13540 = ADVANCED_FACE('',(#13541),#13547,.F.);
#13541 = FACE_BOUND('',#13542,.F.);
#13542 = EDGE_LOOP('',(#13543,#13544,#13545,#13546));
#13543 = ORIENTED_EDGE('',*,*,#12655,.T.);
#13544 = ORIENTED_EDGE('',*,*,#12673,.T.);
#13545 = ORIENTED_EDGE('',*,*,#13530,.F.);
#13546 = ORIENTED_EDGE('',*,*,#12564,.F.);
#13547 = PLANE('',#13548);
#13548 = AXIS2_PLACEMENT_3D('',#13549,#13550,#13551);
#13549 = CARTESIAN_POINT('',(0.948480775301,-0.7,0.667364817767));
#13550 = DIRECTION('',(0.986721169868,1.095480561672E-16,0.162423314012)
  );
#13551 = DIRECTION('',(0.162423314012,1.803261029519E-17,-0.986721169868
    ));
#13552 = ADVANCED_FACE('',(#13553),#13556,.F.);
#13553 = FACE_BOUND('',#13554,.T.);
#13554 = EDGE_LOOP('',(#13555));
#13555 = ORIENTED_EDGE('',*,*,#12838,.F.);
#13556 = PLANE('',#13557);
#13557 = AXIS2_PLACEMENT_3D('',#13558,#13559,#13560);
#13558 = CARTESIAN_POINT('',(-0.483648457443,1.133648457443,1.55));
#13559 = DIRECTION('',(0.,0.,-1.));
#13560 = DIRECTION('',(1.110223024625E-16,-1.,0.));
#13561 = ( GEOMETRIC_REPRESENTATION_CONTEXT(3) 
GLOBAL_UNCERTAINTY_ASSIGNED_CONTEXT((#13565)) 
GLOBAL_UNIT_ASSIGNED_CONTEXT((#13562,#13563,#13564)) 
REPRESENTATION_CONTEXT('Context #1',
  '3D Context with UNIT and UNCERTAINTY') );
#13562 = ( LENGTH_UNIT() NAMED_UNIT(*) SI_UNIT(.MILLI.,.METRE.) );
#13563 = ( NAMED_UNIT(*) PLANE_ANGLE_UNIT() SI_UNIT($,.RADIAN.) );
#13564 = ( NAMED_UNIT(*) SI_UNIT($,.STERADIAN.) SOLID_ANGLE_UNIT() );
#13565 = UNCERTAINTY_MEASURE_WITH_UNIT(LENGTH_MEASURE(1.E-07),#13562,
  'distance_accuracy_value','confusion accuracy');
#13566 = CONTEXT_DEPENDENT_SHAPE_REPRESENTATION(#13567,#13569);
#13567 = ( REPRESENTATION_RELATIONSHIP('','',#10491,#10) 
REPRESENTATION_RELATIONSHIP_WITH_TRANSFORMATION(#13568) 
SHAPE_REPRESENTATION_RELATIONSHIP() );
#13568 = ITEM_DEFINED_TRANSFORMATION('','',#11,#55);
#13569 = PRODUCT_DEFINITION_SHAPE('Placement','Placement of an item',
  #13570);
#13570 = NEXT_ASSEMBLY_USAGE_OCCURRENCE('11','U2','',#5,#10486,$);
#13571 = PRODUCT_RELATED_PRODUCT_CATEGORY('part',$,(#10488));
#13572 = CONTEXT_DEPENDENT_SHAPE_REPRESENTATION(#13573,#13575);
#13573 = ( REPRESENTATION_RELATIONSHIP('','',#84,#10) 
REPRESENTATION_RELATIONSHIP_WITH_TRANSFORMATION(#13574) 
SHAPE_REPRESENTATION_RELATIONSHIP() );
#13574 = ITEM_DEFINED_TRANSFORMATION('','',#11,#59);
#13575 = PRODUCT_DEFINITION_SHAPE('Placement','Placement of an item',
  #13576);
#13576 = NEXT_ASSEMBLY_USAGE_OCCURRENCE('12','C2','',#5,#79,$);
#13577 = CONTEXT_DEPENDENT_SHAPE_REPRESENTATION(#13578,#13580);
#13578 = ( REPRESENTATION_RELATIONSHIP('','',#84,#10) 
REPRESENTATION_RELATIONSHIP_WITH_TRANSFORMATION(#13579) 
SHAPE_REPRESENTATION_RELATIONSHIP() );
#13579 = ITEM_DEFINED_TRANSFORMATION('','',#11,#63);
#13580 = PRODUCT_DEFINITION_SHAPE('Placement','Placement of an item',
  #13581);
#13581 = NEXT_ASSEMBLY_USAGE_OCCURRENCE('13','C1','',#5,#79,$);
#13582 = SHAPE_DEFINITION_REPRESENTATION(#13583,#13589);
#13583 = PRODUCT_DEFINITION_SHAPE('','',#13584);
#13584 = PRODUCT_DEFINITION('design','',#13585,#13588);
#13585 = PRODUCT_DEFINITION_FORMATION('','',#13586);
#13586 = PRODUCT('kibot_qq67svuy_PCB','kibot_qq67svuy_PCB','',(#13587));
#13587 = PRODUCT_CONTEXT('',#2,'mechanical');
#13588 = PRODUCT_DEFINITION_CONTEXT('part definition',#2,'design');
#13589 = ADVANCED_BREP_SHAPE_REPRESENTATION('',(#11,#13590),#14511);
#13590 = MANIFOLD_SOLID_BREP('',#13591);
#13591 = CLOSED_SHELL('',(#13592,#13634,#13665,#13698,#13920,#14142,
    #14159,#14176,#14193,#14210,#14227,#14244,#14261,#14278,#14295,
    #14312,#14329,#14346,#14358,#14375,#14392,#14409,#14426,#14443,
    #14460,#14477,#14494));
#13592 = ADVANCED_FACE('',(#13593),#13629,.T.);
#13593 = FACE_BOUND('',#13594,.T.);
#13594 = EDGE_LOOP('',(#13595,#13605,#13614,#13622));
#13595 = ORIENTED_EDGE('',*,*,#13596,.T.);
#13596 = EDGE_CURVE('',#13597,#13599,#13601,.T.);
#13597 = VERTEX_POINT('',#13598);
#13598 = CARTESIAN_POINT('',(8.471366,11.617939,0.));
#13599 = VERTEX_POINT('',#13600);
#13600 = CARTESIAN_POINT('',(8.471366,11.617939,1.51));
#13601 = LINE('',#13602,#13603);
#13602 = CARTESIAN_POINT('',(8.471366,11.617939,0.));
#13603 = VECTOR('',#13604,1.);
#13604 = DIRECTION('',(0.,0.,1.));
#13605 = ORIENTED_EDGE('',*,*,#13606,.T.);
#13606 = EDGE_CURVE('',#13599,#13607,#13609,.T.);
#13607 = VERTEX_POINT('',#13608);
#13608 = CARTESIAN_POINT('',(8.668985,11.448708,1.51));
#13609 = CIRCLE('',#13610,0.199953655513);
#13610 = AXIS2_PLACEMENT_3D('',#13611,#13612,#13613);
#13611 = CARTESIAN_POINT('',(8.471405691789,11.417985348427,1.51));
#13612 = DIRECTION('',(0.,0.,-1.));
#13613 = DIRECTION('',(-1.985049427137E-04,0.999999980298,0.));
#13614 = ORIENTED_EDGE('',*,*,#13615,.F.);
#13615 = EDGE_CURVE('',#13616,#13607,#13618,.T.);
#13616 = VERTEX_POINT('',#13617);
#13617 = CARTESIAN_POINT('',(8.668985,11.448708,0.));
#13618 = LINE('',#13619,#13620);
#13619 = CARTESIAN_POINT('',(8.668985,11.448708,0.));
#13620 = VECTOR('',#13621,1.);
#13621 = DIRECTION('',(0.,0.,1.));
#13622 = ORIENTED_EDGE('',*,*,#13623,.F.);
#13623 = EDGE_CURVE('',#13597,#13616,#13624,.T.);
#13624 = CIRCLE('',#13625,0.199953655513);
#13625 = AXIS2_PLACEMENT_3D('',#13626,#13627,#13628);
#13626 = CARTESIAN_POINT('',(8.471405691789,11.417985348427,0.));
#13627 = DIRECTION('',(0.,0.,-1.));
#13628 = DIRECTION('',(-1.985049427137E-04,0.999999980298,0.));
#13629 = CYLINDRICAL_SURFACE('',#13630,0.199953655513);
#13630 = AXIS2_PLACEMENT_3D('',#13631,#13632,#13633);
#13631 = CARTESIAN_POINT('',(8.471405691789,11.417985348427,0.));
#13632 = DIRECTION('',(0.,0.,-1.));
#13633 = DIRECTION('',(-1.985049427137E-04,0.999999980298,0.));
#13634 = ADVANCED_FACE('',(#13635),#13660,.T.);
#13635 = FACE_BOUND('',#13636,.T.);
#13636 = EDGE_LOOP('',(#13637,#13647,#13653,#13654));
#13637 = ORIENTED_EDGE('',*,*,#13638,.T.);
#13638 = EDGE_CURVE('',#13639,#13641,#13643,.T.);
#13639 = VERTEX_POINT('',#13640);
#13640 = CARTESIAN_POINT('',(-8.959587,11.617939,0.));
#13641 = VERTEX_POINT('',#13642);
#13642 = CARTESIAN_POINT('',(-8.959587,11.617939,1.51));
#13643 = LINE('',#13644,#13645);
#13644 = CARTESIAN_POINT('',(-8.959587,11.617939,0.));
#13645 = VECTOR('',#13646,1.);
#13646 = DIRECTION('',(0.,0.,1.));
#13647 = ORIENTED_EDGE('',*,*,#13648,.T.);
#13648 = EDGE_CURVE('',#13641,#13599,#13649,.T.);
#13649 = LINE('',#13650,#13651);
#13650 = CARTESIAN_POINT('',(-8.959587,11.617939,1.51));
#13651 = VECTOR('',#13652,1.);
#13652 = DIRECTION('',(1.,0.,0.));
#13653 = ORIENTED_EDGE('',*,*,#13596,.F.);
#13654 = ORIENTED_EDGE('',*,*,#13655,.F.);
#13655 = EDGE_CURVE('',#13639,#13597,#13656,.T.);
#13656 = LINE('',#13657,#13658);
#13657 = CARTESIAN_POINT('',(-8.959587,11.617939,0.));
#13658 = VECTOR('',#13659,1.);
#13659 = DIRECTION('',(1.,0.,0.));
#13660 = PLANE('',#13661);
#13661 = AXIS2_PLACEMENT_3D('',#13662,#13663,#13664);
#13662 = CARTESIAN_POINT('',(-8.959587,11.617939,0.));
#13663 = DIRECTION('',(0.,1.,0.));
#13664 = DIRECTION('',(1.,0.,0.));
#13665 = ADVANCED_FACE('',(#13666),#13693,.F.);
#13666 = FACE_BOUND('',#13667,.T.);
#13667 = EDGE_LOOP('',(#13668,#13669,#13678,#13686));
#13668 = ORIENTED_EDGE('',*,*,#13615,.T.);
#13669 = ORIENTED_EDGE('',*,*,#13670,.T.);
#13670 = EDGE_CURVE('',#13607,#13671,#13673,.T.);
#13671 = VERTEX_POINT('',#13672);
#13672 = CARTESIAN_POINT('',(9.586659,10.531035,1.51));
#13673 = CIRCLE('',#13674,1.099971338654);
#13674 = AXIS2_PLACEMENT_3D('',#13675,#13676,#13677);
#13675 = CARTESIAN_POINT('',(9.755864100465,11.61791428485,1.51));
#13676 = DIRECTION('',(0.,0.,1.));
#13677 = DIRECTION('',(-0.988097655158,-0.153827903423,0.));
#13678 = ORIENTED_EDGE('',*,*,#13679,.F.);
#13679 = EDGE_CURVE('',#13680,#13671,#13682,.T.);
#13680 = VERTEX_POINT('',#13681);
#13681 = CARTESIAN_POINT('',(9.586659,10.531035,0.));
#13682 = LINE('',#13683,#13684);
#13683 = CARTESIAN_POINT('',(9.586659,10.531035,0.));
#13684 = VECTOR('',#13685,1.);
#13685 = DIRECTION('',(0.,0.,1.));
#13686 = ORIENTED_EDGE('',*,*,#13687,.F.);
#13687 = EDGE_CURVE('',#13616,#13680,#13688,.T.);
#13688 = CIRCLE('',#13689,1.099971338654);
#13689 = AXIS2_PLACEMENT_3D('',#13690,#13691,#13692);
#13690 = CARTESIAN_POINT('',(9.755864100465,11.61791428485,0.));
#13691 = DIRECTION('',(0.,0.,1.));
#13692 = DIRECTION('',(-0.988097655158,-0.153827903423,0.));
#13693 = CYLINDRICAL_SURFACE('',#13694,1.099971338654);
#13694 = AXIS2_PLACEMENT_3D('',#13695,#13696,#13697);
#13695 = CARTESIAN_POINT('',(9.755864100465,11.61791428485,0.));
#13696 = DIRECTION('',(-0.,-0.,-1.));
#13697 = DIRECTION('',(-0.988097655158,-0.153827903423,0.));
#13698 = ADVANCED_FACE('',(#13699,#13816,#13827,#13838,#13849,#13860,
    #13871,#13882,#13893,#13904),#13915,.F.);
#13699 = FACE_BOUND('',#13700,.F.);
#13700 = EDGE_LOOP('',(#13701,#13702,#13703,#13712,#13721,#13730,#13738,
    #13747,#13756,#13765,#13773,#13782,#13791,#13800,#13808,#13815));
#13701 = ORIENTED_EDGE('',*,*,#13623,.F.);
#13702 = ORIENTED_EDGE('',*,*,#13655,.F.);
#13703 = ORIENTED_EDGE('',*,*,#13704,.F.);
#13704 = EDGE_CURVE('',#13705,#13639,#13707,.T.);
#13705 = VERTEX_POINT('',#13706);
#13706 = CARTESIAN_POINT('',(-9.157206,11.448708,0.));
#13707 = CIRCLE('',#13708,0.200021833029);
#13708 = AXIS2_PLACEMENT_3D('',#13709,#13710,#13711);
#13709 = CARTESIAN_POINT('',(-8.959568305358,11.417917167845,0.));
#13710 = DIRECTION('',(0.,0.,-1.));
#13711 = DIRECTION('',(-0.988080609248,0.153937356182,0.));
#13712 = ORIENTED_EDGE('',*,*,#13713,.F.);
#13713 = EDGE_CURVE('',#13714,#13705,#13716,.T.);
#13714 = VERTEX_POINT('',#13715);
#13715 = CARTESIAN_POINT('',(-10.07488,10.531035,0.));
#13716 = CIRCLE('',#13717,1.100000994541);
#13717 = AXIS2_PLACEMENT_3D('',#13718,#13719,#13720);
#13718 = CARTESIAN_POINT('',(-10.24411107034,11.617940254758,0.));
#13719 = DIRECTION('',(0.,0.,1.));
#13720 = DIRECTION('',(0.153846288489,-0.98809479278,0.));
#13721 = ORIENTED_EDGE('',*,*,#13722,.F.);
#13722 = EDGE_CURVE('',#13723,#13714,#13725,.T.);
#13723 = VERTEX_POINT('',#13724);
#13724 = CARTESIAN_POINT('',(-10.24411,10.333416,0.));
#13725 = CIRCLE('',#13726,0.200037563343);
#13726 = AXIS2_PLACEMENT_3D('',#13727,#13728,#13729);
#13727 = CARTESIAN_POINT('',(-10.04407243921,10.333383992042,0.));
#13728 = DIRECTION('',(0.,0.,-1.));
#13729 = DIRECTION('',(-0.999999987198,1.600097376814E-04,0.));
#13730 = ORIENTED_EDGE('',*,*,#13731,.F.);
#13731 = EDGE_CURVE('',#13732,#13723,#13734,.T.);
#13732 = VERTEX_POINT('',#13733);
#13733 = CARTESIAN_POINT('',(-10.24411,-7.097538,0.));
#13734 = LINE('',#13735,#13736);
#13735 = CARTESIAN_POINT('',(-10.24411,-7.097538,0.));
#13736 = VECTOR('',#13737,1.);
#13737 = DIRECTION('',(0.,1.,0.));
#13738 = ORIENTED_EDGE('',*,*,#13739,.F.);
#13739 = EDGE_CURVE('',#13740,#13732,#13742,.T.);
#13740 = VERTEX_POINT('',#13741);
#13741 = CARTESIAN_POINT('',(-10.07488,-7.295157,0.));
#13742 = CIRCLE('',#13743,0.199990957389);
#13743 = AXIS2_PLACEMENT_3D('',#13744,#13745,#13746);
#13744 = CARTESIAN_POINT('',(-10.04411904276,-7.097545900748,0.));
#13745 = DIRECTION('',(0.,0.,-1.));
#13746 = DIRECTION('',(-0.153811740464,-0.988100171286,-0.));
#13747 = ORIENTED_EDGE('',*,*,#13748,.F.);
#13748 = EDGE_CURVE('',#13749,#13740,#13751,.T.);
#13749 = VERTEX_POINT('',#13750);
#13750 = CARTESIAN_POINT('',(-9.157206,-8.21283,0.));
#13751 = CIRCLE('',#13752,1.099912033739);
#13752 = AXIS2_PLACEMENT_3D('',#13753,#13754,#13755);
#13753 = CARTESIAN_POINT('',(-10.24403316559,-8.38198434992,0.));
#13754 = DIRECTION('',(0.,0.,1.));
#13755 = DIRECTION('',(0.988103713982,0.153788980147,-0.));
#13756 = ORIENTED_EDGE('',*,*,#13757,.F.);
#13757 = EDGE_CURVE('',#13758,#13749,#13760,.T.);
#13758 = VERTEX_POINT('',#13759);
#13759 = CARTESIAN_POINT('',(-8.959587,-8.382061,0.));
#13760 = CIRCLE('',#13761,0.200025254253);
#13761 = AXIS2_PLACEMENT_3D('',#13762,#13763,#13764);
#13762 = CARTESIAN_POINT('',(-8.959565375846,-8.182035746916,0.));
#13763 = DIRECTION('',(0.,0.,-1.));
#13764 = DIRECTION('',(-1.081071192476E-04,-0.999999994156,-0.));
#13765 = ORIENTED_EDGE('',*,*,#13766,.F.);
#13766 = EDGE_CURVE('',#13767,#13758,#13769,.T.);
#13767 = VERTEX_POINT('',#13768);
#13768 = CARTESIAN_POINT('',(8.471366,-8.382061,0.));
#13769 = LINE('',#13770,#13771);
#13770 = CARTESIAN_POINT('',(8.471366,-8.382061,0.));
#13771 = VECTOR('',#13772,1.);
#13772 = DIRECTION('',(-1.,0.,0.));
#13773 = ORIENTED_EDGE('',*,*,#13774,.F.);
#13774 = EDGE_CURVE('',#13775,#13767,#13777,.T.);
#13775 = VERTEX_POINT('',#13776);
#13776 = CARTESIAN_POINT('',(8.668985,-8.21283,0.));
#13777 = CIRCLE('',#13778,0.199920439843);
#13778 = AXIS2_PLACEMENT_3D('',#13779,#13780,#13781);
#13779 = CARTESIAN_POINT('',(8.471434142593,-8.18214057177,0.));
#13780 = DIRECTION('',(0.,0.,-1.));
#13781 = DIRECTION('',(0.988147372832,-0.153508206836,0.));
#13782 = ORIENTED_EDGE('',*,*,#13783,.F.);
#13783 = EDGE_CURVE('',#13784,#13775,#13786,.T.);
#13784 = VERTEX_POINT('',#13785);
#13785 = CARTESIAN_POINT('',(9.586659,-7.295157,0.));
#13786 = CIRCLE('',#13787,1.099998028855);
#13787 = AXIS2_PLACEMENT_3D('',#13788,#13789,#13790);
#13788 = CARTESIAN_POINT('',(9.755887473288,-8.382059657699,0.));
#13789 = DIRECTION('',(0.,0.,1.));
#13790 = DIRECTION('',(-0.153844342307,0.988095095798,0.));
#13791 = ORIENTED_EDGE('',*,*,#13792,.F.);
#13792 = EDGE_CURVE('',#13793,#13784,#13795,.T.);
#13793 = VERTEX_POINT('',#13794);
#13794 = CARTESIAN_POINT('',(9.75589,-7.097538,0.));
#13795 = CIRCLE('',#13796,0.199943734423);
#13796 = AXIS2_PLACEMENT_3D('',#13797,#13798,#13799);
#13797 = CARTESIAN_POINT('',(9.555946271384,-7.097586189312,0.));
#13798 = DIRECTION('',(0.,0.,-1.));
#13799 = DIRECTION('',(0.999999970956,2.410143624637E-04,0.));
#13800 = ORIENTED_EDGE('',*,*,#13801,.F.);
#13801 = EDGE_CURVE('',#13802,#13793,#13804,.T.);
#13802 = VERTEX_POINT('',#13803);
#13803 = CARTESIAN_POINT('',(9.75589,10.333416,0.));
#13804 = LINE('',#13805,#13806);
#13805 = CARTESIAN_POINT('',(9.75589,10.333416,0.));
#13806 = VECTOR('',#13807,1.);
#13807 = DIRECTION('',(0.,-1.,0.));
#13808 = ORIENTED_EDGE('',*,*,#13809,.F.);
#13809 = EDGE_CURVE('',#13680,#13802,#13810,.T.);
#13810 = CIRCLE('',#13811,0.19995125783);
#13811 = AXIS2_PLACEMENT_3D('',#13812,#13813,#13814);
#13812 = CARTESIAN_POINT('',(9.555938746527,10.333457745402,0.));
#13813 = DIRECTION('',(0.,0.,-1.));
#13814 = DIRECTION('',(0.153638710784,0.988127090282,0.));
#13815 = ORIENTED_EDGE('',*,*,#13687,.F.);
#13816 = FACE_BOUND('',#13817,.F.);
#13817 = EDGE_LOOP('',(#13818));
#13818 = ORIENTED_EDGE('',*,*,#13819,.T.);
#13819 = EDGE_CURVE('',#13820,#13820,#13822,.T.);
#13820 = VERTEX_POINT('',#13821);
#13821 = CARTESIAN_POINT('',(7.17,-4.14,0.));
#13822 = CIRCLE('',#13823,0.5);
#13823 = AXIS2_PLACEMENT_3D('',#13824,#13825,#13826);
#13824 = CARTESIAN_POINT('',(7.17,-3.64,0.));
#13825 = DIRECTION('',(-0.,0.,-1.));
#13826 = DIRECTION('',(-0.,-1.,0.));
#13827 = FACE_BOUND('',#13828,.F.);
#13828 = EDGE_LOOP('',(#13829));
#13829 = ORIENTED_EDGE('',*,*,#13830,.T.);
#13830 = EDGE_CURVE('',#13831,#13831,#13833,.T.);
#13831 = VERTEX_POINT('',#13832);
#13832 = CARTESIAN_POINT('',(7.17,-1.6,0.));
#13833 = CIRCLE('',#13834,0.5);
#13834 = AXIS2_PLACEMENT_3D('',#13835,#13836,#13837);
#13835 = CARTESIAN_POINT('',(7.17,-1.1,0.));
#13836 = DIRECTION('',(-0.,0.,-1.));
#13837 = DIRECTION('',(-0.,-1.,0.));
#13838 = FACE_BOUND('',#13839,.F.);
#13839 = EDGE_LOOP('',(#13840));
#13840 = ORIENTED_EDGE('',*,*,#13841,.T.);
#13841 = EDGE_CURVE('',#13842,#13842,#13844,.T.);
#13842 = VERTEX_POINT('',#13843);
#13843 = CARTESIAN_POINT('',(7.17,0.94,0.));
#13844 = CIRCLE('',#13845,0.5);
#13845 = AXIS2_PLACEMENT_3D('',#13846,#13847,#13848);
#13846 = CARTESIAN_POINT('',(7.17,1.44,0.));
#13847 = DIRECTION('',(-0.,0.,-1.));
#13848 = DIRECTION('',(-0.,-1.,0.));
#13849 = FACE_BOUND('',#13850,.F.);
#13850 = EDGE_LOOP('',(#13851));
#13851 = ORIENTED_EDGE('',*,*,#13852,.T.);
#13852 = EDGE_CURVE('',#13853,#13853,#13855,.T.);
#13853 = VERTEX_POINT('',#13854);
#13854 = CARTESIAN_POINT('',(-6.47,7.05,0.));
#13855 = CIRCLE('',#13856,0.475);
#13856 = AXIS2_PLACEMENT_3D('',#13857,#13858,#13859);
#13857 = CARTESIAN_POINT('',(-6.47,7.525,0.));
#13858 = DIRECTION('',(-0.,0.,-1.));
#13859 = DIRECTION('',(1.869849304632E-15,-1.,-0.));
#13860 = FACE_BOUND('',#13861,.F.);
#13861 = EDGE_LOOP('',(#13862));
#13862 = ORIENTED_EDGE('',*,*,#13863,.T.);
#13863 = EDGE_CURVE('',#13864,#13864,#13866,.T.);
#13864 = VERTEX_POINT('',#13865);
#13865 = CARTESIAN_POINT('',(-3.97,7.05,0.));
#13866 = CIRCLE('',#13867,0.475);
#13867 = AXIS2_PLACEMENT_3D('',#13868,#13869,#13870);
#13868 = CARTESIAN_POINT('',(-3.97,7.525,0.));
#13869 = DIRECTION('',(-0.,0.,-1.));
#13870 = DIRECTION('',(-0.,-1.,0.));
#13871 = FACE_BOUND('',#13872,.F.);
#13872 = EDGE_LOOP('',(#13873));
#13873 = ORIENTED_EDGE('',*,*,#13874,.T.);
#13874 = EDGE_CURVE('',#13875,#13875,#13877,.T.);
#13875 = VERTEX_POINT('',#13876);
#13876 = CARTESIAN_POINT('',(-1.47,7.05,0.));
#13877 = CIRCLE('',#13878,0.475);
#13878 = AXIS2_PLACEMENT_3D('',#13879,#13880,#13881);
#13879 = CARTESIAN_POINT('',(-1.47,7.525,0.));
#13880 = DIRECTION('',(-0.,0.,-1.));
#13881 = DIRECTION('',(-0.,-1.,0.));
#13882 = FACE_BOUND('',#13883,.F.);
#13883 = EDGE_LOOP('',(#13884));
#13884 = ORIENTED_EDGE('',*,*,#13885,.T.);
#13885 = EDGE_CURVE('',#13886,#13886,#13888,.T.);
#13886 = VERTEX_POINT('',#13887);
#13887 = CARTESIAN_POINT('',(1.03,7.05,0.));
#13888 = CIRCLE('',#13889,0.475);
#13889 = AXIS2_PLACEMENT_3D('',#13890,#13891,#13892);
#13890 = CARTESIAN_POINT('',(1.03,7.525,0.));
#13891 = DIRECTION('',(-0.,0.,-1.));
#13892 = DIRECTION('',(-0.,-1.,0.));
#13893 = FACE_BOUND('',#13894,.F.);
#13894 = EDGE_LOOP('',(#13895));
#13895 = ORIENTED_EDGE('',*,*,#13896,.T.);
#13896 = EDGE_CURVE('',#13897,#13897,#13899,.T.);
#13897 = VERTEX_POINT('',#13898);
#13898 = CARTESIAN_POINT('',(3.53,7.05,0.));
#13899 = CIRCLE('',#13900,0.475);
#13900 = AXIS2_PLACEMENT_3D('',#13901,#13902,#13903);
#13901 = CARTESIAN_POINT('',(3.53,7.525,0.));
#13902 = DIRECTION('',(-0.,0.,-1.));
#13903 = DIRECTION('',(-9.349246523159E-16,-1.,0.));
#13904 = FACE_BOUND('',#13905,.F.);
#13905 = EDGE_LOOP('',(#13906));
#13906 = ORIENTED_EDGE('',*,*,#13907,.T.);
#13907 = EDGE_CURVE('',#13908,#13908,#13910,.T.);
#13908 = VERTEX_POINT('',#13909);
#13909 = CARTESIAN_POINT('',(6.03,7.05,0.));
#13910 = CIRCLE('',#13911,0.475);
#13911 = AXIS2_PLACEMENT_3D('',#13912,#13913,#13914);
#13912 = CARTESIAN_POINT('',(6.03,7.525,0.));
#13913 = DIRECTION('',(-0.,0.,-1.));
#13914 = DIRECTION('',(1.869849304632E-15,-1.,-0.));
#13915 = PLANE('',#13916);
#13916 = AXIS2_PLACEMENT_3D('',#13917,#13918,#13919);
#13917 = CARTESIAN_POINT('',(0.,0.,0.));
#13918 = DIRECTION('',(0.,0.,1.));
#13919 = DIRECTION('',(1.,0.,-0.));
#13920 = ADVANCED_FACE('',(#13921,#14038,#14049,#14060,#14071,#14082,
    #14093,#14104,#14115,#14126),#14137,.T.);
#13921 = FACE_BOUND('',#13922,.T.);
#13922 = EDGE_LOOP('',(#13923,#13924,#13925,#13934,#13943,#13952,#13960,
    #13969,#13978,#13987,#13995,#14004,#14013,#14022,#14030,#14037));
#13923 = ORIENTED_EDGE('',*,*,#13606,.F.);
#13924 = ORIENTED_EDGE('',*,*,#13648,.F.);
#13925 = ORIENTED_EDGE('',*,*,#13926,.F.);
#13926 = EDGE_CURVE('',#13927,#13641,#13929,.T.);
#13927 = VERTEX_POINT('',#13928);
#13928 = CARTESIAN_POINT('',(-9.157206,11.448708,1.51));
#13929 = CIRCLE('',#13930,0.200021833029);
#13930 = AXIS2_PLACEMENT_3D('',#13931,#13932,#13933);
#13931 = CARTESIAN_POINT('',(-8.959568305358,11.417917167845,1.51));
#13932 = DIRECTION('',(0.,0.,-1.));
#13933 = DIRECTION('',(-0.988080609248,0.153937356182,0.));
#13934 = ORIENTED_EDGE('',*,*,#13935,.F.);
#13935 = EDGE_CURVE('',#13936,#13927,#13938,.T.);
#13936 = VERTEX_POINT('',#13937);
#13937 = CARTESIAN_POINT('',(-10.07488,10.531035,1.51));
#13938 = CIRCLE('',#13939,1.100000994541);
#13939 = AXIS2_PLACEMENT_3D('',#13940,#13941,#13942);
#13940 = CARTESIAN_POINT('',(-10.24411107034,11.617940254758,1.51));
#13941 = DIRECTION('',(0.,0.,1.));
#13942 = DIRECTION('',(0.153846288489,-0.98809479278,0.));
#13943 = ORIENTED_EDGE('',*,*,#13944,.F.);
#13944 = EDGE_CURVE('',#13945,#13936,#13947,.T.);
#13945 = VERTEX_POINT('',#13946);
#13946 = CARTESIAN_POINT('',(-10.24411,10.333416,1.51));
#13947 = CIRCLE('',#13948,0.200037563343);
#13948 = AXIS2_PLACEMENT_3D('',#13949,#13950,#13951);
#13949 = CARTESIAN_POINT('',(-10.04407243921,10.333383992042,1.51));
#13950 = DIRECTION('',(0.,0.,-1.));
#13951 = DIRECTION('',(-0.999999987198,1.600097376814E-04,0.));
#13952 = ORIENTED_EDGE('',*,*,#13953,.F.);
#13953 = EDGE_CURVE('',#13954,#13945,#13956,.T.);
#13954 = VERTEX_POINT('',#13955);
#13955 = CARTESIAN_POINT('',(-10.24411,-7.097538,1.51));
#13956 = LINE('',#13957,#13958);
#13957 = CARTESIAN_POINT('',(-10.24411,-7.097538,1.51));
#13958 = VECTOR('',#13959,1.);
#13959 = DIRECTION('',(0.,1.,0.));
#13960 = ORIENTED_EDGE('',*,*,#13961,.F.);
#13961 = EDGE_CURVE('',#13962,#13954,#13964,.T.);
#13962 = VERTEX_POINT('',#13963);
#13963 = CARTESIAN_POINT('',(-10.07488,-7.295157,1.51));
#13964 = CIRCLE('',#13965,0.199990957389);
#13965 = AXIS2_PLACEMENT_3D('',#13966,#13967,#13968);
#13966 = CARTESIAN_POINT('',(-10.04411904276,-7.097545900748,1.51));
#13967 = DIRECTION('',(0.,0.,-1.));
#13968 = DIRECTION('',(-0.153811740464,-0.988100171286,-0.));
#13969 = ORIENTED_EDGE('',*,*,#13970,.F.);
#13970 = EDGE_CURVE('',#13971,#13962,#13973,.T.);
#13971 = VERTEX_POINT('',#13972);
#13972 = CARTESIAN_POINT('',(-9.157206,-8.21283,1.51));
#13973 = CIRCLE('',#13974,1.099912033739);
#13974 = AXIS2_PLACEMENT_3D('',#13975,#13976,#13977);
#13975 = CARTESIAN_POINT('',(-10.24403316559,-8.38198434992,1.51));
#13976 = DIRECTION('',(0.,0.,1.));
#13977 = DIRECTION('',(0.988103713982,0.153788980147,-0.));
#13978 = ORIENTED_EDGE('',*,*,#13979,.F.);
#13979 = EDGE_CURVE('',#13980,#13971,#13982,.T.);
#13980 = VERTEX_POINT('',#13981);
#13981 = CARTESIAN_POINT('',(-8.959587,-8.382061,1.51));
#13982 = CIRCLE('',#13983,0.200025254253);
#13983 = AXIS2_PLACEMENT_3D('',#13984,#13985,#13986);
#13984 = CARTESIAN_POINT('',(-8.959565375846,-8.182035746916,1.51));
#13985 = DIRECTION('',(0.,0.,-1.));
#13986 = DIRECTION('',(-1.081071192476E-04,-0.999999994156,-0.));
#13987 = ORIENTED_EDGE('',*,*,#13988,.F.);
#13988 = EDGE_CURVE('',#13989,#13980,#13991,.T.);
#13989 = VERTEX_POINT('',#13990);
#13990 = CARTESIAN_POINT('',(8.471366,-8.382061,1.51));
#13991 = LINE('',#13992,#13993);
#13992 = CARTESIAN_POINT('',(8.471366,-8.382061,1.51));
#13993 = VECTOR('',#13994,1.);
#13994 = DIRECTION('',(-1.,0.,0.));
#13995 = ORIENTED_EDGE('',*,*,#13996,.F.);
#13996 = EDGE_CURVE('',#13997,#13989,#13999,.T.);
#13997 = VERTEX_POINT('',#13998);
#13998 = CARTESIAN_POINT('',(8.668985,-8.21283,1.51));
#13999 = CIRCLE('',#14000,0.199920439843);
#14000 = AXIS2_PLACEMENT_3D('',#14001,#14002,#14003);
#14001 = CARTESIAN_POINT('',(8.471434142593,-8.18214057177,1.51));
#14002 = DIRECTION('',(0.,0.,-1.));
#14003 = DIRECTION('',(0.988147372832,-0.153508206836,0.));
#14004 = ORIENTED_EDGE('',*,*,#14005,.F.);
#14005 = EDGE_CURVE('',#14006,#13997,#14008,.T.);
#14006 = VERTEX_POINT('',#14007);
#14007 = CARTESIAN_POINT('',(9.586659,-7.295157,1.51));
#14008 = CIRCLE('',#14009,1.099998028855);
#14009 = AXIS2_PLACEMENT_3D('',#14010,#14011,#14012);
#14010 = CARTESIAN_POINT('',(9.755887473288,-8.382059657699,1.51));
#14011 = DIRECTION('',(0.,0.,1.));
#14012 = DIRECTION('',(-0.153844342307,0.988095095798,0.));
#14013 = ORIENTED_EDGE('',*,*,#14014,.F.);
#14014 = EDGE_CURVE('',#14015,#14006,#14017,.T.);
#14015 = VERTEX_POINT('',#14016);
#14016 = CARTESIAN_POINT('',(9.75589,-7.097538,1.51));
#14017 = CIRCLE('',#14018,0.199943734423);
#14018 = AXIS2_PLACEMENT_3D('',#14019,#14020,#14021);
#14019 = CARTESIAN_POINT('',(9.555946271384,-7.097586189312,1.51));
#14020 = DIRECTION('',(0.,0.,-1.));
#14021 = DIRECTION('',(0.999999970956,2.410143624637E-04,0.));
#14022 = ORIENTED_EDGE('',*,*,#14023,.F.);
#14023 = EDGE_CURVE('',#14024,#14015,#14026,.T.);
#14024 = VERTEX_POINT('',#14025);
#14025 = CARTESIAN_POINT('',(9.75589,10.333416,1.51));
#14026 = LINE('',#14027,#14028);
#14027 = CARTESIAN_POINT('',(9.75589,10.333416,1.51));
#14028 = VECTOR('',#14029,1.);
#14029 = DIRECTION('',(0.,-1.,0.));
#14030 = ORIENTED_EDGE('',*,*,#14031,.F.);
#14031 = EDGE_CURVE('',#13671,#14024,#14032,.T.);
#14032 = CIRCLE('',#14033,0.19995125783);
#14033 = AXIS2_PLACEMENT_3D('',#14034,#14035,#14036);
#14034 = CARTESIAN_POINT('',(9.555938746527,10.333457745402,1.51));
#14035 = DIRECTION('',(0.,0.,-1.));
#14036 = DIRECTION('',(0.153638710784,0.988127090282,0.));
#14037 = ORIENTED_EDGE('',*,*,#13670,.F.);
#14038 = FACE_BOUND('',#14039,.T.);
#14039 = EDGE_LOOP('',(#14040));
#14040 = ORIENTED_EDGE('',*,*,#14041,.T.);
#14041 = EDGE_CURVE('',#14042,#14042,#14044,.T.);
#14042 = VERTEX_POINT('',#14043);
#14043 = CARTESIAN_POINT('',(7.17,-4.14,1.51));
#14044 = CIRCLE('',#14045,0.5);
#14045 = AXIS2_PLACEMENT_3D('',#14046,#14047,#14048);
#14046 = CARTESIAN_POINT('',(7.17,-3.64,1.51));
#14047 = DIRECTION('',(-0.,0.,-1.));
#14048 = DIRECTION('',(-0.,-1.,0.));
#14049 = FACE_BOUND('',#14050,.T.);
#14050 = EDGE_LOOP('',(#14051));
#14051 = ORIENTED_EDGE('',*,*,#14052,.T.);
#14052 = EDGE_CURVE('',#14053,#14053,#14055,.T.);
#14053 = VERTEX_POINT('',#14054);
#14054 = CARTESIAN_POINT('',(7.17,-1.6,1.51));
#14055 = CIRCLE('',#14056,0.5);
#14056 = AXIS2_PLACEMENT_3D('',#14057,#14058,#14059);
#14057 = CARTESIAN_POINT('',(7.17,-1.1,1.51));
#14058 = DIRECTION('',(-0.,0.,-1.));
#14059 = DIRECTION('',(-0.,-1.,0.));
#14060 = FACE_BOUND('',#14061,.T.);
#14061 = EDGE_LOOP('',(#14062));
#14062 = ORIENTED_EDGE('',*,*,#14063,.T.);
#14063 = EDGE_CURVE('',#14064,#14064,#14066,.T.);
#14064 = VERTEX_POINT('',#14065);
#14065 = CARTESIAN_POINT('',(7.17,0.94,1.51));
#14066 = CIRCLE('',#14067,0.5);
#14067 = AXIS2_PLACEMENT_3D('',#14068,#14069,#14070);
#14068 = CARTESIAN_POINT('',(7.17,1.44,1.51));
#14069 = DIRECTION('',(-0.,0.,-1.));
#14070 = DIRECTION('',(-0.,-1.,0.));
#14071 = FACE_BOUND('',#14072,.T.);
#14072 = EDGE_LOOP('',(#14073));
#14073 = ORIENTED_EDGE('',*,*,#14074,.T.);
#14074 = EDGE_CURVE('',#14075,#14075,#14077,.T.);
#14075 = VERTEX_POINT('',#14076);
#14076 = CARTESIAN_POINT('',(-6.47,7.05,1.51));
#14077 = CIRCLE('',#14078,0.475);
#14078 = AXIS2_PLACEMENT_3D('',#14079,#14080,#14081);
#14079 = CARTESIAN_POINT('',(-6.47,7.525,1.51));
#14080 = DIRECTION('',(-0.,0.,-1.));
#14081 = DIRECTION('',(1.869849304632E-15,-1.,-0.));
#14082 = FACE_BOUND('',#14083,.T.);
#14083 = EDGE_LOOP('',(#14084));
#14084 = ORIENTED_EDGE('',*,*,#14085,.T.);
#14085 = EDGE_CURVE('',#14086,#14086,#14088,.T.);
#14086 = VERTEX_POINT('',#14087);
#14087 = CARTESIAN_POINT('',(-3.97,7.05,1.51));
#14088 = CIRCLE('',#14089,0.475);
#14089 = AXIS2_PLACEMENT_3D('',#14090,#14091,#14092);
#14090 = CARTESIAN_POINT('',(-3.97,7.525,1.51));
#14091 = DIRECTION('',(-0.,0.,-1.));
#14092 = DIRECTION('',(-0.,-1.,0.));
#14093 = FACE_BOUND('',#14094,.T.);
#14094 = EDGE_LOOP('',(#14095));
#14095 = ORIENTED_EDGE('',*,*,#14096,.T.);
#14096 = EDGE_CURVE('',#14097,#14097,#14099,.T.);
#14097 = VERTEX_POINT('',#14098);
#14098 = CARTESIAN_POINT('',(-1.47,7.05,1.51));
#14099 = CIRCLE('',#14100,0.475);
#14100 = AXIS2_PLACEMENT_3D('',#14101,#14102,#14103);
#14101 = CARTESIAN_POINT('',(-1.47,7.525,1.51));
#14102 = DIRECTION('',(-0.,0.,-1.));
#14103 = DIRECTION('',(-0.,-1.,0.));
#14104 = FACE_BOUND('',#14105,.T.);
#14105 = EDGE_LOOP('',(#14106));
#14106 = ORIENTED_EDGE('',*,*,#14107,.T.);
#14107 = EDGE_CURVE('',#14108,#14108,#14110,.T.);
#14108 = VERTEX_POINT('',#14109);
#14109 = CARTESIAN_POINT('',(1.03,7.05,1.51));
#14110 = CIRCLE('',#14111,0.475);
#14111 = AXIS2_PLACEMENT_3D('',#14112,#14113,#14114);
#14112 = CARTESIAN_POINT('',(1.03,7.525,1.51));
#14113 = DIRECTION('',(-0.,0.,-1.));
#14114 = DIRECTION('',(-0.,-1.,0.));
#14115 = FACE_BOUND('',#14116,.T.);
#14116 = EDGE_LOOP('',(#14117));
#14117 = ORIENTED_EDGE('',*,*,#14118,.T.);
#14118 = EDGE_CURVE('',#14119,#14119,#14121,.T.);
#14119 = VERTEX_POINT('',#14120);
#14120 = CARTESIAN_POINT('',(3.53,7.05,1.51));
#14121 = CIRCLE('',#14122,0.475);
#14122 = AXIS2_PLACEMENT_3D('',#14123,#14124,#14125);
#14123 = CARTESIAN_POINT('',(3.53,7.525,1.51));
#14124 = DIRECTION('',(-0.,0.,-1.));
#14125 = DIRECTION('',(-9.349246523159E-16,-1.,0.));
#14126 = FACE_BOUND('',#14127,.T.);
#14127 = EDGE_LOOP('',(#14128));
#14128 = ORIENTED_EDGE('',*,*,#14129,.T.);
#14129 = EDGE_CURVE('',#14130,#14130,#14132,.T.);
#14130 = VERTEX_POINT('',#14131);
#14131 = CARTESIAN_POINT('',(6.03,7.05,1.51));
#14132 = CIRCLE('',#14133,0.475);
#14133 = AXIS2_PLACEMENT_3D('',#14134,#14135,#14136);
#14134 = CARTESIAN_POINT('',(6.03,7.525,1.51));
#14135 = DIRECTION('',(-0.,0.,-1.));
#14136 = DIRECTION('',(1.869849304632E-15,-1.,-0.));
#14137 = PLANE('',#14138);
#14138 = AXIS2_PLACEMENT_3D('',#14139,#14140,#14141);
#14139 = CARTESIAN_POINT('',(0.,0.,1.51));
#14140 = DIRECTION('',(0.,0.,1.));
#14141 = DIRECTION('',(1.,0.,-0.));
#14142 = ADVANCED_FACE('',(#14143),#14154,.T.);
#14143 = FACE_BOUND('',#14144,.T.);
#14144 = EDGE_LOOP('',(#14145,#14151,#14152,#14153));
#14145 = ORIENTED_EDGE('',*,*,#14146,.T.);
#14146 = EDGE_CURVE('',#13705,#13927,#14147,.T.);
#14147 = LINE('',#14148,#14149);
#14148 = CARTESIAN_POINT('',(-9.157206,11.448708,0.));
#14149 = VECTOR('',#14150,1.);
#14150 = DIRECTION('',(0.,0.,1.));
#14151 = ORIENTED_EDGE('',*,*,#13926,.T.);
#14152 = ORIENTED_EDGE('',*,*,#13638,.F.);
#14153 = ORIENTED_EDGE('',*,*,#13704,.F.);
#14154 = CYLINDRICAL_SURFACE('',#14155,0.200021833029);
#14155 = AXIS2_PLACEMENT_3D('',#14156,#14157,#14158);
#14156 = CARTESIAN_POINT('',(-8.959568305358,11.417917167845,0.));
#14157 = DIRECTION('',(0.,0.,-1.));
#14158 = DIRECTION('',(-0.988080609248,0.153937356182,0.));
#14159 = ADVANCED_FACE('',(#14160),#14171,.T.);
#14160 = FACE_BOUND('',#14161,.T.);
#14161 = EDGE_LOOP('',(#14162,#14163,#14164,#14170));
#14162 = ORIENTED_EDGE('',*,*,#13679,.T.);
#14163 = ORIENTED_EDGE('',*,*,#14031,.T.);
#14164 = ORIENTED_EDGE('',*,*,#14165,.F.);
#14165 = EDGE_CURVE('',#13802,#14024,#14166,.T.);
#14166 = LINE('',#14167,#14168);
#14167 = CARTESIAN_POINT('',(9.75589,10.333416,0.));
#14168 = VECTOR('',#14169,1.);
#14169 = DIRECTION('',(0.,0.,1.));
#14170 = ORIENTED_EDGE('',*,*,#13809,.F.);
#14171 = CYLINDRICAL_SURFACE('',#14172,0.19995125783);
#14172 = AXIS2_PLACEMENT_3D('',#14173,#14174,#14175);
#14173 = CARTESIAN_POINT('',(9.555938746527,10.333457745402,0.));
#14174 = DIRECTION('',(0.,0.,-1.));
#14175 = DIRECTION('',(0.153638710784,0.988127090282,0.));
#14176 = ADVANCED_FACE('',(#14177),#14188,.F.);
#14177 = FACE_BOUND('',#14178,.T.);
#14178 = EDGE_LOOP('',(#14179,#14185,#14186,#14187));
#14179 = ORIENTED_EDGE('',*,*,#14180,.T.);
#14180 = EDGE_CURVE('',#13714,#13936,#14181,.T.);
#14181 = LINE('',#14182,#14183);
#14182 = CARTESIAN_POINT('',(-10.07488,10.531035,0.));
#14183 = VECTOR('',#14184,1.);
#14184 = DIRECTION('',(0.,0.,1.));
#14185 = ORIENTED_EDGE('',*,*,#13935,.T.);
#14186 = ORIENTED_EDGE('',*,*,#14146,.F.);
#14187 = ORIENTED_EDGE('',*,*,#13713,.F.);
#14188 = CYLINDRICAL_SURFACE('',#14189,1.100000994541);
#14189 = AXIS2_PLACEMENT_3D('',#14190,#14191,#14192);
#14190 = CARTESIAN_POINT('',(-10.24411107034,11.617940254758,0.));
#14191 = DIRECTION('',(-0.,-0.,-1.));
#14192 = DIRECTION('',(0.153846288489,-0.98809479278,0.));
#14193 = ADVANCED_FACE('',(#14194),#14205,.T.);
#14194 = FACE_BOUND('',#14195,.T.);
#14195 = EDGE_LOOP('',(#14196,#14197,#14198,#14204));
#14196 = ORIENTED_EDGE('',*,*,#14165,.T.);
#14197 = ORIENTED_EDGE('',*,*,#14023,.T.);
#14198 = ORIENTED_EDGE('',*,*,#14199,.F.);
#14199 = EDGE_CURVE('',#13793,#14015,#14200,.T.);
#14200 = LINE('',#14201,#14202);
#14201 = CARTESIAN_POINT('',(9.75589,-7.097538,0.));
#14202 = VECTOR('',#14203,1.);
#14203 = DIRECTION('',(0.,0.,1.));
#14204 = ORIENTED_EDGE('',*,*,#13801,.F.);
#14205 = PLANE('',#14206);
#14206 = AXIS2_PLACEMENT_3D('',#14207,#14208,#14209);
#14207 = CARTESIAN_POINT('',(9.75589,10.333416,0.));
#14208 = DIRECTION('',(1.,0.,-0.));
#14209 = DIRECTION('',(0.,-1.,0.));
#14210 = ADVANCED_FACE('',(#14211),#14222,.T.);
#14211 = FACE_BOUND('',#14212,.T.);
#14212 = EDGE_LOOP('',(#14213,#14219,#14220,#14221));
#14213 = ORIENTED_EDGE('',*,*,#14214,.T.);
#14214 = EDGE_CURVE('',#13723,#13945,#14215,.T.);
#14215 = LINE('',#14216,#14217);
#14216 = CARTESIAN_POINT('',(-10.24411,10.333416,0.));
#14217 = VECTOR('',#14218,1.);
#14218 = DIRECTION('',(0.,0.,1.));
#14219 = ORIENTED_EDGE('',*,*,#13944,.T.);
#14220 = ORIENTED_EDGE('',*,*,#14180,.F.);
#14221 = ORIENTED_EDGE('',*,*,#13722,.F.);
#14222 = CYLINDRICAL_SURFACE('',#14223,0.200037563343);
#14223 = AXIS2_PLACEMENT_3D('',#14224,#14225,#14226);
#14224 = CARTESIAN_POINT('',(-10.04407243921,10.333383992042,0.));
#14225 = DIRECTION('',(0.,0.,-1.));
#14226 = DIRECTION('',(-0.999999987198,1.600097376814E-04,0.));
#14227 = ADVANCED_FACE('',(#14228),#14239,.T.);
#14228 = FACE_BOUND('',#14229,.T.);
#14229 = EDGE_LOOP('',(#14230,#14231,#14232,#14238));
#14230 = ORIENTED_EDGE('',*,*,#14199,.T.);
#14231 = ORIENTED_EDGE('',*,*,#14014,.T.);
#14232 = ORIENTED_EDGE('',*,*,#14233,.F.);
#14233 = EDGE_CURVE('',#13784,#14006,#14234,.T.);
#14234 = LINE('',#14235,#14236);
#14235 = CARTESIAN_POINT('',(9.586659,-7.295157,0.));
#14236 = VECTOR('',#14237,1.);
#14237 = DIRECTION('',(0.,0.,1.));
#14238 = ORIENTED_EDGE('',*,*,#13792,.F.);
#14239 = CYLINDRICAL_SURFACE('',#14240,0.199943734423);
#14240 = AXIS2_PLACEMENT_3D('',#14241,#14242,#14243);
#14241 = CARTESIAN_POINT('',(9.555946271384,-7.097586189312,0.));
#14242 = DIRECTION('',(0.,0.,-1.));
#14243 = DIRECTION('',(0.999999970956,2.410143624637E-04,0.));
#14244 = ADVANCED_FACE('',(#14245),#14256,.T.);
#14245 = FACE_BOUND('',#14246,.T.);
#14246 = EDGE_LOOP('',(#14247,#14253,#14254,#14255));
#14247 = ORIENTED_EDGE('',*,*,#14248,.T.);
#14248 = EDGE_CURVE('',#13732,#13954,#14249,.T.);
#14249 = LINE('',#14250,#14251);
#14250 = CARTESIAN_POINT('',(-10.24411,-7.097538,0.));
#14251 = VECTOR('',#14252,1.);
#14252 = DIRECTION('',(0.,0.,1.));
#14253 = ORIENTED_EDGE('',*,*,#13953,.T.);
#14254 = ORIENTED_EDGE('',*,*,#14214,.F.);
#14255 = ORIENTED_EDGE('',*,*,#13731,.F.);
#14256 = PLANE('',#14257);
#14257 = AXIS2_PLACEMENT_3D('',#14258,#14259,#14260);
#14258 = CARTESIAN_POINT('',(-10.24411,-7.097538,0.));
#14259 = DIRECTION('',(-1.,0.,0.));
#14260 = DIRECTION('',(0.,1.,0.));
#14261 = ADVANCED_FACE('',(#14262),#14273,.F.);
#14262 = FACE_BOUND('',#14263,.T.);
#14263 = EDGE_LOOP('',(#14264,#14265,#14266,#14272));
#14264 = ORIENTED_EDGE('',*,*,#14233,.T.);
#14265 = ORIENTED_EDGE('',*,*,#14005,.T.);
#14266 = ORIENTED_EDGE('',*,*,#14267,.F.);
#14267 = EDGE_CURVE('',#13775,#13997,#14268,.T.);
#14268 = LINE('',#14269,#14270);
#14269 = CARTESIAN_POINT('',(8.668985,-8.21283,0.));
#14270 = VECTOR('',#14271,1.);
#14271 = DIRECTION('',(0.,0.,1.));
#14272 = ORIENTED_EDGE('',*,*,#13783,.F.);
#14273 = CYLINDRICAL_SURFACE('',#14274,1.099998028855);
#14274 = AXIS2_PLACEMENT_3D('',#14275,#14276,#14277);
#14275 = CARTESIAN_POINT('',(9.755887473288,-8.382059657699,0.));
#14276 = DIRECTION('',(-0.,-0.,-1.));
#14277 = DIRECTION('',(-0.153844342307,0.988095095798,0.));
#14278 = ADVANCED_FACE('',(#14279),#14290,.T.);
#14279 = FACE_BOUND('',#14280,.T.);
#14280 = EDGE_LOOP('',(#14281,#14287,#14288,#14289));
#14281 = ORIENTED_EDGE('',*,*,#14282,.T.);
#14282 = EDGE_CURVE('',#13740,#13962,#14283,.T.);
#14283 = LINE('',#14284,#14285);
#14284 = CARTESIAN_POINT('',(-10.07488,-7.295157,0.));
#14285 = VECTOR('',#14286,1.);
#14286 = DIRECTION('',(0.,0.,1.));
#14287 = ORIENTED_EDGE('',*,*,#13961,.T.);
#14288 = ORIENTED_EDGE('',*,*,#14248,.F.);
#14289 = ORIENTED_EDGE('',*,*,#13739,.F.);
#14290 = CYLINDRICAL_SURFACE('',#14291,0.199990957389);
#14291 = AXIS2_PLACEMENT_3D('',#14292,#14293,#14294);
#14292 = CARTESIAN_POINT('',(-10.04411904276,-7.097545900748,0.));
#14293 = DIRECTION('',(0.,0.,-1.));
#14294 = DIRECTION('',(-0.153811740464,-0.988100171286,-0.));
#14295 = ADVANCED_FACE('',(#14296),#14307,.T.);
#14296 = FACE_BOUND('',#14297,.T.);
#14297 = EDGE_LOOP('',(#14298,#14299,#14300,#14306));
#14298 = ORIENTED_EDGE('',*,*,#14267,.T.);
#14299 = ORIENTED_EDGE('',*,*,#13996,.T.);
#14300 = ORIENTED_EDGE('',*,*,#14301,.F.);
#14301 = EDGE_CURVE('',#13767,#13989,#14302,.T.);
#14302 = LINE('',#14303,#14304);
#14303 = CARTESIAN_POINT('',(8.471366,-8.382061,0.));
#14304 = VECTOR('',#14305,1.);
#14305 = DIRECTION('',(0.,0.,1.));
#14306 = ORIENTED_EDGE('',*,*,#13774,.F.);
#14307 = CYLINDRICAL_SURFACE('',#14308,0.199920439843);
#14308 = AXIS2_PLACEMENT_3D('',#14309,#14310,#14311);
#14309 = CARTESIAN_POINT('',(8.471434142593,-8.18214057177,0.));
#14310 = DIRECTION('',(0.,0.,-1.));
#14311 = DIRECTION('',(0.988147372832,-0.153508206836,0.));
#14312 = ADVANCED_FACE('',(#14313),#14324,.F.);
#14313 = FACE_BOUND('',#14314,.T.);
#14314 = EDGE_LOOP('',(#14315,#14321,#14322,#14323));
#14315 = ORIENTED_EDGE('',*,*,#14316,.T.);
#14316 = EDGE_CURVE('',#13749,#13971,#14317,.T.);
#14317 = LINE('',#14318,#14319);
#14318 = CARTESIAN_POINT('',(-9.157206,-8.21283,0.));
#14319 = VECTOR('',#14320,1.);
#14320 = DIRECTION('',(0.,0.,1.));
#14321 = ORIENTED_EDGE('',*,*,#13970,.T.);
#14322 = ORIENTED_EDGE('',*,*,#14282,.F.);
#14323 = ORIENTED_EDGE('',*,*,#13748,.F.);
#14324 = CYLINDRICAL_SURFACE('',#14325,1.099912033739);
#14325 = AXIS2_PLACEMENT_3D('',#14326,#14327,#14328);
#14326 = CARTESIAN_POINT('',(-10.24403316559,-8.38198434992,0.));
#14327 = DIRECTION('',(-0.,-0.,-1.));
#14328 = DIRECTION('',(0.988103713982,0.153788980147,-0.));
#14329 = ADVANCED_FACE('',(#14330),#14341,.T.);
#14330 = FACE_BOUND('',#14331,.T.);
#14331 = EDGE_LOOP('',(#14332,#14333,#14334,#14340));
#14332 = ORIENTED_EDGE('',*,*,#14301,.T.);
#14333 = ORIENTED_EDGE('',*,*,#13988,.T.);
#14334 = ORIENTED_EDGE('',*,*,#14335,.F.);
#14335 = EDGE_CURVE('',#13758,#13980,#14336,.T.);
#14336 = LINE('',#14337,#14338);
#14337 = CARTESIAN_POINT('',(-8.959587,-8.382061,0.));
#14338 = VECTOR('',#14339,1.);
#14339 = DIRECTION('',(0.,0.,1.));
#14340 = ORIENTED_EDGE('',*,*,#13766,.F.);
#14341 = PLANE('',#14342);
#14342 = AXIS2_PLACEMENT_3D('',#14343,#14344,#14345);
#14343 = CARTESIAN_POINT('',(8.471366,-8.382061,0.));
#14344 = DIRECTION('',(0.,-1.,0.));
#14345 = DIRECTION('',(-1.,0.,0.));
#14346 = ADVANCED_FACE('',(#14347),#14353,.T.);
#14347 = FACE_BOUND('',#14348,.T.);
#14348 = EDGE_LOOP('',(#14349,#14350,#14351,#14352));
#14349 = ORIENTED_EDGE('',*,*,#14335,.T.);
#14350 = ORIENTED_EDGE('',*,*,#13979,.T.);
#14351 = ORIENTED_EDGE('',*,*,#14316,.F.);
#14352 = ORIENTED_EDGE('',*,*,#13757,.F.);
#14353 = CYLINDRICAL_SURFACE('',#14354,0.200025254253);
#14354 = AXIS2_PLACEMENT_3D('',#14355,#14356,#14357);
#14355 = CARTESIAN_POINT('',(-8.959565375846,-8.182035746916,0.));
#14356 = DIRECTION('',(0.,0.,-1.));
#14357 = DIRECTION('',(-1.081071192476E-04,-0.999999994156,-0.));
#14358 = ADVANCED_FACE('',(#14359),#14370,.F.);
#14359 = FACE_BOUND('',#14360,.T.);
#14360 = EDGE_LOOP('',(#14361,#14362,#14368,#14369));
#14361 = ORIENTED_EDGE('',*,*,#13819,.T.);
#14362 = ORIENTED_EDGE('',*,*,#14363,.T.);
#14363 = EDGE_CURVE('',#13820,#14042,#14364,.T.);
#14364 = LINE('',#14365,#14366);
#14365 = CARTESIAN_POINT('',(7.17,-4.14,-4.6E-02));
#14366 = VECTOR('',#14367,1.);
#14367 = DIRECTION('',(0.,0.,1.));
#14368 = ORIENTED_EDGE('',*,*,#14041,.F.);
#14369 = ORIENTED_EDGE('',*,*,#14363,.F.);
#14370 = CYLINDRICAL_SURFACE('',#14371,0.5);
#14371 = AXIS2_PLACEMENT_3D('',#14372,#14373,#14374);
#14372 = CARTESIAN_POINT('',(7.17,-3.64,-4.6E-02));
#14373 = DIRECTION('',(-0.,-0.,-1.));
#14374 = DIRECTION('',(-0.,-1.,0.));
#14375 = ADVANCED_FACE('',(#14376),#14387,.F.);
#14376 = FACE_BOUND('',#14377,.T.);
#14377 = EDGE_LOOP('',(#14378,#14379,#14385,#14386));
#14378 = ORIENTED_EDGE('',*,*,#13830,.T.);
#14379 = ORIENTED_EDGE('',*,*,#14380,.T.);
#14380 = EDGE_CURVE('',#13831,#14053,#14381,.T.);
#14381 = LINE('',#14382,#14383);
#14382 = CARTESIAN_POINT('',(7.17,-1.6,-4.6E-02));
#14383 = VECTOR('',#14384,1.);
#14384 = DIRECTION('',(0.,0.,1.));
#14385 = ORIENTED_EDGE('',*,*,#14052,.F.);
#14386 = ORIENTED_EDGE('',*,*,#14380,.F.);
#14387 = CYLINDRICAL_SURFACE('',#14388,0.5);
#14388 = AXIS2_PLACEMENT_3D('',#14389,#14390,#14391);
#14389 = CARTESIAN_POINT('',(7.17,-1.1,-4.6E-02));
#14390 = DIRECTION('',(-0.,-0.,-1.));
#14391 = DIRECTION('',(-0.,-1.,0.));
#14392 = ADVANCED_FACE('',(#14393),#14404,.F.);
#14393 = FACE_BOUND('',#14394,.T.);
#14394 = EDGE_LOOP('',(#14395,#14396,#14402,#14403));
#14395 = ORIENTED_EDGE('',*,*,#13841,.T.);
#14396 = ORIENTED_EDGE('',*,*,#14397,.T.);
#14397 = EDGE_CURVE('',#13842,#14064,#14398,.T.);
#14398 = LINE('',#14399,#14400);
#14399 = CARTESIAN_POINT('',(7.17,0.94,-4.6E-02));
#14400 = VECTOR('',#14401,1.);
#14401 = DIRECTION('',(0.,0.,1.));
#14402 = ORIENTED_EDGE('',*,*,#14063,.F.);
#14403 = ORIENTED_EDGE('',*,*,#14397,.F.);
#14404 = CYLINDRICAL_SURFACE('',#14405,0.5);
#14405 = AXIS2_PLACEMENT_3D('',#14406,#14407,#14408);
#14406 = CARTESIAN_POINT('',(7.17,1.44,-4.6E-02));
#14407 = DIRECTION('',(-0.,-0.,-1.));
#14408 = DIRECTION('',(-0.,-1.,0.));
#14409 = ADVANCED_FACE('',(#14410),#14421,.F.);
#14410 = FACE_BOUND('',#14411,.T.);
#14411 = EDGE_LOOP('',(#14412,#14413,#14419,#14420));
#14412 = ORIENTED_EDGE('',*,*,#13852,.T.);
#14413 = ORIENTED_EDGE('',*,*,#14414,.T.);
#14414 = EDGE_CURVE('',#13853,#14075,#14415,.T.);
#14415 = LINE('',#14416,#14417);
#14416 = CARTESIAN_POINT('',(-6.47,7.05,-4.6E-02));
#14417 = VECTOR('',#14418,1.);
#14418 = DIRECTION('',(0.,0.,1.));
#14419 = ORIENTED_EDGE('',*,*,#14074,.F.);
#14420 = ORIENTED_EDGE('',*,*,#14414,.F.);
#14421 = CYLINDRICAL_SURFACE('',#14422,0.475);
#14422 = AXIS2_PLACEMENT_3D('',#14423,#14424,#14425);
#14423 = CARTESIAN_POINT('',(-6.47,7.525,-4.6E-02));
#14424 = DIRECTION('',(-0.,0.,-1.));
#14425 = DIRECTION('',(1.869849304632E-15,-1.,-0.));
#14426 = ADVANCED_FACE('',(#14427),#14438,.F.);
#14427 = FACE_BOUND('',#14428,.T.);
#14428 = EDGE_LOOP('',(#14429,#14430,#14436,#14437));
#14429 = ORIENTED_EDGE('',*,*,#13863,.T.);
#14430 = ORIENTED_EDGE('',*,*,#14431,.T.);
#14431 = EDGE_CURVE('',#13864,#14086,#14432,.T.);
#14432 = LINE('',#14433,#14434);
#14433 = CARTESIAN_POINT('',(-3.97,7.05,-4.6E-02));
#14434 = VECTOR('',#14435,1.);
#14435 = DIRECTION('',(0.,0.,1.));
#14436 = ORIENTED_EDGE('',*,*,#14085,.F.);
#14437 = ORIENTED_EDGE('',*,*,#14431,.F.);
#14438 = CYLINDRICAL_SURFACE('',#14439,0.475);
#14439 = AXIS2_PLACEMENT_3D('',#14440,#14441,#14442);
#14440 = CARTESIAN_POINT('',(-3.97,7.525,-4.6E-02));
#14441 = DIRECTION('',(-0.,-0.,-1.));
#14442 = DIRECTION('',(-0.,-1.,0.));
#14443 = ADVANCED_FACE('',(#14444),#14455,.F.);
#14444 = FACE_BOUND('',#14445,.T.);
#14445 = EDGE_LOOP('',(#14446,#14447,#14453,#14454));
#14446 = ORIENTED_EDGE('',*,*,#13874,.T.);
#14447 = ORIENTED_EDGE('',*,*,#14448,.T.);
#14448 = EDGE_CURVE('',#13875,#14097,#14449,.T.);
#14449 = LINE('',#14450,#14451);
#14450 = CARTESIAN_POINT('',(-1.47,7.05,-4.6E-02));
#14451 = VECTOR('',#14452,1.);
#14452 = DIRECTION('',(0.,0.,1.));
#14453 = ORIENTED_EDGE('',*,*,#14096,.F.);
#14454 = ORIENTED_EDGE('',*,*,#14448,.F.);
#14455 = CYLINDRICAL_SURFACE('',#14456,0.475);
#14456 = AXIS2_PLACEMENT_3D('',#14457,#14458,#14459);
#14457 = CARTESIAN_POINT('',(-1.47,7.525,-4.6E-02));
#14458 = DIRECTION('',(-0.,-0.,-1.));
#14459 = DIRECTION('',(-0.,-1.,0.));
#14460 = ADVANCED_FACE('',(#14461),#14472,.F.);
#14461 = FACE_BOUND('',#14462,.T.);
#14462 = EDGE_LOOP('',(#14463,#14464,#14470,#14471));
#14463 = ORIENTED_EDGE('',*,*,#13885,.T.);
#14464 = ORIENTED_EDGE('',*,*,#14465,.T.);
#14465 = EDGE_CURVE('',#13886,#14108,#14466,.T.);
#14466 = LINE('',#14467,#14468);
#14467 = CARTESIAN_POINT('',(1.03,7.05,-4.6E-02));
#14468 = VECTOR('',#14469,1.);
#14469 = DIRECTION('',(0.,0.,1.));
#14470 = ORIENTED_EDGE('',*,*,#14107,.F.);
#14471 = ORIENTED_EDGE('',*,*,#14465,.F.);
#14472 = CYLINDRICAL_SURFACE('',#14473,0.475);
#14473 = AXIS2_PLACEMENT_3D('',#14474,#14475,#14476);
#14474 = CARTESIAN_POINT('',(1.03,7.525,-4.6E-02));
#14475 = DIRECTION('',(-0.,-0.,-1.));
#14476 = DIRECTION('',(-0.,-1.,0.));
#14477 = ADVANCED_FACE('',(#14478),#14489,.F.);
#14478 = FACE_BOUND('',#14479,.T.);
#14479 = EDGE_LOOP('',(#14480,#14481,#14487,#14488));
#14480 = ORIENTED_EDGE('',*,*,#13896,.T.);
#14481 = ORIENTED_EDGE('',*,*,#14482,.T.);
#14482 = EDGE_CURVE('',#13897,#14119,#14483,.T.);
#14483 = LINE('',#14484,#14485);
#14484 = CARTESIAN_POINT('',(3.53,7.05,-4.6E-02));
#14485 = VECTOR('',#14486,1.);
#14486 = DIRECTION('',(0.,0.,1.));
#14487 = ORIENTED_EDGE('',*,*,#14118,.F.);
#14488 = ORIENTED_EDGE('',*,*,#14482,.F.);
#14489 = CYLINDRICAL_SURFACE('',#14490,0.475);
#14490 = AXIS2_PLACEMENT_3D('',#14491,#14492,#14493);
#14491 = CARTESIAN_POINT('',(3.53,7.525,-4.6E-02));
#14492 = DIRECTION('',(-0.,-0.,-1.));
#14493 = DIRECTION('',(-9.349246523159E-16,-1.,0.));
#14494 = ADVANCED_FACE('',(#14495),#14506,.F.);
#14495 = FACE_BOUND('',#14496,.T.);
#14496 = EDGE_LOOP('',(#14497,#14498,#14504,#14505));
#14497 = ORIENTED_EDGE('',*,*,#13907,.T.);
#14498 = ORIENTED_EDGE('',*,*,#14499,.T.);
#14499 = EDGE_CURVE('',#13908,#14130,#14500,.T.);
#14500 = LINE('',#14501,#14502);
#14501 = CARTESIAN_POINT('',(6.03,7.05,-4.6E-02));
#14502 = VECTOR('',#14503,1.);
#14503 = DIRECTION('',(0.,0.,1.));
#14504 = ORIENTED_EDGE('',*,*,#14129,.F.);
#14505 = ORIENTED_EDGE('',*,*,#14499,.F.);
#14506 = CYLINDRICAL_SURFACE('',#14507,0.475);
#14507 = AXIS2_PLACEMENT_3D('',#14508,#14509,#14510);
#14508 = CARTESIAN_POINT('',(6.03,7.525,-4.6E-02));
#14509 = DIRECTION('',(-0.,0.,-1.));
#14510 = DIRECTION('',(1.869849304632E-15,-1.,-0.));
#14511 = ( GEOMETRIC_REPRESENTATION_CONTEXT(3) 
GLOBAL_UNCERTAINTY_ASSIGNED_CONTEXT((#14515)) 
GLOBAL_UNIT_ASSIGNED_CONTEXT((#14512,#14513,#14514)) 
REPRESENTATION_CONTEXT('Context #1',
  '3D Context with UNIT and UNCERTAINTY') );
#14512 = ( LENGTH_UNIT() NAMED_UNIT(*) SI_UNIT(.MILLI.,.METRE.) );
#14513 = ( NAMED_UNIT(*) PLANE_ANGLE_UNIT() SI_UNIT($,.RADIAN.) );
#14514 = ( NAMED_UNIT(*) SI_UNIT($,.STERADIAN.) SOLID_ANGLE_UNIT() );
#14515 = UNCERTAINTY_MEASURE_WITH_UNIT(LENGTH_MEASURE(1.E-07),#14512,
  'distance_accuracy_value','confusion accuracy');
#14516 = CONTEXT_DEPENDENT_SHAPE_REPRESENTATION(#14517,#14519);
#14517 = ( REPRESENTATION_RELATIONSHIP('','',#13589,#10) 
REPRESENTATION_RELATIONSHIP_WITH_TRANSFORMATION(#14518) 
SHAPE_REPRESENTATION_RELATIONSHIP() );
#14518 = ITEM_DEFINED_TRANSFORMATION('','',#11,#67);
#14519 = PRODUCT_DEFINITION_SHAPE('Placement','Placement of an item',
  #14520);
#14520 = NEXT_ASSEMBLY_USAGE_OCCURRENCE('14','=>[0:1:1:8]','',#5,#13584,
  $);
#14521 = PRODUCT_RELATED_PRODUCT_CATEGORY('part',$,(#13586));
#14522 = MECHANICAL_DESIGN_GEOMETRIC_PRESENTATION_REPRESENTATION('',(
    #14523,#14531,#14538,#14545,#14552,#14559,#14566,#14573,#14580,
    #14587,#14594,#14602,#14609,#14616,#14623,#14630,#14637,#14644,
    #14651,#14658,#14665,#14672,#14679,#14686,#14693,#14700,#14707,
    #14714),#939);
#14523 = STYLED_ITEM('color',(#14524),#87);
#14524 = PRESENTATION_STYLE_ASSIGNMENT((#14525));
#14525 = SURFACE_STYLE_USAGE(.BOTH.,#14526);
#14526 = SURFACE_SIDE_STYLE('',(#14527));
#14527 = SURFACE_STYLE_FILL_AREA(#14528);
#14528 = FILL_AREA_STYLE('',(#14529));
#14529 = FILL_AREA_STYLE_COLOUR('',#14530);
#14530 = COLOUR_RGB('',0.823999987314,0.819999987296,0.781000009244);
#14531 = STYLED_ITEM('color',(#14532),#163);
#14532 = PRESENTATION_STYLE_ASSIGNMENT((#14533));
#14533 = SURFACE_STYLE_USAGE(.BOTH.,#14534);
#14534 = SURFACE_SIDE_STYLE('',(#14535));
#14535 = SURFACE_STYLE_FILL_AREA(#14536);
#14536 = FILL_AREA_STYLE('',(#14537));
#14537 = FILL_AREA_STYLE_COLOUR('',#14530);
#14538 = STYLED_ITEM('color',(#14539),#194);
#14539 = PRESENTATION_STYLE_ASSIGNMENT((#14540));
#14540 = SURFACE_STYLE_USAGE(.BOTH.,#14541);
#14541 = SURFACE_SIDE_STYLE('',(#14542));
#14542 = SURFACE_STYLE_FILL_AREA(#14543);
#14543 = FILL_AREA_STYLE('',(#14544));
#14544 = FILL_AREA_STYLE_COLOUR('',#14530);
#14545 = STYLED_ITEM('color',(#14546),#219);
#14546 = PRESENTATION_STYLE_ASSIGNMENT((#14547));
#14547 = SURFACE_STYLE_USAGE(.BOTH.,#14548);
#14548 = SURFACE_SIDE_STYLE('',(#14549));
#14549 = SURFACE_STYLE_FILL_AREA(#14550);
#14550 = FILL_AREA_STYLE('',(#14551));
#14551 = FILL_AREA_STYLE_COLOUR('',#14530);
#14552 = STYLED_ITEM('color',(#14553),#244);
#14553 = PRESENTATION_STYLE_ASSIGNMENT((#14554));
#14554 = SURFACE_STYLE_USAGE(.BOTH.,#14555);
#14555 = SURFACE_SIDE_STYLE('',(#14556));
#14556 = SURFACE_STYLE_FILL_AREA(#14557);
#14557 = FILL_AREA_STYLE('',(#14558));
#14558 = FILL_AREA_STYLE_COLOUR('',#14530);
#14559 = STYLED_ITEM('color',(#14560),#268);
#14560 = PRESENTATION_STYLE_ASSIGNMENT((#14561));
#14561 = SURFACE_STYLE_USAGE(.BOTH.,#14562);
#14562 = SURFACE_SIDE_STYLE('',(#14563));
#14563 = SURFACE_STYLE_FILL_AREA(#14564);
#14564 = FILL_AREA_STYLE('',(#14565));
#14565 = FILL_AREA_STYLE_COLOUR('',#14530);
#14566 = STYLED_ITEM('color',(#14567),#292);
#14567 = PRESENTATION_STYLE_ASSIGNMENT((#14568));
#14568 = SURFACE_STYLE_USAGE(.BOTH.,#14569);
#14569 = SURFACE_SIDE_STYLE('',(#14570));
#14570 = SURFACE_STYLE_FILL_AREA(#14571);
#14571 = FILL_AREA_STYLE('',(#14572));
#14572 = FILL_AREA_STYLE_COLOUR('',#14530);
#14573 = STYLED_ITEM('color',(#14574),#317);
#14574 = PRESENTATION_STYLE_ASSIGNMENT((#14575));
#14575 = SURFACE_STYLE_USAGE(.BOTH.,#14576);
#14576 = SURFACE_SIDE_STYLE('',(#14577));
#14577 = SURFACE_STYLE_FILL_AREA(#14578);
#14578 = FILL_AREA_STYLE('',(#14579));
#14579 = FILL_AREA_STYLE_COLOUR('',#14530);
#14580 = STYLED_ITEM('color',(#14581),#342);
#14581 = PRESENTATION_STYLE_ASSIGNMENT((#14582));
#14582 = SURFACE_STYLE_USAGE(.BOTH.,#14583);
#14583 = SURFACE_SIDE_STYLE('',(#14584));
#14584 = SURFACE_STYLE_FILL_AREA(#14585);
#14585 = FILL_AREA_STYLE('',(#14586));
#14586 = FILL_AREA_STYLE_COLOUR('',#14530);
#14587 = STYLED_ITEM('color',(#14588),#359);
#14588 = PRESENTATION_STYLE_ASSIGNMENT((#14589));
#14589 = SURFACE_STYLE_USAGE(.BOTH.,#14590);
#14590 = SURFACE_SIDE_STYLE('',(#14591));
#14591 = SURFACE_STYLE_FILL_AREA(#14592);
#14592 = FILL_AREA_STYLE('',(#14593));
#14593 = FILL_AREA_STYLE_COLOUR('',#14530);
#14594 = STYLED_ITEM('color',(#14595),#445);
#14595 = PRESENTATION_STYLE_ASSIGNMENT((#14596));
#14596 = SURFACE_STYLE_USAGE(.BOTH.,#14597);
#14597 = SURFACE_SIDE_STYLE('',(#14598));
#14598 = SURFACE_STYLE_FILL_AREA(#14599);
#14599 = FILL_AREA_STYLE('',(#14600));
#14600 = FILL_AREA_STYLE_COLOUR('',#14601);
#14601 = COLOUR_RGB('',0.379000005575,0.270000008848,0.214999999939);
#14602 = STYLED_ITEM('color',(#14603),#477);
#14603 = PRESENTATION_STYLE_ASSIGNMENT((#14604));
#14604 = SURFACE_STYLE_USAGE(.BOTH.,#14605);
#14605 = SURFACE_SIDE_STYLE('',(#14606));
#14606 = SURFACE_STYLE_FILL_AREA(#14607);
#14607 = FILL_AREA_STYLE('',(#14608));
#14608 = FILL_AREA_STYLE_COLOUR('',#14601);
#14609 = STYLED_ITEM('color',(#14610),#501);
#14610 = PRESENTATION_STYLE_ASSIGNMENT((#14611));
#14611 = SURFACE_STYLE_USAGE(.BOTH.,#14612);
#14612 = SURFACE_SIDE_STYLE('',(#14613));
#14613 = SURFACE_STYLE_FILL_AREA(#14614);
#14614 = FILL_AREA_STYLE('',(#14615));
#14615 = FILL_AREA_STYLE_COLOUR('',#14601);
#14616 = STYLED_ITEM('color',(#14617),#526);
#14617 = PRESENTATION_STYLE_ASSIGNMENT((#14618));
#14618 = SURFACE_STYLE_USAGE(.BOTH.,#14619);
#14619 = SURFACE_SIDE_STYLE('',(#14620));
#14620 = SURFACE_STYLE_FILL_AREA(#14621);
#14621 = FILL_AREA_STYLE('',(#14622));
#14622 = FILL_AREA_STYLE_COLOUR('',#14601);
#14623 = STYLED_ITEM('color',(#14624),#550);
#14624 = PRESENTATION_STYLE_ASSIGNMENT((#14625));
#14625 = SURFACE_STYLE_USAGE(.BOTH.,#14626);
#14626 = SURFACE_SIDE_STYLE('',(#14627));
#14627 = SURFACE_STYLE_FILL_AREA(#14628);
#14628 = FILL_AREA_STYLE('',(#14629));
#14629 = FILL_AREA_STYLE_COLOUR('',#14601);
#14630 = STYLED_ITEM('color',(#14631),#575);
#14631 = PRESENTATION_STYLE_ASSIGNMENT((#14632));
#14632 = SURFACE_STYLE_USAGE(.BOTH.,#14633);
#14633 = SURFACE_SIDE_STYLE('',(#14634));
#14634 = SURFACE_STYLE_FILL_AREA(#14635);
#14635 = FILL_AREA_STYLE('',(#14636));
#14636 = FILL_AREA_STYLE_COLOUR('',#14601);
#14637 = STYLED_ITEM('color',(#14638),#599);
#14638 = PRESENTATION_STYLE_ASSIGNMENT((#14639));
#14639 = SURFACE_STYLE_USAGE(.BOTH.,#14640);
#14640 = SURFACE_SIDE_STYLE('',(#14641));
#14641 = SURFACE_STYLE_FILL_AREA(#14642);
#14642 = FILL_AREA_STYLE('',(#14643));
#14643 = FILL_AREA_STYLE_COLOUR('',#14601);
#14644 = STYLED_ITEM('color',(#14645),#624);
#14645 = PRESENTATION_STYLE_ASSIGNMENT((#14646));
#14646 = SURFACE_STYLE_USAGE(.BOTH.,#14647);
#14647 = SURFACE_SIDE_STYLE('',(#14648));
#14648 = SURFACE_STYLE_FILL_AREA(#14649);
#14649 = FILL_AREA_STYLE('',(#14650));
#14650 = FILL_AREA_STYLE_COLOUR('',#14601);
#14651 = STYLED_ITEM('color',(#14652),#641);
#14652 = PRESENTATION_STYLE_ASSIGNMENT((#14653));
#14653 = SURFACE_STYLE_USAGE(.BOTH.,#14654);
#14654 = SURFACE_SIDE_STYLE('',(#14655));
#14655 = SURFACE_STYLE_FILL_AREA(#14656);
#14656 = FILL_AREA_STYLE('',(#14657));
#14657 = FILL_AREA_STYLE_COLOUR('',#14530);
#14658 = STYLED_ITEM('color',(#14659),#727);
#14659 = PRESENTATION_STYLE_ASSIGNMENT((#14660));
#14660 = SURFACE_STYLE_USAGE(.BOTH.,#14661);
#14661 = SURFACE_SIDE_STYLE('',(#14662));
#14662 = SURFACE_STYLE_FILL_AREA(#14663);
#14663 = FILL_AREA_STYLE('',(#14664));
#14664 = FILL_AREA_STYLE_COLOUR('',#14530);
#14665 = STYLED_ITEM('color',(#14666),#758);
#14666 = PRESENTATION_STYLE_ASSIGNMENT((#14667));
#14667 = SURFACE_STYLE_USAGE(.BOTH.,#14668);
#14668 = SURFACE_SIDE_STYLE('',(#14669));
#14669 = SURFACE_STYLE_FILL_AREA(#14670);
#14670 = FILL_AREA_STYLE('',(#14671));
#14671 = FILL_AREA_STYLE_COLOUR('',#14530);
#14672 = STYLED_ITEM('color',(#14673),#783);
#14673 = PRESENTATION_STYLE_ASSIGNMENT((#14674));
#14674 = SURFACE_STYLE_USAGE(.BOTH.,#14675);
#14675 = SURFACE_SIDE_STYLE('',(#14676));
#14676 = SURFACE_STYLE_FILL_AREA(#14677);
#14677 = FILL_AREA_STYLE('',(#14678));
#14678 = FILL_AREA_STYLE_COLOUR('',#14530);
#14679 = STYLED_ITEM('color',(#14680),#808);
#14680 = PRESENTATION_STYLE_ASSIGNMENT((#14681));
#14681 = SURFACE_STYLE_USAGE(.BOTH.,#14682);
#14682 = SURFACE_SIDE_STYLE('',(#14683));
#14683 = SURFACE_STYLE_FILL_AREA(#14684);
#14684 = FILL_AREA_STYLE('',(#14685));
#14685 = FILL_AREA_STYLE_COLOUR('',#14530);
#14686 = STYLED_ITEM('color',(#14687),#832);
#14687 = PRESENTATION_STYLE_ASSIGNMENT((#14688));
#14688 = SURFACE_STYLE_USAGE(.BOTH.,#14689);
#14689 = SURFACE_SIDE_STYLE('',(#14690));
#14690 = SURFACE_STYLE_FILL_AREA(#14691);
#14691 = FILL_AREA_STYLE('',(#14692));
#14692 = FILL_AREA_STYLE_COLOUR('',#14530);
#14693 = STYLED_ITEM('color',(#14694),#856);
#14694 = PRESENTATION_STYLE_ASSIGNMENT((#14695));
#14695 = SURFACE_STYLE_USAGE(.BOTH.,#14696);
#14696 = SURFACE_SIDE_STYLE('',(#14697));
#14697 = SURFACE_STYLE_FILL_AREA(#14698);
#14698 = FILL_AREA_STYLE('',(#14699));
#14699 = FILL_AREA_STYLE_COLOUR('',#14530);
#14700 = STYLED_ITEM('color',(#14701),#881);
#14701 = PRESENTATION_STYLE_ASSIGNMENT((#14702));
#14702 = SURFACE_STYLE_USAGE(.BOTH.,#14703);
#14703 = SURFACE_SIDE_STYLE('',(#14704));
#14704 = SURFACE_STYLE_FILL_AREA(#14705);
#14705 = FILL_AREA_STYLE('',(#14706));
#14706 = FILL_AREA_STYLE_COLOUR('',#14530);
#14707 = STYLED_ITEM('color',(#14708),#906);
#14708 = PRESENTATION_STYLE_ASSIGNMENT((#14709));
#14709 = SURFACE_STYLE_USAGE(.BOTH.,#14710);
#14710 = SURFACE_SIDE_STYLE('',(#14711));
#14711 = SURFACE_STYLE_FILL_AREA(#14712);
#14712 = FILL_AREA_STYLE('',(#14713));
#14713 = FILL_AREA_STYLE_COLOUR('',#14530);
#14714 = STYLED_ITEM('color',(#14715),#923);
#14715 = PRESENTATION_STYLE_ASSIGNMENT((#14716));
#14716 = SURFACE_STYLE_USAGE(.BOTH.,#14717);
#14717 = SURFACE_SIDE_STYLE('',(#14718));
#14718 = SURFACE_STYLE_FILL_AREA(#14719);
#14719 = FILL_AREA_STYLE('',(#14720));
#14720 = FILL_AREA_STYLE_COLOUR('',#14530);
#14721 = MECHANICAL_DESIGN_GEOMETRIC_PRESENTATION_REPRESENTATION('',(
    #14722,#14730,#14738,#14745,#14752,#14759,#14766,#14773,#14780,
    #14787,#14794,#14801,#14808,#14815,#14822,#14829,#14836,#14843,
    #14850,#14857,#14864,#14871,#14878,#14885,#14892,#14899,#14906,
    #14913,#14920,#14927,#14934,#14941,#14948,#14955,#14962,#14969,
    #14976,#14983,#14990,#14997,#15004,#15011,#15018,#15025,#15032,
    #15039,#15046,#15053,#15060,#15067,#15074,#15081,#15088,#15095,
    #15102,#15109,#15116,#15123,#15130,#15137,#15144,#15151,#15158,
    #15165,#15172,#15179,#15186,#15193,#15200,#15207,#15214,#15221,
    #15228,#15235,#15242,#15249,#15256,#15263,#15270,#15277,#15285,
    #15292,#15299,#15306,#15313,#15320,#15327,#15334,#15341,#15348,
    #15355,#15362,#15369,#15376,#15383,#15390,#15397,#15404,#15411,
    #15418,#15425,#15432,#15439,#15446,#15453,#15460,#15467,#15474,
    #15481,#15488,#15495,#15502,#15509,#15516,#15523,#15530,#15537,
    #15544,#15551,#15558,#15565,#15572,#15579,#15586,#15593,#15600,
    #15607,#15614,#15621,#15628,#15635,#15642,#15649,#15656,#15663,
    #15670,#15677,#15684,#15691,#15698,#15705,#15712,#15719,#15726,
    #15733,#15740,#15747,#15754,#15761,#15768,#15775,#15782,#15789,
    #15796,#15803,#15810,#15817,#15824,#15831,#15838,#15845,#15852,
    #15859),#10463);
#14722 = STYLED_ITEM('color',(#14723),#6513);
#14723 = PRESENTATION_STYLE_ASSIGNMENT((#14724));
#14724 = SURFACE_STYLE_USAGE(.BOTH.,#14725);
#14725 = SURFACE_SIDE_STYLE('',(#14726));
#14726 = SURFACE_STYLE_FILL_AREA(#14727);
#14727 = FILL_AREA_STYLE('',(#14728));
#14728 = FILL_AREA_STYLE_COLOUR('',#14729);
#14729 = COLOUR_RGB('',0.792156867455,0.819607826924,0.933333342953);
#14730 = OVER_RIDING_STYLED_ITEM('overriding color',(#14731),#6515,
  #14722);
#14731 = PRESENTATION_STYLE_ASSIGNMENT((#14732));
#14732 = SURFACE_STYLE_USAGE(.BOTH.,#14733);
#14733 = SURFACE_SIDE_STYLE('',(#14734));
#14734 = SURFACE_STYLE_FILL_AREA(#14735);
#14735 = FILL_AREA_STYLE('',(#14736));
#14736 = FILL_AREA_STYLE_COLOUR('',#14737);
#14737 = COLOUR_RGB('',0.250980388104,0.250980388104,0.250980388104);
#14738 = OVER_RIDING_STYLED_ITEM('overriding color',(#14739),#6555,
  #14722);
#14739 = PRESENTATION_STYLE_ASSIGNMENT((#14740));
#14740 = SURFACE_STYLE_USAGE(.BOTH.,#14741);
#14741 = SURFACE_SIDE_STYLE('',(#14742));
#14742 = SURFACE_STYLE_FILL_AREA(#14743);
#14743 = FILL_AREA_STYLE('',(#14744));
#14744 = FILL_AREA_STYLE_COLOUR('',#14737);
#14745 = OVER_RIDING_STYLED_ITEM('overriding color',(#14746),#6586,
  #14722);
#14746 = PRESENTATION_STYLE_ASSIGNMENT((#14747));
#14747 = SURFACE_STYLE_USAGE(.BOTH.,#14748);
#14748 = SURFACE_SIDE_STYLE('',(#14749));
#14749 = SURFACE_STYLE_FILL_AREA(#14750);
#14750 = FILL_AREA_STYLE('',(#14751));
#14751 = FILL_AREA_STYLE_COLOUR('',#14737);
#14752 = OVER_RIDING_STYLED_ITEM('overriding color',(#14753),#6617,
  #14722);
#14753 = PRESENTATION_STYLE_ASSIGNMENT((#14754));
#14754 = SURFACE_STYLE_USAGE(.BOTH.,#14755);
#14755 = SURFACE_SIDE_STYLE('',(#14756));
#14756 = SURFACE_STYLE_FILL_AREA(#14757);
#14757 = FILL_AREA_STYLE('',(#14758));
#14758 = FILL_AREA_STYLE_COLOUR('',#14737);
#14759 = OVER_RIDING_STYLED_ITEM('overriding color',(#14760),#6639,
  #14722);
#14760 = PRESENTATION_STYLE_ASSIGNMENT((#14761));
#14761 = SURFACE_STYLE_USAGE(.BOTH.,#14762);
#14762 = SURFACE_SIDE_STYLE('',(#14763));
#14763 = SURFACE_STYLE_FILL_AREA(#14764);
#14764 = FILL_AREA_STYLE('',(#14765));
#14765 = FILL_AREA_STYLE_COLOUR('',#14737);
#14766 = OVER_RIDING_STYLED_ITEM('overriding color',(#14767),#7067,
  #14722);
#14767 = PRESENTATION_STYLE_ASSIGNMENT((#14768));
#14768 = SURFACE_STYLE_USAGE(.BOTH.,#14769);
#14769 = SURFACE_SIDE_STYLE('',(#14770));
#14770 = SURFACE_STYLE_FILL_AREA(#14771);
#14771 = FILL_AREA_STYLE('',(#14772));
#14772 = FILL_AREA_STYLE_COLOUR('',#14737);
#14773 = OVER_RIDING_STYLED_ITEM('overriding color',(#14774),#7079,
  #14722);
#14774 = PRESENTATION_STYLE_ASSIGNMENT((#14775));
#14775 = SURFACE_STYLE_USAGE(.BOTH.,#14776);
#14776 = SURFACE_SIDE_STYLE('',(#14777));
#14777 = SURFACE_STYLE_FILL_AREA(#14778);
#14778 = FILL_AREA_STYLE('',(#14779));
#14779 = FILL_AREA_STYLE_COLOUR('',#14737);
#14780 = OVER_RIDING_STYLED_ITEM('overriding color',(#14781),#7110,
  #14722);
#14781 = PRESENTATION_STYLE_ASSIGNMENT((#14782));
#14782 = SURFACE_STYLE_USAGE(.BOTH.,#14783);
#14783 = SURFACE_SIDE_STYLE('',(#14784));
#14784 = SURFACE_STYLE_FILL_AREA(#14785);
#14785 = FILL_AREA_STYLE('',(#14786));
#14786 = FILL_AREA_STYLE_COLOUR('',#14737);
#14787 = OVER_RIDING_STYLED_ITEM('overriding color',(#14788),#7134,
  #14722);
#14788 = PRESENTATION_STYLE_ASSIGNMENT((#14789));
#14789 = SURFACE_STYLE_USAGE(.BOTH.,#14790);
#14790 = SURFACE_SIDE_STYLE('',(#14791));
#14791 = SURFACE_STYLE_FILL_AREA(#14792);
#14792 = FILL_AREA_STYLE('',(#14793));
#14793 = FILL_AREA_STYLE_COLOUR('',#14737);
#14794 = OVER_RIDING_STYLED_ITEM('overriding color',(#14795),#7158,
  #14722);
#14795 = PRESENTATION_STYLE_ASSIGNMENT((#14796));
#14796 = SURFACE_STYLE_USAGE(.BOTH.,#14797);
#14797 = SURFACE_SIDE_STYLE('',(#14798));
#14798 = SURFACE_STYLE_FILL_AREA(#14799);
#14799 = FILL_AREA_STYLE('',(#14800));
#14800 = FILL_AREA_STYLE_COLOUR('',#14737);
#14801 = OVER_RIDING_STYLED_ITEM('overriding color',(#14802),#7175,
  #14722);
#14802 = PRESENTATION_STYLE_ASSIGNMENT((#14803));
#14803 = SURFACE_STYLE_USAGE(.BOTH.,#14804);
#14804 = SURFACE_SIDE_STYLE('',(#14805));
#14805 = SURFACE_STYLE_FILL_AREA(#14806);
#14806 = FILL_AREA_STYLE('',(#14807));
#14807 = FILL_AREA_STYLE_COLOUR('',#14737);
#14808 = OVER_RIDING_STYLED_ITEM('overriding color',(#14809),#7187,
  #14722);
#14809 = PRESENTATION_STYLE_ASSIGNMENT((#14810));
#14810 = SURFACE_STYLE_USAGE(.BOTH.,#14811);
#14811 = SURFACE_SIDE_STYLE('',(#14812));
#14812 = SURFACE_STYLE_FILL_AREA(#14813);
#14813 = FILL_AREA_STYLE('',(#14814));
#14814 = FILL_AREA_STYLE_COLOUR('',#14737);
#14815 = OVER_RIDING_STYLED_ITEM('overriding color',(#14816),#7218,
  #14722);
#14816 = PRESENTATION_STYLE_ASSIGNMENT((#14817));
#14817 = SURFACE_STYLE_USAGE(.BOTH.,#14818);
#14818 = SURFACE_SIDE_STYLE('',(#14819));
#14819 = SURFACE_STYLE_FILL_AREA(#14820);
#14820 = FILL_AREA_STYLE('',(#14821));
#14821 = FILL_AREA_STYLE_COLOUR('',#14737);
#14822 = OVER_RIDING_STYLED_ITEM('overriding color',(#14823),#7242,
  #14722);
#14823 = PRESENTATION_STYLE_ASSIGNMENT((#14824));
#14824 = SURFACE_STYLE_USAGE(.BOTH.,#14825);
#14825 = SURFACE_SIDE_STYLE('',(#14826));
#14826 = SURFACE_STYLE_FILL_AREA(#14827);
#14827 = FILL_AREA_STYLE('',(#14828));
#14828 = FILL_AREA_STYLE_COLOUR('',#14737);
#14829 = OVER_RIDING_STYLED_ITEM('overriding color',(#14830),#7266,
  #14722);
#14830 = PRESENTATION_STYLE_ASSIGNMENT((#14831));
#14831 = SURFACE_STYLE_USAGE(.BOTH.,#14832);
#14832 = SURFACE_SIDE_STYLE('',(#14833));
#14833 = SURFACE_STYLE_FILL_AREA(#14834);
#14834 = FILL_AREA_STYLE('',(#14835));
#14835 = FILL_AREA_STYLE_COLOUR('',#14737);
#14836 = OVER_RIDING_STYLED_ITEM('overriding color',(#14837),#7283,
  #14722);
#14837 = PRESENTATION_STYLE_ASSIGNMENT((#14838));
#14838 = SURFACE_STYLE_USAGE(.BOTH.,#14839);
#14839 = SURFACE_SIDE_STYLE('',(#14840));
#14840 = SURFACE_STYLE_FILL_AREA(#14841);
#14841 = FILL_AREA_STYLE('',(#14842));
#14842 = FILL_AREA_STYLE_COLOUR('',#14737);
#14843 = OVER_RIDING_STYLED_ITEM('overriding color',(#14844),#7295,
  #14722);
#14844 = PRESENTATION_STYLE_ASSIGNMENT((#14845));
#14845 = SURFACE_STYLE_USAGE(.BOTH.,#14846);
#14846 = SURFACE_SIDE_STYLE('',(#14847));
#14847 = SURFACE_STYLE_FILL_AREA(#14848);
#14848 = FILL_AREA_STYLE('',(#14849));
#14849 = FILL_AREA_STYLE_COLOUR('',#14737);
#14850 = OVER_RIDING_STYLED_ITEM('overriding color',(#14851),#7326,
  #14722);
#14851 = PRESENTATION_STYLE_ASSIGNMENT((#14852));
#14852 = SURFACE_STYLE_USAGE(.BOTH.,#14853);
#14853 = SURFACE_SIDE_STYLE('',(#14854));
#14854 = SURFACE_STYLE_FILL_AREA(#14855);
#14855 = FILL_AREA_STYLE('',(#14856));
#14856 = FILL_AREA_STYLE_COLOUR('',#14737);
#14857 = OVER_RIDING_STYLED_ITEM('overriding color',(#14858),#7350,
  #14722);
#14858 = PRESENTATION_STYLE_ASSIGNMENT((#14859));
#14859 = SURFACE_STYLE_USAGE(.BOTH.,#14860);
#14860 = SURFACE_SIDE_STYLE('',(#14861));
#14861 = SURFACE_STYLE_FILL_AREA(#14862);
#14862 = FILL_AREA_STYLE('',(#14863));
#14863 = FILL_AREA_STYLE_COLOUR('',#14737);
#14864 = OVER_RIDING_STYLED_ITEM('overriding color',(#14865),#7374,
  #14722);
#14865 = PRESENTATION_STYLE_ASSIGNMENT((#14866));
#14866 = SURFACE_STYLE_USAGE(.BOTH.,#14867);
#14867 = SURFACE_SIDE_STYLE('',(#14868));
#14868 = SURFACE_STYLE_FILL_AREA(#14869);
#14869 = FILL_AREA_STYLE('',(#14870));
#14870 = FILL_AREA_STYLE_COLOUR('',#14737);
#14871 = OVER_RIDING_STYLED_ITEM('overriding color',(#14872),#7391,
  #14722);
#14872 = PRESENTATION_STYLE_ASSIGNMENT((#14873));
#14873 = SURFACE_STYLE_USAGE(.BOTH.,#14874);
#14874 = SURFACE_SIDE_STYLE('',(#14875));
#14875 = SURFACE_STYLE_FILL_AREA(#14876);
#14876 = FILL_AREA_STYLE('',(#14877));
#14877 = FILL_AREA_STYLE_COLOUR('',#14737);
#14878 = OVER_RIDING_STYLED_ITEM('overriding color',(#14879),#7403,
  #14722);
#14879 = PRESENTATION_STYLE_ASSIGNMENT((#14880));
#14880 = SURFACE_STYLE_USAGE(.BOTH.,#14881);
#14881 = SURFACE_SIDE_STYLE('',(#14882));
#14882 = SURFACE_STYLE_FILL_AREA(#14883);
#14883 = FILL_AREA_STYLE('',(#14884));
#14884 = FILL_AREA_STYLE_COLOUR('',#14737);
#14885 = OVER_RIDING_STYLED_ITEM('overriding color',(#14886),#7434,
  #14722);
#14886 = PRESENTATION_STYLE_ASSIGNMENT((#14887));
#14887 = SURFACE_STYLE_USAGE(.BOTH.,#14888);
#14888 = SURFACE_SIDE_STYLE('',(#14889));
#14889 = SURFACE_STYLE_FILL_AREA(#14890);
#14890 = FILL_AREA_STYLE('',(#14891));
#14891 = FILL_AREA_STYLE_COLOUR('',#14737);
#14892 = OVER_RIDING_STYLED_ITEM('overriding color',(#14893),#7458,
  #14722);
#14893 = PRESENTATION_STYLE_ASSIGNMENT((#14894));
#14894 = SURFACE_STYLE_USAGE(.BOTH.,#14895);
#14895 = SURFACE_SIDE_STYLE('',(#14896));
#14896 = SURFACE_STYLE_FILL_AREA(#14897);
#14897 = FILL_AREA_STYLE('',(#14898));
#14898 = FILL_AREA_STYLE_COLOUR('',#14737);
#14899 = OVER_RIDING_STYLED_ITEM('overriding color',(#14900),#7482,
  #14722);
#14900 = PRESENTATION_STYLE_ASSIGNMENT((#14901));
#14901 = SURFACE_STYLE_USAGE(.BOTH.,#14902);
#14902 = SURFACE_SIDE_STYLE('',(#14903));
#14903 = SURFACE_STYLE_FILL_AREA(#14904);
#14904 = FILL_AREA_STYLE('',(#14905));
#14905 = FILL_AREA_STYLE_COLOUR('',#14737);
#14906 = OVER_RIDING_STYLED_ITEM('overriding color',(#14907),#7499,
  #14722);
#14907 = PRESENTATION_STYLE_ASSIGNMENT((#14908));
#14908 = SURFACE_STYLE_USAGE(.BOTH.,#14909);
#14909 = SURFACE_SIDE_STYLE('',(#14910));
#14910 = SURFACE_STYLE_FILL_AREA(#14911);
#14911 = FILL_AREA_STYLE('',(#14912));
#14912 = FILL_AREA_STYLE_COLOUR('',#14737);
#14913 = OVER_RIDING_STYLED_ITEM('overriding color',(#14914),#7511,
  #14722);
#14914 = PRESENTATION_STYLE_ASSIGNMENT((#14915));
#14915 = SURFACE_STYLE_USAGE(.BOTH.,#14916);
#14916 = SURFACE_SIDE_STYLE('',(#14917));
#14917 = SURFACE_STYLE_FILL_AREA(#14918);
#14918 = FILL_AREA_STYLE('',(#14919));
#14919 = FILL_AREA_STYLE_COLOUR('',#14737);
#14920 = OVER_RIDING_STYLED_ITEM('overriding color',(#14921),#7542,
  #14722);
#14921 = PRESENTATION_STYLE_ASSIGNMENT((#14922));
#14922 = SURFACE_STYLE_USAGE(.BOTH.,#14923);
#14923 = SURFACE_SIDE_STYLE('',(#14924));
#14924 = SURFACE_STYLE_FILL_AREA(#14925);
#14925 = FILL_AREA_STYLE('',(#14926));
#14926 = FILL_AREA_STYLE_COLOUR('',#14737);
#14927 = OVER_RIDING_STYLED_ITEM('overriding color',(#14928),#7573,
  #14722);
#14928 = PRESENTATION_STYLE_ASSIGNMENT((#14929));
#14929 = SURFACE_STYLE_USAGE(.BOTH.,#14930);
#14930 = SURFACE_SIDE_STYLE('',(#14931));
#14931 = SURFACE_STYLE_FILL_AREA(#14932);
#14932 = FILL_AREA_STYLE('',(#14933));
#14933 = FILL_AREA_STYLE_COLOUR('',#14737);
#14934 = OVER_RIDING_STYLED_ITEM('overriding color',(#14935),#7597,
  #14722);
#14935 = PRESENTATION_STYLE_ASSIGNMENT((#14936));
#14936 = SURFACE_STYLE_USAGE(.BOTH.,#14937);
#14937 = SURFACE_SIDE_STYLE('',(#14938));
#14938 = SURFACE_STYLE_FILL_AREA(#14939);
#14939 = FILL_AREA_STYLE('',(#14940));
#14940 = FILL_AREA_STYLE_COLOUR('',#14737);
#14941 = OVER_RIDING_STYLED_ITEM('overriding color',(#14942),#7614,
  #14722);
#14942 = PRESENTATION_STYLE_ASSIGNMENT((#14943));
#14943 = SURFACE_STYLE_USAGE(.BOTH.,#14944);
#14944 = SURFACE_SIDE_STYLE('',(#14945));
#14945 = SURFACE_STYLE_FILL_AREA(#14946);
#14946 = FILL_AREA_STYLE('',(#14947));
#14947 = FILL_AREA_STYLE_COLOUR('',#14737);
#14948 = OVER_RIDING_STYLED_ITEM('overriding color',(#14949),#7632,
  #14722);
#14949 = PRESENTATION_STYLE_ASSIGNMENT((#14950));
#14950 = SURFACE_STYLE_USAGE(.BOTH.,#14951);
#14951 = SURFACE_SIDE_STYLE('',(#14952));
#14952 = SURFACE_STYLE_FILL_AREA(#14953);
#14953 = FILL_AREA_STYLE('',(#14954));
#14954 = FILL_AREA_STYLE_COLOUR('',#14737);
#14955 = OVER_RIDING_STYLED_ITEM('overriding color',(#14956),#7663,
  #14722);
#14956 = PRESENTATION_STYLE_ASSIGNMENT((#14957));
#14957 = SURFACE_STYLE_USAGE(.BOTH.,#14958);
#14958 = SURFACE_SIDE_STYLE('',(#14959));
#14959 = SURFACE_STYLE_FILL_AREA(#14960);
#14960 = FILL_AREA_STYLE('',(#14961));
#14961 = FILL_AREA_STYLE_COLOUR('',#14737);
#14962 = OVER_RIDING_STYLED_ITEM('overriding color',(#14963),#7687,
  #14722);
#14963 = PRESENTATION_STYLE_ASSIGNMENT((#14964));
#14964 = SURFACE_STYLE_USAGE(.BOTH.,#14965);
#14965 = SURFACE_SIDE_STYLE('',(#14966));
#14966 = SURFACE_STYLE_FILL_AREA(#14967);
#14967 = FILL_AREA_STYLE('',(#14968));
#14968 = FILL_AREA_STYLE_COLOUR('',#14737);
#14969 = OVER_RIDING_STYLED_ITEM('overriding color',(#14970),#7711,
  #14722);
#14970 = PRESENTATION_STYLE_ASSIGNMENT((#14971));
#14971 = SURFACE_STYLE_USAGE(.BOTH.,#14972);
#14972 = SURFACE_SIDE_STYLE('',(#14973));
#14973 = SURFACE_STYLE_FILL_AREA(#14974);
#14974 = FILL_AREA_STYLE('',(#14975));
#14975 = FILL_AREA_STYLE_COLOUR('',#14737);
#14976 = OVER_RIDING_STYLED_ITEM('overriding color',(#14977),#7728,
  #14722);
#14977 = PRESENTATION_STYLE_ASSIGNMENT((#14978));
#14978 = SURFACE_STYLE_USAGE(.BOTH.,#14979);
#14979 = SURFACE_SIDE_STYLE('',(#14980));
#14980 = SURFACE_STYLE_FILL_AREA(#14981);
#14981 = FILL_AREA_STYLE('',(#14982));
#14982 = FILL_AREA_STYLE_COLOUR('',#14737);
#14983 = OVER_RIDING_STYLED_ITEM('overriding color',(#14984),#7740,
  #14722);
#14984 = PRESENTATION_STYLE_ASSIGNMENT((#14985));
#14985 = SURFACE_STYLE_USAGE(.BOTH.,#14986);
#14986 = SURFACE_SIDE_STYLE('',(#14987));
#14987 = SURFACE_STYLE_FILL_AREA(#14988);
#14988 = FILL_AREA_STYLE('',(#14989));
#14989 = FILL_AREA_STYLE_COLOUR('',#14737);
#14990 = OVER_RIDING_STYLED_ITEM('overriding color',(#14991),#7771,
  #14722);
#14991 = PRESENTATION_STYLE_ASSIGNMENT((#14992));
#14992 = SURFACE_STYLE_USAGE(.BOTH.,#14993);
#14993 = SURFACE_SIDE_STYLE('',(#14994));
#14994 = SURFACE_STYLE_FILL_AREA(#14995);
#14995 = FILL_AREA_STYLE('',(#14996));
#14996 = FILL_AREA_STYLE_COLOUR('',#14737);
#14997 = OVER_RIDING_STYLED_ITEM('overriding color',(#14998),#7795,
  #14722);
#14998 = PRESENTATION_STYLE_ASSIGNMENT((#14999));
#14999 = SURFACE_STYLE_USAGE(.BOTH.,#15000);
#15000 = SURFACE_SIDE_STYLE('',(#15001));
#15001 = SURFACE_STYLE_FILL_AREA(#15002);
#15002 = FILL_AREA_STYLE('',(#15003));
#15003 = FILL_AREA_STYLE_COLOUR('',#14737);
#15004 = OVER_RIDING_STYLED_ITEM('overriding color',(#15005),#7819,
  #14722);
#15005 = PRESENTATION_STYLE_ASSIGNMENT((#15006));
#15006 = SURFACE_STYLE_USAGE(.BOTH.,#15007);
#15007 = SURFACE_SIDE_STYLE('',(#15008));
#15008 = SURFACE_STYLE_FILL_AREA(#15009);
#15009 = FILL_AREA_STYLE('',(#15010));
#15010 = FILL_AREA_STYLE_COLOUR('',#14737);
#15011 = OVER_RIDING_STYLED_ITEM('overriding color',(#15012),#7836,
  #14722);
#15012 = PRESENTATION_STYLE_ASSIGNMENT((#15013));
#15013 = SURFACE_STYLE_USAGE(.BOTH.,#15014);
#15014 = SURFACE_SIDE_STYLE('',(#15015));
#15015 = SURFACE_STYLE_FILL_AREA(#15016);
#15016 = FILL_AREA_STYLE('',(#15017));
#15017 = FILL_AREA_STYLE_COLOUR('',#14737);
#15018 = OVER_RIDING_STYLED_ITEM('overriding color',(#15019),#7848,
  #14722);
#15019 = PRESENTATION_STYLE_ASSIGNMENT((#15020));
#15020 = SURFACE_STYLE_USAGE(.BOTH.,#15021);
#15021 = SURFACE_SIDE_STYLE('',(#15022));
#15022 = SURFACE_STYLE_FILL_AREA(#15023);
#15023 = FILL_AREA_STYLE('',(#15024));
#15024 = FILL_AREA_STYLE_COLOUR('',#14737);
#15025 = OVER_RIDING_STYLED_ITEM('overriding color',(#15026),#7879,
  #14722);
#15026 = PRESENTATION_STYLE_ASSIGNMENT((#15027));
#15027 = SURFACE_STYLE_USAGE(.BOTH.,#15028);
#15028 = SURFACE_SIDE_STYLE('',(#15029));
#15029 = SURFACE_STYLE_FILL_AREA(#15030);
#15030 = FILL_AREA_STYLE('',(#15031));
#15031 = FILL_AREA_STYLE_COLOUR('',#14737);
#15032 = OVER_RIDING_STYLED_ITEM('overriding color',(#15033),#7903,
  #14722);
#15033 = PRESENTATION_STYLE_ASSIGNMENT((#15034));
#15034 = SURFACE_STYLE_USAGE(.BOTH.,#15035);
#15035 = SURFACE_SIDE_STYLE('',(#15036));
#15036 = SURFACE_STYLE_FILL_AREA(#15037);
#15037 = FILL_AREA_STYLE('',(#15038));
#15038 = FILL_AREA_STYLE_COLOUR('',#14737);
#15039 = OVER_RIDING_STYLED_ITEM('overriding color',(#15040),#7927,
  #14722);
#15040 = PRESENTATION_STYLE_ASSIGNMENT((#15041));
#15041 = SURFACE_STYLE_USAGE(.BOTH.,#15042);
#15042 = SURFACE_SIDE_STYLE('',(#15043));
#15043 = SURFACE_STYLE_FILL_AREA(#15044);
#15044 = FILL_AREA_STYLE('',(#15045));
#15045 = FILL_AREA_STYLE_COLOUR('',#14737);
#15046 = OVER_RIDING_STYLED_ITEM('overriding color',(#15047),#7944,
  #14722);
#15047 = PRESENTATION_STYLE_ASSIGNMENT((#15048));
#15048 = SURFACE_STYLE_USAGE(.BOTH.,#15049);
#15049 = SURFACE_SIDE_STYLE('',(#15050));
#15050 = SURFACE_STYLE_FILL_AREA(#15051);
#15051 = FILL_AREA_STYLE('',(#15052));
#15052 = FILL_AREA_STYLE_COLOUR('',#14737);
#15053 = OVER_RIDING_STYLED_ITEM('overriding color',(#15054),#7956,
  #14722);
#15054 = PRESENTATION_STYLE_ASSIGNMENT((#15055));
#15055 = SURFACE_STYLE_USAGE(.BOTH.,#15056);
#15056 = SURFACE_SIDE_STYLE('',(#15057));
#15057 = SURFACE_STYLE_FILL_AREA(#15058);
#15058 = FILL_AREA_STYLE('',(#15059));
#15059 = FILL_AREA_STYLE_COLOUR('',#14737);
#15060 = OVER_RIDING_STYLED_ITEM('overriding color',(#15061),#7987,
  #14722);
#15061 = PRESENTATION_STYLE_ASSIGNMENT((#15062));
#15062 = SURFACE_STYLE_USAGE(.BOTH.,#15063);
#15063 = SURFACE_SIDE_STYLE('',(#15064));
#15064 = SURFACE_STYLE_FILL_AREA(#15065);
#15065 = FILL_AREA_STYLE('',(#15066));
#15066 = FILL_AREA_STYLE_COLOUR('',#14737);
#15067 = OVER_RIDING_STYLED_ITEM('overriding color',(#15068),#8011,
  #14722);
#15068 = PRESENTATION_STYLE_ASSIGNMENT((#15069));
#15069 = SURFACE_STYLE_USAGE(.BOTH.,#15070);
#15070 = SURFACE_SIDE_STYLE('',(#15071));
#15071 = SURFACE_STYLE_FILL_AREA(#15072);
#15072 = FILL_AREA_STYLE('',(#15073));
#15073 = FILL_AREA_STYLE_COLOUR('',#14737);
#15074 = OVER_RIDING_STYLED_ITEM('overriding color',(#15075),#8035,
  #14722);
#15075 = PRESENTATION_STYLE_ASSIGNMENT((#15076));
#15076 = SURFACE_STYLE_USAGE(.BOTH.,#15077);
#15077 = SURFACE_SIDE_STYLE('',(#15078));
#15078 = SURFACE_STYLE_FILL_AREA(#15079);
#15079 = FILL_AREA_STYLE('',(#15080));
#15080 = FILL_AREA_STYLE_COLOUR('',#14737);
#15081 = OVER_RIDING_STYLED_ITEM('overriding color',(#15082),#8052,
  #14722);
#15082 = PRESENTATION_STYLE_ASSIGNMENT((#15083));
#15083 = SURFACE_STYLE_USAGE(.BOTH.,#15084);
#15084 = SURFACE_SIDE_STYLE('',(#15085));
#15085 = SURFACE_STYLE_FILL_AREA(#15086);
#15086 = FILL_AREA_STYLE('',(#15087));
#15087 = FILL_AREA_STYLE_COLOUR('',#14737);
#15088 = OVER_RIDING_STYLED_ITEM('overriding color',(#15089),#8064,
  #14722);
#15089 = PRESENTATION_STYLE_ASSIGNMENT((#15090));
#15090 = SURFACE_STYLE_USAGE(.BOTH.,#15091);
#15091 = SURFACE_SIDE_STYLE('',(#15092));
#15092 = SURFACE_STYLE_FILL_AREA(#15093);
#15093 = FILL_AREA_STYLE('',(#15094));
#15094 = FILL_AREA_STYLE_COLOUR('',#14737);
#15095 = OVER_RIDING_STYLED_ITEM('overriding color',(#15096),#8095,
  #14722);
#15096 = PRESENTATION_STYLE_ASSIGNMENT((#15097));
#15097 = SURFACE_STYLE_USAGE(.BOTH.,#15098);
#15098 = SURFACE_SIDE_STYLE('',(#15099));
#15099 = SURFACE_STYLE_FILL_AREA(#15100);
#15100 = FILL_AREA_STYLE('',(#15101));
#15101 = FILL_AREA_STYLE_COLOUR('',#14737);
#15102 = OVER_RIDING_STYLED_ITEM('overriding color',(#15103),#8119,
  #14722);
#15103 = PRESENTATION_STYLE_ASSIGNMENT((#15104));
#15104 = SURFACE_STYLE_USAGE(.BOTH.,#15105);
#15105 = SURFACE_SIDE_STYLE('',(#15106));
#15106 = SURFACE_STYLE_FILL_AREA(#15107);
#15107 = FILL_AREA_STYLE('',(#15108));
#15108 = FILL_AREA_STYLE_COLOUR('',#14737);
#15109 = OVER_RIDING_STYLED_ITEM('overriding color',(#15110),#8143,
  #14722);
#15110 = PRESENTATION_STYLE_ASSIGNMENT((#15111));
#15111 = SURFACE_STYLE_USAGE(.BOTH.,#15112);
#15112 = SURFACE_SIDE_STYLE('',(#15113));
#15113 = SURFACE_STYLE_FILL_AREA(#15114);
#15114 = FILL_AREA_STYLE('',(#15115));
#15115 = FILL_AREA_STYLE_COLOUR('',#14737);
#15116 = OVER_RIDING_STYLED_ITEM('overriding color',(#15117),#8160,
  #14722);
#15117 = PRESENTATION_STYLE_ASSIGNMENT((#15118));
#15118 = SURFACE_STYLE_USAGE(.BOTH.,#15119);
#15119 = SURFACE_SIDE_STYLE('',(#15120));
#15120 = SURFACE_STYLE_FILL_AREA(#15121);
#15121 = FILL_AREA_STYLE('',(#15122));
#15122 = FILL_AREA_STYLE_COLOUR('',#14737);
#15123 = OVER_RIDING_STYLED_ITEM('overriding color',(#15124),#8172,
  #14722);
#15124 = PRESENTATION_STYLE_ASSIGNMENT((#15125));
#15125 = SURFACE_STYLE_USAGE(.BOTH.,#15126);
#15126 = SURFACE_SIDE_STYLE('',(#15127));
#15127 = SURFACE_STYLE_FILL_AREA(#15128);
#15128 = FILL_AREA_STYLE('',(#15129));
#15129 = FILL_AREA_STYLE_COLOUR('',#14737);
#15130 = OVER_RIDING_STYLED_ITEM('overriding color',(#15131),#8203,
  #14722);
#15131 = PRESENTATION_STYLE_ASSIGNMENT((#15132));
#15132 = SURFACE_STYLE_USAGE(.BOTH.,#15133);
#15133 = SURFACE_SIDE_STYLE('',(#15134));
#15134 = SURFACE_STYLE_FILL_AREA(#15135);
#15135 = FILL_AREA_STYLE('',(#15136));
#15136 = FILL_AREA_STYLE_COLOUR('',#14737);
#15137 = OVER_RIDING_STYLED_ITEM('overriding color',(#15138),#8227,
  #14722);
#15138 = PRESENTATION_STYLE_ASSIGNMENT((#15139));
#15139 = SURFACE_STYLE_USAGE(.BOTH.,#15140);
#15140 = SURFACE_SIDE_STYLE('',(#15141));
#15141 = SURFACE_STYLE_FILL_AREA(#15142);
#15142 = FILL_AREA_STYLE('',(#15143));
#15143 = FILL_AREA_STYLE_COLOUR('',#14737);
#15144 = OVER_RIDING_STYLED_ITEM('overriding color',(#15145),#8251,
  #14722);
#15145 = PRESENTATION_STYLE_ASSIGNMENT((#15146));
#15146 = SURFACE_STYLE_USAGE(.BOTH.,#15147);
#15147 = SURFACE_SIDE_STYLE('',(#15148));
#15148 = SURFACE_STYLE_FILL_AREA(#15149);
#15149 = FILL_AREA_STYLE('',(#15150));
#15150 = FILL_AREA_STYLE_COLOUR('',#14737);
#15151 = OVER_RIDING_STYLED_ITEM('overriding color',(#15152),#8268,
  #14722);
#15152 = PRESENTATION_STYLE_ASSIGNMENT((#15153));
#15153 = SURFACE_STYLE_USAGE(.BOTH.,#15154);
#15154 = SURFACE_SIDE_STYLE('',(#15155));
#15155 = SURFACE_STYLE_FILL_AREA(#15156);
#15156 = FILL_AREA_STYLE('',(#15157));
#15157 = FILL_AREA_STYLE_COLOUR('',#14737);
#15158 = OVER_RIDING_STYLED_ITEM('overriding color',(#15159),#8280,
  #14722);
#15159 = PRESENTATION_STYLE_ASSIGNMENT((#15160));
#15160 = SURFACE_STYLE_USAGE(.BOTH.,#15161);
#15161 = SURFACE_SIDE_STYLE('',(#15162));
#15162 = SURFACE_STYLE_FILL_AREA(#15163);
#15163 = FILL_AREA_STYLE('',(#15164));
#15164 = FILL_AREA_STYLE_COLOUR('',#14737);
#15165 = OVER_RIDING_STYLED_ITEM('overriding color',(#15166),#8311,
  #14722);
#15166 = PRESENTATION_STYLE_ASSIGNMENT((#15167));
#15167 = SURFACE_STYLE_USAGE(.BOTH.,#15168);
#15168 = SURFACE_SIDE_STYLE('',(#15169));
#15169 = SURFACE_STYLE_FILL_AREA(#15170);
#15170 = FILL_AREA_STYLE('',(#15171));
#15171 = FILL_AREA_STYLE_COLOUR('',#14737);
#15172 = OVER_RIDING_STYLED_ITEM('overriding color',(#15173),#8335,
  #14722);
#15173 = PRESENTATION_STYLE_ASSIGNMENT((#15174));
#15174 = SURFACE_STYLE_USAGE(.BOTH.,#15175);
#15175 = SURFACE_SIDE_STYLE('',(#15176));
#15176 = SURFACE_STYLE_FILL_AREA(#15177);
#15177 = FILL_AREA_STYLE('',(#15178));
#15178 = FILL_AREA_STYLE_COLOUR('',#14737);
#15179 = OVER_RIDING_STYLED_ITEM('overriding color',(#15180),#8359,
  #14722);
#15180 = PRESENTATION_STYLE_ASSIGNMENT((#15181));
#15181 = SURFACE_STYLE_USAGE(.BOTH.,#15182);
#15182 = SURFACE_SIDE_STYLE('',(#15183));
#15183 = SURFACE_STYLE_FILL_AREA(#15184);
#15184 = FILL_AREA_STYLE('',(#15185));
#15185 = FILL_AREA_STYLE_COLOUR('',#14737);
#15186 = OVER_RIDING_STYLED_ITEM('overriding color',(#15187),#8376,
  #14722);
#15187 = PRESENTATION_STYLE_ASSIGNMENT((#15188));
#15188 = SURFACE_STYLE_USAGE(.BOTH.,#15189);
#15189 = SURFACE_SIDE_STYLE('',(#15190));
#15190 = SURFACE_STYLE_FILL_AREA(#15191);
#15191 = FILL_AREA_STYLE('',(#15192));
#15192 = FILL_AREA_STYLE_COLOUR('',#14737);
#15193 = OVER_RIDING_STYLED_ITEM('overriding color',(#15194),#8388,
  #14722);
#15194 = PRESENTATION_STYLE_ASSIGNMENT((#15195));
#15195 = SURFACE_STYLE_USAGE(.BOTH.,#15196);
#15196 = SURFACE_SIDE_STYLE('',(#15197));
#15197 = SURFACE_STYLE_FILL_AREA(#15198);
#15198 = FILL_AREA_STYLE('',(#15199));
#15199 = FILL_AREA_STYLE_COLOUR('',#14737);
#15200 = STYLED_ITEM('color',(#15201),#8400);
#15201 = PRESENTATION_STYLE_ASSIGNMENT((#15202));
#15202 = SURFACE_STYLE_USAGE(.BOTH.,#15203);
#15203 = SURFACE_SIDE_STYLE('',(#15204));
#15204 = SURFACE_STYLE_FILL_AREA(#15205);
#15205 = FILL_AREA_STYLE('',(#15206));
#15206 = FILL_AREA_STYLE_COLOUR('',#14729);
#15207 = OVER_RIDING_STYLED_ITEM('overriding color',(#15208),#8402,
  #15200);
#15208 = PRESENTATION_STYLE_ASSIGNMENT((#15209));
#15209 = SURFACE_STYLE_USAGE(.BOTH.,#15210);
#15210 = SURFACE_SIDE_STYLE('',(#15211));
#15211 = SURFACE_STYLE_FILL_AREA(#15212);
#15212 = FILL_AREA_STYLE('',(#15213));
#15213 = FILL_AREA_STYLE_COLOUR('',#14737);
#15214 = OVER_RIDING_STYLED_ITEM('overriding color',(#15215),#8444,
  #15200);
#15215 = PRESENTATION_STYLE_ASSIGNMENT((#15216));
#15216 = SURFACE_STYLE_USAGE(.BOTH.,#15217);
#15217 = SURFACE_SIDE_STYLE('',(#15218));
#15218 = SURFACE_STYLE_FILL_AREA(#15219);
#15219 = FILL_AREA_STYLE('',(#15220));
#15220 = FILL_AREA_STYLE_COLOUR('',#14737);
#15221 = OVER_RIDING_STYLED_ITEM('overriding color',(#15222),#8484,
  #15200);
#15222 = PRESENTATION_STYLE_ASSIGNMENT((#15223));
#15223 = SURFACE_STYLE_USAGE(.BOTH.,#15224);
#15224 = SURFACE_SIDE_STYLE('',(#15225));
#15225 = SURFACE_STYLE_FILL_AREA(#15226);
#15226 = FILL_AREA_STYLE('',(#15227));
#15227 = FILL_AREA_STYLE_COLOUR('',#14737);
#15228 = OVER_RIDING_STYLED_ITEM('overriding color',(#15229),#8515,
  #15200);
#15229 = PRESENTATION_STYLE_ASSIGNMENT((#15230));
#15230 = SURFACE_STYLE_USAGE(.BOTH.,#15231);
#15231 = SURFACE_SIDE_STYLE('',(#15232));
#15232 = SURFACE_STYLE_FILL_AREA(#15233);
#15233 = FILL_AREA_STYLE('',(#15234));
#15234 = FILL_AREA_STYLE_COLOUR('',#14737);
#15235 = OVER_RIDING_STYLED_ITEM('overriding color',(#15236),#8546,
  #15200);
#15236 = PRESENTATION_STYLE_ASSIGNMENT((#15237));
#15237 = SURFACE_STYLE_USAGE(.BOTH.,#15238);
#15238 = SURFACE_SIDE_STYLE('',(#15239));
#15239 = SURFACE_STYLE_FILL_AREA(#15240);
#15240 = FILL_AREA_STYLE('',(#15241));
#15241 = FILL_AREA_STYLE_COLOUR('',#14737);
#15242 = OVER_RIDING_STYLED_ITEM('overriding color',(#15243),#8568,
  #15200);
#15243 = PRESENTATION_STYLE_ASSIGNMENT((#15244));
#15244 = SURFACE_STYLE_USAGE(.BOTH.,#15245);
#15245 = SURFACE_SIDE_STYLE('',(#15246));
#15246 = SURFACE_STYLE_FILL_AREA(#15247);
#15247 = FILL_AREA_STYLE('',(#15248));
#15248 = FILL_AREA_STYLE_COLOUR('',#14737);
#15249 = OVER_RIDING_STYLED_ITEM('overriding color',(#15250),#8590,
  #15200);
#15250 = PRESENTATION_STYLE_ASSIGNMENT((#15251));
#15251 = SURFACE_STYLE_USAGE(.BOTH.,#15252);
#15252 = SURFACE_SIDE_STYLE('',(#15253));
#15253 = SURFACE_STYLE_FILL_AREA(#15254);
#15254 = FILL_AREA_STYLE('',(#15255));
#15255 = FILL_AREA_STYLE_COLOUR('',#14737);
#15256 = OVER_RIDING_STYLED_ITEM('overriding color',(#15257),#8602,
  #15200);
#15257 = PRESENTATION_STYLE_ASSIGNMENT((#15258));
#15258 = SURFACE_STYLE_USAGE(.BOTH.,#15259);
#15259 = SURFACE_SIDE_STYLE('',(#15260));
#15260 = SURFACE_STYLE_FILL_AREA(#15261);
#15261 = FILL_AREA_STYLE('',(#15262));
#15262 = FILL_AREA_STYLE_COLOUR('',#14737);
#15263 = OVER_RIDING_STYLED_ITEM('overriding color',(#15264),#8620,
  #15200);
#15264 = PRESENTATION_STYLE_ASSIGNMENT((#15265));
#15265 = SURFACE_STYLE_USAGE(.BOTH.,#15266);
#15266 = SURFACE_SIDE_STYLE('',(#15267));
#15267 = SURFACE_STYLE_FILL_AREA(#15268);
#15268 = FILL_AREA_STYLE('',(#15269));
#15269 = FILL_AREA_STYLE_COLOUR('',#14737);
#15270 = STYLED_ITEM('color',(#15271),#8630);
#15271 = PRESENTATION_STYLE_ASSIGNMENT((#15272));
#15272 = SURFACE_STYLE_USAGE(.BOTH.,#15273);
#15273 = SURFACE_SIDE_STYLE('',(#15274));
#15274 = SURFACE_STYLE_FILL_AREA(#15275);
#15275 = FILL_AREA_STYLE('',(#15276));
#15276 = FILL_AREA_STYLE_COLOUR('',#14729);
#15277 = OVER_RIDING_STYLED_ITEM('overriding color',(#15278),#8632,
  #15270);
#15278 = PRESENTATION_STYLE_ASSIGNMENT((#15279));
#15279 = SURFACE_STYLE_USAGE(.BOTH.,#15280);
#15280 = SURFACE_SIDE_STYLE('',(#15281));
#15281 = SURFACE_STYLE_FILL_AREA(#15282);
#15282 = FILL_AREA_STYLE('',(#15283));
#15283 = FILL_AREA_STYLE_COLOUR('',#15284);
#15284 = COLOUR_RGB('',0.988235296747,0.737254912529,0.517647065977);
#15285 = OVER_RIDING_STYLED_ITEM('overriding color',(#15286),#8672,
  #15270);
#15286 = PRESENTATION_STYLE_ASSIGNMENT((#15287));
#15287 = SURFACE_STYLE_USAGE(.BOTH.,#15288);
#15288 = SURFACE_SIDE_STYLE('',(#15289));
#15289 = SURFACE_STYLE_FILL_AREA(#15290);
#15290 = FILL_AREA_STYLE('',(#15291));
#15291 = FILL_AREA_STYLE_COLOUR('',#15284);
#15292 = OVER_RIDING_STYLED_ITEM('overriding color',(#15293),#8703,
  #15270);
#15293 = PRESENTATION_STYLE_ASSIGNMENT((#15294));
#15294 = SURFACE_STYLE_USAGE(.BOTH.,#15295);
#15295 = SURFACE_SIDE_STYLE('',(#15296));
#15296 = SURFACE_STYLE_FILL_AREA(#15297);
#15297 = FILL_AREA_STYLE('',(#15298));
#15298 = FILL_AREA_STYLE_COLOUR('',#15284);
#15299 = OVER_RIDING_STYLED_ITEM('overriding color',(#15300),#8734,
  #15270);
#15300 = PRESENTATION_STYLE_ASSIGNMENT((#15301));
#15301 = SURFACE_STYLE_USAGE(.BOTH.,#15302);
#15302 = SURFACE_SIDE_STYLE('',(#15303));
#15303 = SURFACE_STYLE_FILL_AREA(#15304);
#15304 = FILL_AREA_STYLE('',(#15305));
#15305 = FILL_AREA_STYLE_COLOUR('',#15284);
#15306 = OVER_RIDING_STYLED_ITEM('overriding color',(#15307),#8756,
  #15270);
#15307 = PRESENTATION_STYLE_ASSIGNMENT((#15308));
#15308 = SURFACE_STYLE_USAGE(.BOTH.,#15309);
#15309 = SURFACE_SIDE_STYLE('',(#15310));
#15310 = SURFACE_STYLE_FILL_AREA(#15311);
#15311 = FILL_AREA_STYLE('',(#15312));
#15312 = FILL_AREA_STYLE_COLOUR('',#15284);
#15313 = OVER_RIDING_STYLED_ITEM('overriding color',(#15314),#8768,
  #15270);
#15314 = PRESENTATION_STYLE_ASSIGNMENT((#15315));
#15315 = SURFACE_STYLE_USAGE(.BOTH.,#15316);
#15316 = SURFACE_SIDE_STYLE('',(#15317));
#15317 = SURFACE_STYLE_FILL_AREA(#15318);
#15318 = FILL_AREA_STYLE('',(#15319));
#15319 = FILL_AREA_STYLE_COLOUR('',#15284);
#15320 = STYLED_ITEM('color',(#15321),#8780);
#15321 = PRESENTATION_STYLE_ASSIGNMENT((#15322));
#15322 = SURFACE_STYLE_USAGE(.BOTH.,#15323);
#15323 = SURFACE_SIDE_STYLE('',(#15324));
#15324 = SURFACE_STYLE_FILL_AREA(#15325);
#15325 = FILL_AREA_STYLE('',(#15326));
#15326 = FILL_AREA_STYLE_COLOUR('',#14729);
#15327 = OVER_RIDING_STYLED_ITEM('overriding color',(#15328),#8782,
  #15320);
#15328 = PRESENTATION_STYLE_ASSIGNMENT((#15329));
#15329 = SURFACE_STYLE_USAGE(.BOTH.,#15330);
#15330 = SURFACE_SIDE_STYLE('',(#15331));
#15331 = SURFACE_STYLE_FILL_AREA(#15332);
#15332 = FILL_AREA_STYLE('',(#15333));
#15333 = FILL_AREA_STYLE_COLOUR('',#15284);
#15334 = OVER_RIDING_STYLED_ITEM('overriding color',(#15335),#8822,
  #15320);
#15335 = PRESENTATION_STYLE_ASSIGNMENT((#15336));
#15336 = SURFACE_STYLE_USAGE(.BOTH.,#15337);
#15337 = SURFACE_SIDE_STYLE('',(#15338));
#15338 = SURFACE_STYLE_FILL_AREA(#15339);
#15339 = FILL_AREA_STYLE('',(#15340));
#15340 = FILL_AREA_STYLE_COLOUR('',#15284);
#15341 = OVER_RIDING_STYLED_ITEM('overriding color',(#15342),#8853,
  #15320);
#15342 = PRESENTATION_STYLE_ASSIGNMENT((#15343));
#15343 = SURFACE_STYLE_USAGE(.BOTH.,#15344);
#15344 = SURFACE_SIDE_STYLE('',(#15345));
#15345 = SURFACE_STYLE_FILL_AREA(#15346);
#15346 = FILL_AREA_STYLE('',(#15347));
#15347 = FILL_AREA_STYLE_COLOUR('',#15284);
#15348 = OVER_RIDING_STYLED_ITEM('overriding color',(#15349),#8884,
  #15320);
#15349 = PRESENTATION_STYLE_ASSIGNMENT((#15350));
#15350 = SURFACE_STYLE_USAGE(.BOTH.,#15351);
#15351 = SURFACE_SIDE_STYLE('',(#15352));
#15352 = SURFACE_STYLE_FILL_AREA(#15353);
#15353 = FILL_AREA_STYLE('',(#15354));
#15354 = FILL_AREA_STYLE_COLOUR('',#15284);
#15355 = OVER_RIDING_STYLED_ITEM('overriding color',(#15356),#8906,
  #15320);
#15356 = PRESENTATION_STYLE_ASSIGNMENT((#15357));
#15357 = SURFACE_STYLE_USAGE(.BOTH.,#15358);
#15358 = SURFACE_SIDE_STYLE('',(#15359));
#15359 = SURFACE_STYLE_FILL_AREA(#15360);
#15360 = FILL_AREA_STYLE('',(#15361));
#15361 = FILL_AREA_STYLE_COLOUR('',#15284);
#15362 = OVER_RIDING_STYLED_ITEM('overriding color',(#15363),#8918,
  #15320);
#15363 = PRESENTATION_STYLE_ASSIGNMENT((#15364));
#15364 = SURFACE_STYLE_USAGE(.BOTH.,#15365);
#15365 = SURFACE_SIDE_STYLE('',(#15366));
#15366 = SURFACE_STYLE_FILL_AREA(#15367);
#15367 = FILL_AREA_STYLE('',(#15368));
#15368 = FILL_AREA_STYLE_COLOUR('',#15284);
#15369 = STYLED_ITEM('color',(#15370),#8930);
#15370 = PRESENTATION_STYLE_ASSIGNMENT((#15371));
#15371 = SURFACE_STYLE_USAGE(.BOTH.,#15372);
#15372 = SURFACE_SIDE_STYLE('',(#15373));
#15373 = SURFACE_STYLE_FILL_AREA(#15374);
#15374 = FILL_AREA_STYLE('',(#15375));
#15375 = FILL_AREA_STYLE_COLOUR('',#14729);
#15376 = OVER_RIDING_STYLED_ITEM('overriding color',(#15377),#8932,
  #15369);
#15377 = PRESENTATION_STYLE_ASSIGNMENT((#15378));
#15378 = SURFACE_STYLE_USAGE(.BOTH.,#15379);
#15379 = SURFACE_SIDE_STYLE('',(#15380));
#15380 = SURFACE_STYLE_FILL_AREA(#15381);
#15381 = FILL_AREA_STYLE('',(#15382));
#15382 = FILL_AREA_STYLE_COLOUR('',#15284);
#15383 = OVER_RIDING_STYLED_ITEM('overriding color',(#15384),#8972,
  #15369);
#15384 = PRESENTATION_STYLE_ASSIGNMENT((#15385));
#15385 = SURFACE_STYLE_USAGE(.BOTH.,#15386);
#15386 = SURFACE_SIDE_STYLE('',(#15387));
#15387 = SURFACE_STYLE_FILL_AREA(#15388);
#15388 = FILL_AREA_STYLE('',(#15389));
#15389 = FILL_AREA_STYLE_COLOUR('',#15284);
#15390 = OVER_RIDING_STYLED_ITEM('overriding color',(#15391),#9003,
  #15369);
#15391 = PRESENTATION_STYLE_ASSIGNMENT((#15392));
#15392 = SURFACE_STYLE_USAGE(.BOTH.,#15393);
#15393 = SURFACE_SIDE_STYLE('',(#15394));
#15394 = SURFACE_STYLE_FILL_AREA(#15395);
#15395 = FILL_AREA_STYLE('',(#15396));
#15396 = FILL_AREA_STYLE_COLOUR('',#15284);
#15397 = OVER_RIDING_STYLED_ITEM('overriding color',(#15398),#9034,
  #15369);
#15398 = PRESENTATION_STYLE_ASSIGNMENT((#15399));
#15399 = SURFACE_STYLE_USAGE(.BOTH.,#15400);
#15400 = SURFACE_SIDE_STYLE('',(#15401));
#15401 = SURFACE_STYLE_FILL_AREA(#15402);
#15402 = FILL_AREA_STYLE('',(#15403));
#15403 = FILL_AREA_STYLE_COLOUR('',#15284);
#15404 = OVER_RIDING_STYLED_ITEM('overriding color',(#15405),#9056,
  #15369);
#15405 = PRESENTATION_STYLE_ASSIGNMENT((#15406));
#15406 = SURFACE_STYLE_USAGE(.BOTH.,#15407);
#15407 = SURFACE_SIDE_STYLE('',(#15408));
#15408 = SURFACE_STYLE_FILL_AREA(#15409);
#15409 = FILL_AREA_STYLE('',(#15410));
#15410 = FILL_AREA_STYLE_COLOUR('',#15284);
#15411 = OVER_RIDING_STYLED_ITEM('overriding color',(#15412),#9068,
  #15369);
#15412 = PRESENTATION_STYLE_ASSIGNMENT((#15413));
#15413 = SURFACE_STYLE_USAGE(.BOTH.,#15414);
#15414 = SURFACE_SIDE_STYLE('',(#15415));
#15415 = SURFACE_STYLE_FILL_AREA(#15416);
#15416 = FILL_AREA_STYLE('',(#15417));
#15417 = FILL_AREA_STYLE_COLOUR('',#15284);
#15418 = STYLED_ITEM('color',(#15419),#9080);
#15419 = PRESENTATION_STYLE_ASSIGNMENT((#15420));
#15420 = SURFACE_STYLE_USAGE(.BOTH.,#15421);
#15421 = SURFACE_SIDE_STYLE('',(#15422));
#15422 = SURFACE_STYLE_FILL_AREA(#15423);
#15423 = FILL_AREA_STYLE('',(#15424));
#15424 = FILL_AREA_STYLE_COLOUR('',#14729);
#15425 = OVER_RIDING_STYLED_ITEM('overriding color',(#15426),#9082,
  #15418);
#15426 = PRESENTATION_STYLE_ASSIGNMENT((#15427));
#15427 = SURFACE_STYLE_USAGE(.BOTH.,#15428);
#15428 = SURFACE_SIDE_STYLE('',(#15429));
#15429 = SURFACE_STYLE_FILL_AREA(#15430);
#15430 = FILL_AREA_STYLE('',(#15431));
#15431 = FILL_AREA_STYLE_COLOUR('',#15284);
#15432 = OVER_RIDING_STYLED_ITEM('overriding color',(#15433),#9122,
  #15418);
#15433 = PRESENTATION_STYLE_ASSIGNMENT((#15434));
#15434 = SURFACE_STYLE_USAGE(.BOTH.,#15435);
#15435 = SURFACE_SIDE_STYLE('',(#15436));
#15436 = SURFACE_STYLE_FILL_AREA(#15437);
#15437 = FILL_AREA_STYLE('',(#15438));
#15438 = FILL_AREA_STYLE_COLOUR('',#15284);
#15439 = OVER_RIDING_STYLED_ITEM('overriding color',(#15440),#9153,
  #15418);
#15440 = PRESENTATION_STYLE_ASSIGNMENT((#15441));
#15441 = SURFACE_STYLE_USAGE(.BOTH.,#15442);
#15442 = SURFACE_SIDE_STYLE('',(#15443));
#15443 = SURFACE_STYLE_FILL_AREA(#15444);
#15444 = FILL_AREA_STYLE('',(#15445));
#15445 = FILL_AREA_STYLE_COLOUR('',#15284);
#15446 = OVER_RIDING_STYLED_ITEM('overriding color',(#15447),#9184,
  #15418);
#15447 = PRESENTATION_STYLE_ASSIGNMENT((#15448));
#15448 = SURFACE_STYLE_USAGE(.BOTH.,#15449);
#15449 = SURFACE_SIDE_STYLE('',(#15450));
#15450 = SURFACE_STYLE_FILL_AREA(#15451);
#15451 = FILL_AREA_STYLE('',(#15452));
#15452 = FILL_AREA_STYLE_COLOUR('',#15284);
#15453 = OVER_RIDING_STYLED_ITEM('overriding color',(#15454),#9206,
  #15418);
#15454 = PRESENTATION_STYLE_ASSIGNMENT((#15455));
#15455 = SURFACE_STYLE_USAGE(.BOTH.,#15456);
#15456 = SURFACE_SIDE_STYLE('',(#15457));
#15457 = SURFACE_STYLE_FILL_AREA(#15458);
#15458 = FILL_AREA_STYLE('',(#15459));
#15459 = FILL_AREA_STYLE_COLOUR('',#15284);
#15460 = OVER_RIDING_STYLED_ITEM('overriding color',(#15461),#9218,
  #15418);
#15461 = PRESENTATION_STYLE_ASSIGNMENT((#15462));
#15462 = SURFACE_STYLE_USAGE(.BOTH.,#15463);
#15463 = SURFACE_SIDE_STYLE('',(#15464));
#15464 = SURFACE_STYLE_FILL_AREA(#15465);
#15465 = FILL_AREA_STYLE('',(#15466));
#15466 = FILL_AREA_STYLE_COLOUR('',#15284);
#15467 = STYLED_ITEM('color',(#15468),#9230);
#15468 = PRESENTATION_STYLE_ASSIGNMENT((#15469));
#15469 = SURFACE_STYLE_USAGE(.BOTH.,#15470);
#15470 = SURFACE_SIDE_STYLE('',(#15471));
#15471 = SURFACE_STYLE_FILL_AREA(#15472);
#15472 = FILL_AREA_STYLE('',(#15473));
#15473 = FILL_AREA_STYLE_COLOUR('',#14729);
#15474 = OVER_RIDING_STYLED_ITEM('overriding color',(#15475),#9232,
  #15467);
#15475 = PRESENTATION_STYLE_ASSIGNMENT((#15476));
#15476 = SURFACE_STYLE_USAGE(.BOTH.,#15477);
#15477 = SURFACE_SIDE_STYLE('',(#15478));
#15478 = SURFACE_STYLE_FILL_AREA(#15479);
#15479 = FILL_AREA_STYLE('',(#15480));
#15480 = FILL_AREA_STYLE_COLOUR('',#15284);
#15481 = OVER_RIDING_STYLED_ITEM('overriding color',(#15482),#9272,
  #15467);
#15482 = PRESENTATION_STYLE_ASSIGNMENT((#15483));
#15483 = SURFACE_STYLE_USAGE(.BOTH.,#15484);
#15484 = SURFACE_SIDE_STYLE('',(#15485));
#15485 = SURFACE_STYLE_FILL_AREA(#15486);
#15486 = FILL_AREA_STYLE('',(#15487));
#15487 = FILL_AREA_STYLE_COLOUR('',#15284);
#15488 = OVER_RIDING_STYLED_ITEM('overriding color',(#15489),#9303,
  #15467);
#15489 = PRESENTATION_STYLE_ASSIGNMENT((#15490));
#15490 = SURFACE_STYLE_USAGE(.BOTH.,#15491);
#15491 = SURFACE_SIDE_STYLE('',(#15492));
#15492 = SURFACE_STYLE_FILL_AREA(#15493);
#15493 = FILL_AREA_STYLE('',(#15494));
#15494 = FILL_AREA_STYLE_COLOUR('',#15284);
#15495 = OVER_RIDING_STYLED_ITEM('overriding color',(#15496),#9334,
  #15467);
#15496 = PRESENTATION_STYLE_ASSIGNMENT((#15497));
#15497 = SURFACE_STYLE_USAGE(.BOTH.,#15498);
#15498 = SURFACE_SIDE_STYLE('',(#15499));
#15499 = SURFACE_STYLE_FILL_AREA(#15500);
#15500 = FILL_AREA_STYLE('',(#15501));
#15501 = FILL_AREA_STYLE_COLOUR('',#15284);
#15502 = OVER_RIDING_STYLED_ITEM('overriding color',(#15503),#9356,
  #15467);
#15503 = PRESENTATION_STYLE_ASSIGNMENT((#15504));
#15504 = SURFACE_STYLE_USAGE(.BOTH.,#15505);
#15505 = SURFACE_SIDE_STYLE('',(#15506));
#15506 = SURFACE_STYLE_FILL_AREA(#15507);
#15507 = FILL_AREA_STYLE('',(#15508));
#15508 = FILL_AREA_STYLE_COLOUR('',#15284);
#15509 = OVER_RIDING_STYLED_ITEM('overriding color',(#15510),#9368,
  #15467);
#15510 = PRESENTATION_STYLE_ASSIGNMENT((#15511));
#15511 = SURFACE_STYLE_USAGE(.BOTH.,#15512);
#15512 = SURFACE_SIDE_STYLE('',(#15513));
#15513 = SURFACE_STYLE_FILL_AREA(#15514);
#15514 = FILL_AREA_STYLE('',(#15515));
#15515 = FILL_AREA_STYLE_COLOUR('',#15284);
#15516 = STYLED_ITEM('color',(#15517),#9380);
#15517 = PRESENTATION_STYLE_ASSIGNMENT((#15518));
#15518 = SURFACE_STYLE_USAGE(.BOTH.,#15519);
#15519 = SURFACE_SIDE_STYLE('',(#15520));
#15520 = SURFACE_STYLE_FILL_AREA(#15521);
#15521 = FILL_AREA_STYLE('',(#15522));
#15522 = FILL_AREA_STYLE_COLOUR('',#14729);
#15523 = OVER_RIDING_STYLED_ITEM('overriding color',(#15524),#9382,
  #15516);
#15524 = PRESENTATION_STYLE_ASSIGNMENT((#15525));
#15525 = SURFACE_STYLE_USAGE(.BOTH.,#15526);
#15526 = SURFACE_SIDE_STYLE('',(#15527));
#15527 = SURFACE_STYLE_FILL_AREA(#15528);
#15528 = FILL_AREA_STYLE('',(#15529));
#15529 = FILL_AREA_STYLE_COLOUR('',#15284);
#15530 = OVER_RIDING_STYLED_ITEM('overriding color',(#15531),#9422,
  #15516);
#15531 = PRESENTATION_STYLE_ASSIGNMENT((#15532));
#15532 = SURFACE_STYLE_USAGE(.BOTH.,#15533);
#15533 = SURFACE_SIDE_STYLE('',(#15534));
#15534 = SURFACE_STYLE_FILL_AREA(#15535);
#15535 = FILL_AREA_STYLE('',(#15536));
#15536 = FILL_AREA_STYLE_COLOUR('',#15284);
#15537 = OVER_RIDING_STYLED_ITEM('overriding color',(#15538),#9453,
  #15516);
#15538 = PRESENTATION_STYLE_ASSIGNMENT((#15539));
#15539 = SURFACE_STYLE_USAGE(.BOTH.,#15540);
#15540 = SURFACE_SIDE_STYLE('',(#15541));
#15541 = SURFACE_STYLE_FILL_AREA(#15542);
#15542 = FILL_AREA_STYLE('',(#15543));
#15543 = FILL_AREA_STYLE_COLOUR('',#15284);
#15544 = OVER_RIDING_STYLED_ITEM('overriding color',(#15545),#9484,
  #15516);
#15545 = PRESENTATION_STYLE_ASSIGNMENT((#15546));
#15546 = SURFACE_STYLE_USAGE(.BOTH.,#15547);
#15547 = SURFACE_SIDE_STYLE('',(#15548));
#15548 = SURFACE_STYLE_FILL_AREA(#15549);
#15549 = FILL_AREA_STYLE('',(#15550));
#15550 = FILL_AREA_STYLE_COLOUR('',#15284);
#15551 = OVER_RIDING_STYLED_ITEM('overriding color',(#15552),#9506,
  #15516);
#15552 = PRESENTATION_STYLE_ASSIGNMENT((#15553));
#15553 = SURFACE_STYLE_USAGE(.BOTH.,#15554);
#15554 = SURFACE_SIDE_STYLE('',(#15555));
#15555 = SURFACE_STYLE_FILL_AREA(#15556);
#15556 = FILL_AREA_STYLE('',(#15557));
#15557 = FILL_AREA_STYLE_COLOUR('',#15284);
#15558 = OVER_RIDING_STYLED_ITEM('overriding color',(#15559),#9518,
  #15516);
#15559 = PRESENTATION_STYLE_ASSIGNMENT((#15560));
#15560 = SURFACE_STYLE_USAGE(.BOTH.,#15561);
#15561 = SURFACE_SIDE_STYLE('',(#15562));
#15562 = SURFACE_STYLE_FILL_AREA(#15563);
#15563 = FILL_AREA_STYLE('',(#15564));
#15564 = FILL_AREA_STYLE_COLOUR('',#15284);
#15565 = STYLED_ITEM('color',(#15566),#9530);
#15566 = PRESENTATION_STYLE_ASSIGNMENT((#15567));
#15567 = SURFACE_STYLE_USAGE(.BOTH.,#15568);
#15568 = SURFACE_SIDE_STYLE('',(#15569));
#15569 = SURFACE_STYLE_FILL_AREA(#15570);
#15570 = FILL_AREA_STYLE('',(#15571));
#15571 = FILL_AREA_STYLE_COLOUR('',#14729);
#15572 = OVER_RIDING_STYLED_ITEM('overriding color',(#15573),#9532,
  #15565);
#15573 = PRESENTATION_STYLE_ASSIGNMENT((#15574));
#15574 = SURFACE_STYLE_USAGE(.BOTH.,#15575);
#15575 = SURFACE_SIDE_STYLE('',(#15576));
#15576 = SURFACE_STYLE_FILL_AREA(#15577);
#15577 = FILL_AREA_STYLE('',(#15578));
#15578 = FILL_AREA_STYLE_COLOUR('',#15284);
#15579 = OVER_RIDING_STYLED_ITEM('overriding color',(#15580),#9572,
  #15565);
#15580 = PRESENTATION_STYLE_ASSIGNMENT((#15581));
#15581 = SURFACE_STYLE_USAGE(.BOTH.,#15582);
#15582 = SURFACE_SIDE_STYLE('',(#15583));
#15583 = SURFACE_STYLE_FILL_AREA(#15584);
#15584 = FILL_AREA_STYLE('',(#15585));
#15585 = FILL_AREA_STYLE_COLOUR('',#15284);
#15586 = OVER_RIDING_STYLED_ITEM('overriding color',(#15587),#9603,
  #15565);
#15587 = PRESENTATION_STYLE_ASSIGNMENT((#15588));
#15588 = SURFACE_STYLE_USAGE(.BOTH.,#15589);
#15589 = SURFACE_SIDE_STYLE('',(#15590));
#15590 = SURFACE_STYLE_FILL_AREA(#15591);
#15591 = FILL_AREA_STYLE('',(#15592));
#15592 = FILL_AREA_STYLE_COLOUR('',#15284);
#15593 = OVER_RIDING_STYLED_ITEM('overriding color',(#15594),#9634,
  #15565);
#15594 = PRESENTATION_STYLE_ASSIGNMENT((#15595));
#15595 = SURFACE_STYLE_USAGE(.BOTH.,#15596);
#15596 = SURFACE_SIDE_STYLE('',(#15597));
#15597 = SURFACE_STYLE_FILL_AREA(#15598);
#15598 = FILL_AREA_STYLE('',(#15599));
#15599 = FILL_AREA_STYLE_COLOUR('',#15284);
#15600 = OVER_RIDING_STYLED_ITEM('overriding color',(#15601),#9656,
  #15565);
#15601 = PRESENTATION_STYLE_ASSIGNMENT((#15602));
#15602 = SURFACE_STYLE_USAGE(.BOTH.,#15603);
#15603 = SURFACE_SIDE_STYLE('',(#15604));
#15604 = SURFACE_STYLE_FILL_AREA(#15605);
#15605 = FILL_AREA_STYLE('',(#15606));
#15606 = FILL_AREA_STYLE_COLOUR('',#15284);
#15607 = OVER_RIDING_STYLED_ITEM('overriding color',(#15608),#9668,
  #15565);
#15608 = PRESENTATION_STYLE_ASSIGNMENT((#15609));
#15609 = SURFACE_STYLE_USAGE(.BOTH.,#15610);
#15610 = SURFACE_SIDE_STYLE('',(#15611));
#15611 = SURFACE_STYLE_FILL_AREA(#15612);
#15612 = FILL_AREA_STYLE('',(#15613));
#15613 = FILL_AREA_STYLE_COLOUR('',#15284);
#15614 = STYLED_ITEM('color',(#15615),#9680);
#15615 = PRESENTATION_STYLE_ASSIGNMENT((#15616));
#15616 = SURFACE_STYLE_USAGE(.BOTH.,#15617);
#15617 = SURFACE_SIDE_STYLE('',(#15618));
#15618 = SURFACE_STYLE_FILL_AREA(#15619);
#15619 = FILL_AREA_STYLE('',(#15620));
#15620 = FILL_AREA_STYLE_COLOUR('',#14729);
#15621 = OVER_RIDING_STYLED_ITEM('overriding color',(#15622),#9682,
  #15614);
#15622 = PRESENTATION_STYLE_ASSIGNMENT((#15623));
#15623 = SURFACE_STYLE_USAGE(.BOTH.,#15624);
#15624 = SURFACE_SIDE_STYLE('',(#15625));
#15625 = SURFACE_STYLE_FILL_AREA(#15626);
#15626 = FILL_AREA_STYLE('',(#15627));
#15627 = FILL_AREA_STYLE_COLOUR('',#15284);
#15628 = OVER_RIDING_STYLED_ITEM('overriding color',(#15629),#9722,
  #15614);
#15629 = PRESENTATION_STYLE_ASSIGNMENT((#15630));
#15630 = SURFACE_STYLE_USAGE(.BOTH.,#15631);
#15631 = SURFACE_SIDE_STYLE('',(#15632));
#15632 = SURFACE_STYLE_FILL_AREA(#15633);
#15633 = FILL_AREA_STYLE('',(#15634));
#15634 = FILL_AREA_STYLE_COLOUR('',#15284);
#15635 = OVER_RIDING_STYLED_ITEM('overriding color',(#15636),#9753,
  #15614);
#15636 = PRESENTATION_STYLE_ASSIGNMENT((#15637));
#15637 = SURFACE_STYLE_USAGE(.BOTH.,#15638);
#15638 = SURFACE_SIDE_STYLE('',(#15639));
#15639 = SURFACE_STYLE_FILL_AREA(#15640);
#15640 = FILL_AREA_STYLE('',(#15641));
#15641 = FILL_AREA_STYLE_COLOUR('',#15284);
#15642 = OVER_RIDING_STYLED_ITEM('overriding color',(#15643),#9784,
  #15614);
#15643 = PRESENTATION_STYLE_ASSIGNMENT((#15644));
#15644 = SURFACE_STYLE_USAGE(.BOTH.,#15645);
#15645 = SURFACE_SIDE_STYLE('',(#15646));
#15646 = SURFACE_STYLE_FILL_AREA(#15647);
#15647 = FILL_AREA_STYLE('',(#15648));
#15648 = FILL_AREA_STYLE_COLOUR('',#15284);
#15649 = OVER_RIDING_STYLED_ITEM('overriding color',(#15650),#9806,
  #15614);
#15650 = PRESENTATION_STYLE_ASSIGNMENT((#15651));
#15651 = SURFACE_STYLE_USAGE(.BOTH.,#15652);
#15652 = SURFACE_SIDE_STYLE('',(#15653));
#15653 = SURFACE_STYLE_FILL_AREA(#15654);
#15654 = FILL_AREA_STYLE('',(#15655));
#15655 = FILL_AREA_STYLE_COLOUR('',#15284);
#15656 = OVER_RIDING_STYLED_ITEM('overriding color',(#15657),#9818,
  #15614);
#15657 = PRESENTATION_STYLE_ASSIGNMENT((#15658));
#15658 = SURFACE_STYLE_USAGE(.BOTH.,#15659);
#15659 = SURFACE_SIDE_STYLE('',(#15660));
#15660 = SURFACE_STYLE_FILL_AREA(#15661);
#15661 = FILL_AREA_STYLE('',(#15662));
#15662 = FILL_AREA_STYLE_COLOUR('',#15284);
#15663 = STYLED_ITEM('color',(#15664),#9830);
#15664 = PRESENTATION_STYLE_ASSIGNMENT((#15665));
#15665 = SURFACE_STYLE_USAGE(.BOTH.,#15666);
#15666 = SURFACE_SIDE_STYLE('',(#15667));
#15667 = SURFACE_STYLE_FILL_AREA(#15668);
#15668 = FILL_AREA_STYLE('',(#15669));
#15669 = FILL_AREA_STYLE_COLOUR('',#14729);
#15670 = OVER_RIDING_STYLED_ITEM('overriding color',(#15671),#9832,
  #15663);
#15671 = PRESENTATION_STYLE_ASSIGNMENT((#15672));
#15672 = SURFACE_STYLE_USAGE(.BOTH.,#15673);
#15673 = SURFACE_SIDE_STYLE('',(#15674));
#15674 = SURFACE_STYLE_FILL_AREA(#15675);
#15675 = FILL_AREA_STYLE('',(#15676));
#15676 = FILL_AREA_STYLE_COLOUR('',#15284);
#15677 = OVER_RIDING_STYLED_ITEM('overriding color',(#15678),#9872,
  #15663);
#15678 = PRESENTATION_STYLE_ASSIGNMENT((#15679));
#15679 = SURFACE_STYLE_USAGE(.BOTH.,#15680);
#15680 = SURFACE_SIDE_STYLE('',(#15681));
#15681 = SURFACE_STYLE_FILL_AREA(#15682);
#15682 = FILL_AREA_STYLE('',(#15683));
#15683 = FILL_AREA_STYLE_COLOUR('',#15284);
#15684 = OVER_RIDING_STYLED_ITEM('overriding color',(#15685),#9903,
  #15663);
#15685 = PRESENTATION_STYLE_ASSIGNMENT((#15686));
#15686 = SURFACE_STYLE_USAGE(.BOTH.,#15687);
#15687 = SURFACE_SIDE_STYLE('',(#15688));
#15688 = SURFACE_STYLE_FILL_AREA(#15689);
#15689 = FILL_AREA_STYLE('',(#15690));
#15690 = FILL_AREA_STYLE_COLOUR('',#15284);
#15691 = OVER_RIDING_STYLED_ITEM('overriding color',(#15692),#9934,
  #15663);
#15692 = PRESENTATION_STYLE_ASSIGNMENT((#15693));
#15693 = SURFACE_STYLE_USAGE(.BOTH.,#15694);
#15694 = SURFACE_SIDE_STYLE('',(#15695));
#15695 = SURFACE_STYLE_FILL_AREA(#15696);
#15696 = FILL_AREA_STYLE('',(#15697));
#15697 = FILL_AREA_STYLE_COLOUR('',#15284);
#15698 = OVER_RIDING_STYLED_ITEM('overriding color',(#15699),#9965,
  #15663);
#15699 = PRESENTATION_STYLE_ASSIGNMENT((#15700));
#15700 = SURFACE_STYLE_USAGE(.BOTH.,#15701);
#15701 = SURFACE_SIDE_STYLE('',(#15702));
#15702 = SURFACE_STYLE_FILL_AREA(#15703);
#15703 = FILL_AREA_STYLE('',(#15704));
#15704 = FILL_AREA_STYLE_COLOUR('',#15284);
#15705 = OVER_RIDING_STYLED_ITEM('overriding color',(#15706),#9987,
  #15663);
#15706 = PRESENTATION_STYLE_ASSIGNMENT((#15707));
#15707 = SURFACE_STYLE_USAGE(.BOTH.,#15708);
#15708 = SURFACE_SIDE_STYLE('',(#15709));
#15709 = SURFACE_STYLE_FILL_AREA(#15710);
#15710 = FILL_AREA_STYLE('',(#15711));
#15711 = FILL_AREA_STYLE_COLOUR('',#15284);
#15712 = OVER_RIDING_STYLED_ITEM('overriding color',(#15713),#10000,
  #15663);
#15713 = PRESENTATION_STYLE_ASSIGNMENT((#15714));
#15714 = SURFACE_STYLE_USAGE(.BOTH.,#15715);
#15715 = SURFACE_SIDE_STYLE('',(#15716));
#15716 = SURFACE_STYLE_FILL_AREA(#15717);
#15717 = FILL_AREA_STYLE('',(#15718));
#15718 = FILL_AREA_STYLE_COLOUR('',#15284);
#15719 = STYLED_ITEM('color',(#15720),#10013);
#15720 = PRESENTATION_STYLE_ASSIGNMENT((#15721));
#15721 = SURFACE_STYLE_USAGE(.BOTH.,#15722);
#15722 = SURFACE_SIDE_STYLE('',(#15723));
#15723 = SURFACE_STYLE_FILL_AREA(#15724);
#15724 = FILL_AREA_STYLE('',(#15725));
#15725 = FILL_AREA_STYLE_COLOUR('',#14729);
#15726 = OVER_RIDING_STYLED_ITEM('overriding color',(#15727),#10015,
  #15719);
#15727 = PRESENTATION_STYLE_ASSIGNMENT((#15728));
#15728 = SURFACE_STYLE_USAGE(.BOTH.,#15729);
#15729 = SURFACE_SIDE_STYLE('',(#15730));
#15730 = SURFACE_STYLE_FILL_AREA(#15731);
#15731 = FILL_AREA_STYLE('',(#15732));
#15732 = FILL_AREA_STYLE_COLOUR('',#15284);
#15733 = OVER_RIDING_STYLED_ITEM('overriding color',(#15734),#10055,
  #15719);
#15734 = PRESENTATION_STYLE_ASSIGNMENT((#15735));
#15735 = SURFACE_STYLE_USAGE(.BOTH.,#15736);
#15736 = SURFACE_SIDE_STYLE('',(#15737));
#15737 = SURFACE_STYLE_FILL_AREA(#15738);
#15738 = FILL_AREA_STYLE('',(#15739));
#15739 = FILL_AREA_STYLE_COLOUR('',#15284);
#15740 = OVER_RIDING_STYLED_ITEM('overriding color',(#15741),#10086,
  #15719);
#15741 = PRESENTATION_STYLE_ASSIGNMENT((#15742));
#15742 = SURFACE_STYLE_USAGE(.BOTH.,#15743);
#15743 = SURFACE_SIDE_STYLE('',(#15744));
#15744 = SURFACE_STYLE_FILL_AREA(#15745);
#15745 = FILL_AREA_STYLE('',(#15746));
#15746 = FILL_AREA_STYLE_COLOUR('',#15284);
#15747 = OVER_RIDING_STYLED_ITEM('overriding color',(#15748),#10117,
  #15719);
#15748 = PRESENTATION_STYLE_ASSIGNMENT((#15749));
#15749 = SURFACE_STYLE_USAGE(.BOTH.,#15750);
#15750 = SURFACE_SIDE_STYLE('',(#15751));
#15751 = SURFACE_STYLE_FILL_AREA(#15752);
#15752 = FILL_AREA_STYLE('',(#15753));
#15753 = FILL_AREA_STYLE_COLOUR('',#15284);
#15754 = OVER_RIDING_STYLED_ITEM('overriding color',(#15755),#10139,
  #15719);
#15755 = PRESENTATION_STYLE_ASSIGNMENT((#15756));
#15756 = SURFACE_STYLE_USAGE(.BOTH.,#15757);
#15757 = SURFACE_SIDE_STYLE('',(#15758));
#15758 = SURFACE_STYLE_FILL_AREA(#15759);
#15759 = FILL_AREA_STYLE('',(#15760));
#15760 = FILL_AREA_STYLE_COLOUR('',#15284);
#15761 = OVER_RIDING_STYLED_ITEM('overriding color',(#15762),#10151,
  #15719);
#15762 = PRESENTATION_STYLE_ASSIGNMENT((#15763));
#15763 = SURFACE_STYLE_USAGE(.BOTH.,#15764);
#15764 = SURFACE_SIDE_STYLE('',(#15765));
#15765 = SURFACE_STYLE_FILL_AREA(#15766);
#15766 = FILL_AREA_STYLE('',(#15767));
#15767 = FILL_AREA_STYLE_COLOUR('',#15284);
#15768 = STYLED_ITEM('color',(#15769),#10163);
#15769 = PRESENTATION_STYLE_ASSIGNMENT((#15770));
#15770 = SURFACE_STYLE_USAGE(.BOTH.,#15771);
#15771 = SURFACE_SIDE_STYLE('',(#15772));
#15772 = SURFACE_STYLE_FILL_AREA(#15773);
#15773 = FILL_AREA_STYLE('',(#15774));
#15774 = FILL_AREA_STYLE_COLOUR('',#14729);
#15775 = OVER_RIDING_STYLED_ITEM('overriding color',(#15776),#10165,
  #15768);
#15776 = PRESENTATION_STYLE_ASSIGNMENT((#15777));
#15777 = SURFACE_STYLE_USAGE(.BOTH.,#15778);
#15778 = SURFACE_SIDE_STYLE('',(#15779));
#15779 = SURFACE_STYLE_FILL_AREA(#15780);
#15780 = FILL_AREA_STYLE('',(#15781));
#15781 = FILL_AREA_STYLE_COLOUR('',#15284);
#15782 = OVER_RIDING_STYLED_ITEM('overriding color',(#15783),#10205,
  #15768);
#15783 = PRESENTATION_STYLE_ASSIGNMENT((#15784));
#15784 = SURFACE_STYLE_USAGE(.BOTH.,#15785);
#15785 = SURFACE_SIDE_STYLE('',(#15786));
#15786 = SURFACE_STYLE_FILL_AREA(#15787);
#15787 = FILL_AREA_STYLE('',(#15788));
#15788 = FILL_AREA_STYLE_COLOUR('',#15284);
#15789 = OVER_RIDING_STYLED_ITEM('overriding color',(#15790),#10236,
  #15768);
#15790 = PRESENTATION_STYLE_ASSIGNMENT((#15791));
#15791 = SURFACE_STYLE_USAGE(.BOTH.,#15792);
#15792 = SURFACE_SIDE_STYLE('',(#15793));
#15793 = SURFACE_STYLE_FILL_AREA(#15794);
#15794 = FILL_AREA_STYLE('',(#15795));
#15795 = FILL_AREA_STYLE_COLOUR('',#15284);
#15796 = OVER_RIDING_STYLED_ITEM('overriding color',(#15797),#10267,
  #15768);
#15797 = PRESENTATION_STYLE_ASSIGNMENT((#15798));
#15798 = SURFACE_STYLE_USAGE(.BOTH.,#15799);
#15799 = SURFACE_SIDE_STYLE('',(#15800));
#15800 = SURFACE_STYLE_FILL_AREA(#15801);
#15801 = FILL_AREA_STYLE('',(#15802));
#15802 = FILL_AREA_STYLE_COLOUR('',#15284);
#15803 = OVER_RIDING_STYLED_ITEM('overriding color',(#15804),#10289,
  #15768);
#15804 = PRESENTATION_STYLE_ASSIGNMENT((#15805));
#15805 = SURFACE_STYLE_USAGE(.BOTH.,#15806);
#15806 = SURFACE_SIDE_STYLE('',(#15807));
#15807 = SURFACE_STYLE_FILL_AREA(#15808);
#15808 = FILL_AREA_STYLE('',(#15809));
#15809 = FILL_AREA_STYLE_COLOUR('',#15284);
#15810 = OVER_RIDING_STYLED_ITEM('overriding color',(#15811),#10301,
  #15768);
#15811 = PRESENTATION_STYLE_ASSIGNMENT((#15812));
#15812 = SURFACE_STYLE_USAGE(.BOTH.,#15813);
#15813 = SURFACE_SIDE_STYLE('',(#15814));
#15814 = SURFACE_STYLE_FILL_AREA(#15815);
#15815 = FILL_AREA_STYLE('',(#15816));
#15816 = FILL_AREA_STYLE_COLOUR('',#15284);
#15817 = STYLED_ITEM('color',(#15818),#10313);
#15818 = PRESENTATION_STYLE_ASSIGNMENT((#15819));
#15819 = SURFACE_STYLE_USAGE(.BOTH.,#15820);
#15820 = SURFACE_SIDE_STYLE('',(#15821));
#15821 = SURFACE_STYLE_FILL_AREA(#15822);
#15822 = FILL_AREA_STYLE('',(#15823));
#15823 = FILL_AREA_STYLE_COLOUR('',#14729);
#15824 = OVER_RIDING_STYLED_ITEM('overriding color',(#15825),#10315,
  #15817);
#15825 = PRESENTATION_STYLE_ASSIGNMENT((#15826));
#15826 = SURFACE_STYLE_USAGE(.BOTH.,#15827);
#15827 = SURFACE_SIDE_STYLE('',(#15828));
#15828 = SURFACE_STYLE_FILL_AREA(#15829);
#15829 = FILL_AREA_STYLE('',(#15830));
#15830 = FILL_AREA_STYLE_COLOUR('',#15284);
#15831 = OVER_RIDING_STYLED_ITEM('overriding color',(#15832),#10355,
  #15817);
#15832 = PRESENTATION_STYLE_ASSIGNMENT((#15833));
#15833 = SURFACE_STYLE_USAGE(.BOTH.,#15834);
#15834 = SURFACE_SIDE_STYLE('',(#15835));
#15835 = SURFACE_STYLE_FILL_AREA(#15836);
#15836 = FILL_AREA_STYLE('',(#15837));
#15837 = FILL_AREA_STYLE_COLOUR('',#15284);
#15838 = OVER_RIDING_STYLED_ITEM('overriding color',(#15839),#10386,
  #15817);
#15839 = PRESENTATION_STYLE_ASSIGNMENT((#15840));
#15840 = SURFACE_STYLE_USAGE(.BOTH.,#15841);
#15841 = SURFACE_SIDE_STYLE('',(#15842));
#15842 = SURFACE_STYLE_FILL_AREA(#15843);
#15843 = FILL_AREA_STYLE('',(#15844));
#15844 = FILL_AREA_STYLE_COLOUR('',#15284);
#15845 = OVER_RIDING_STYLED_ITEM('overriding color',(#15846),#10417,
  #15817);
#15846 = PRESENTATION_STYLE_ASSIGNMENT((#15847));
#15847 = SURFACE_STYLE_USAGE(.BOTH.,#15848);
#15848 = SURFACE_SIDE_STYLE('',(#15849));
#15849 = SURFACE_STYLE_FILL_AREA(#15850);
#15850 = FILL_AREA_STYLE('',(#15851));
#15851 = FILL_AREA_STYLE_COLOUR('',#15284);
#15852 = OVER_RIDING_STYLED_ITEM('overriding color',(#15853),#10439,
  #15817);
#15853 = PRESENTATION_STYLE_ASSIGNMENT((#15854));
#15854 = SURFACE_STYLE_USAGE(.BOTH.,#15855);
#15855 = SURFACE_SIDE_STYLE('',(#15856));
#15856 = SURFACE_STYLE_FILL_AREA(#15857);
#15857 = FILL_AREA_STYLE('',(#15858));
#15858 = FILL_AREA_STYLE_COLOUR('',#15284);
#15859 = OVER_RIDING_STYLED_ITEM('overriding color',(#15860),#10451,
  #15817);
#15860 = PRESENTATION_STYLE_ASSIGNMENT((#15861));
#15861 = SURFACE_STYLE_USAGE(.BOTH.,#15862);
#15862 = SURFACE_SIDE_STYLE('',(#15863));
#15863 = SURFACE_STYLE_FILL_AREA(#15864);
#15864 = FILL_AREA_STYLE('',(#15865));
#15865 = FILL_AREA_STYLE_COLOUR('',#15284);
#15866 = MECHANICAL_DESIGN_GEOMETRIC_PRESENTATION_REPRESENTATION('',(
    #15867,#15875,#15882,#15889,#15896,#15903,#15910,#15917,#15925,
    #15932,#15939,#15946,#15953,#15960,#15967,#15974,#15981,#15988,
    #15995,#16002,#16009,#16016,#16023,#16030,#16037,#16044,#16051,
    #16058,#16065,#16072,#16079,#16086,#16093,#16100,#16107,#16114,
    #16122,#16129,#16136,#16143,#16150,#16157,#16164,#16171,#16178,
    #16185,#16192,#16199,#16206,#16213),#5675);
#15867 = STYLED_ITEM('color',(#15868),#4154);
#15868 = PRESENTATION_STYLE_ASSIGNMENT((#15869));
#15869 = SURFACE_STYLE_USAGE(.BOTH.,#15870);
#15870 = SURFACE_SIDE_STYLE('',(#15871));
#15871 = SURFACE_STYLE_FILL_AREA(#15872);
#15872 = FILL_AREA_STYLE('',(#15873));
#15873 = FILL_AREA_STYLE_COLOUR('',#15874);
#15874 = COLOUR_RGB('',0.894999966383,0.890999961016,0.813000030345);
#15875 = STYLED_ITEM('color',(#15876),#4194);
#15876 = PRESENTATION_STYLE_ASSIGNMENT((#15877));
#15877 = SURFACE_STYLE_USAGE(.BOTH.,#15878);
#15878 = SURFACE_SIDE_STYLE('',(#15879));
#15879 = SURFACE_STYLE_FILL_AREA(#15880);
#15880 = FILL_AREA_STYLE('',(#15881));
#15881 = FILL_AREA_STYLE_COLOUR('',#15874);
#15882 = STYLED_ITEM('color',(#15883),#4241);
#15883 = PRESENTATION_STYLE_ASSIGNMENT((#15884));
#15884 = SURFACE_STYLE_USAGE(.BOTH.,#15885);
#15885 = SURFACE_SIDE_STYLE('',(#15886));
#15886 = SURFACE_STYLE_FILL_AREA(#15887);
#15887 = FILL_AREA_STYLE('',(#15888));
#15888 = FILL_AREA_STYLE_COLOUR('',#15874);
#15889 = STYLED_ITEM('color',(#15890),#4320);
#15890 = PRESENTATION_STYLE_ASSIGNMENT((#15891));
#15891 = SURFACE_STYLE_USAGE(.BOTH.,#15892);
#15892 = SURFACE_SIDE_STYLE('',(#15893));
#15893 = SURFACE_STYLE_FILL_AREA(#15894);
#15894 = FILL_AREA_STYLE('',(#15895));
#15895 = FILL_AREA_STYLE_COLOUR('',#15874);
#15896 = STYLED_ITEM('color',(#15897),#4344);
#15897 = PRESENTATION_STYLE_ASSIGNMENT((#15898));
#15898 = SURFACE_STYLE_USAGE(.BOTH.,#15899);
#15899 = SURFACE_SIDE_STYLE('',(#15900));
#15900 = SURFACE_STYLE_FILL_AREA(#15901);
#15901 = FILL_AREA_STYLE('',(#15902));
#15902 = FILL_AREA_STYLE_COLOUR('',#15874);
#15903 = STYLED_ITEM('color',(#15904),#4384);
#15904 = PRESENTATION_STYLE_ASSIGNMENT((#15905));
#15905 = SURFACE_STYLE_USAGE(.BOTH.,#15906);
#15906 = SURFACE_SIDE_STYLE('',(#15907));
#15907 = SURFACE_STYLE_FILL_AREA(#15908);
#15908 = FILL_AREA_STYLE('',(#15909));
#15909 = FILL_AREA_STYLE_COLOUR('',#15874);
#15910 = STYLED_ITEM('color',(#15911),#4415);
#15911 = PRESENTATION_STYLE_ASSIGNMENT((#15912));
#15912 = SURFACE_STYLE_USAGE(.BOTH.,#15913);
#15913 = SURFACE_SIDE_STYLE('',(#15914));
#15914 = SURFACE_STYLE_FILL_AREA(#15915);
#15915 = FILL_AREA_STYLE('',(#15916));
#15916 = FILL_AREA_STYLE_COLOUR('',#15874);
#15917 = STYLED_ITEM('color',(#15918),#4432);
#15918 = PRESENTATION_STYLE_ASSIGNMENT((#15919));
#15919 = SURFACE_STYLE_USAGE(.BOTH.,#15920);
#15920 = SURFACE_SIDE_STYLE('',(#15921));
#15921 = SURFACE_STYLE_FILL_AREA(#15922);
#15922 = FILL_AREA_STYLE('',(#15923));
#15923 = FILL_AREA_STYLE_COLOUR('',#15924);
#15924 = COLOUR_RGB('',0.859000020776,0.737999965183,0.495999988746);
#15925 = STYLED_ITEM('color',(#15926),#4465);
#15926 = PRESENTATION_STYLE_ASSIGNMENT((#15927));
#15927 = SURFACE_STYLE_USAGE(.BOTH.,#15928);
#15928 = SURFACE_SIDE_STYLE('',(#15929));
#15929 = SURFACE_STYLE_FILL_AREA(#15930);
#15930 = FILL_AREA_STYLE('',(#15931));
#15931 = FILL_AREA_STYLE_COLOUR('',#15874);
#15932 = STYLED_ITEM('color',(#15933),#4489);
#15933 = PRESENTATION_STYLE_ASSIGNMENT((#15934));
#15934 = SURFACE_STYLE_USAGE(.BOTH.,#15935);
#15935 = SURFACE_SIDE_STYLE('',(#15936));
#15936 = SURFACE_STYLE_FILL_AREA(#15937);
#15937 = FILL_AREA_STYLE('',(#15938));
#15938 = FILL_AREA_STYLE_COLOUR('',#15924);
#15939 = STYLED_ITEM('color',(#15940),#4556);
#15940 = PRESENTATION_STYLE_ASSIGNMENT((#15941));
#15941 = SURFACE_STYLE_USAGE(.BOTH.,#15942);
#15942 = SURFACE_SIDE_STYLE('',(#15943));
#15943 = SURFACE_STYLE_FILL_AREA(#15944);
#15944 = FILL_AREA_STYLE('',(#15945));
#15945 = FILL_AREA_STYLE_COLOUR('',#15874);
#15946 = STYLED_ITEM('color',(#15947),#4677);
#15947 = PRESENTATION_STYLE_ASSIGNMENT((#15948));
#15948 = SURFACE_STYLE_USAGE(.BOTH.,#15949);
#15949 = SURFACE_SIDE_STYLE('',(#15950));
#15950 = SURFACE_STYLE_FILL_AREA(#15951);
#15951 = FILL_AREA_STYLE('',(#15952));
#15952 = FILL_AREA_STYLE_COLOUR('',#15924);
#15953 = STYLED_ITEM('color',(#15954),#4744);
#15954 = PRESENTATION_STYLE_ASSIGNMENT((#15955));
#15955 = SURFACE_STYLE_USAGE(.BOTH.,#15956);
#15956 = SURFACE_SIDE_STYLE('',(#15957));
#15957 = SURFACE_STYLE_FILL_AREA(#15958);
#15958 = FILL_AREA_STYLE('',(#15959));
#15959 = FILL_AREA_STYLE_COLOUR('',#15874);
#15960 = STYLED_ITEM('color',(#15961),#4768);
#15961 = PRESENTATION_STYLE_ASSIGNMENT((#15962));
#15962 = SURFACE_STYLE_USAGE(.BOTH.,#15963);
#15963 = SURFACE_SIDE_STYLE('',(#15964));
#15964 = SURFACE_STYLE_FILL_AREA(#15965);
#15965 = FILL_AREA_STYLE('',(#15966));
#15966 = FILL_AREA_STYLE_COLOUR('',#15874);
#15967 = STYLED_ITEM('color',(#15968),#4799);
#15968 = PRESENTATION_STYLE_ASSIGNMENT((#15969));
#15969 = SURFACE_STYLE_USAGE(.BOTH.,#15970);
#15970 = SURFACE_SIDE_STYLE('',(#15971));
#15971 = SURFACE_STYLE_FILL_AREA(#15972);
#15972 = FILL_AREA_STYLE('',(#15973));
#15973 = FILL_AREA_STYLE_COLOUR('',#15924);
#15974 = STYLED_ITEM('color',(#15975),#4832);
#15975 = PRESENTATION_STYLE_ASSIGNMENT((#15976));
#15976 = SURFACE_STYLE_USAGE(.BOTH.,#15977);
#15977 = SURFACE_SIDE_STYLE('',(#15978));
#15978 = SURFACE_STYLE_FILL_AREA(#15979);
#15979 = FILL_AREA_STYLE('',(#15980));
#15980 = FILL_AREA_STYLE_COLOUR('',#15874);
#15981 = STYLED_ITEM('color',(#15982),#4888);
#15982 = PRESENTATION_STYLE_ASSIGNMENT((#15983));
#15983 = SURFACE_STYLE_USAGE(.BOTH.,#15984);
#15984 = SURFACE_SIDE_STYLE('',(#15985));
#15985 = SURFACE_STYLE_FILL_AREA(#15986);
#15986 = FILL_AREA_STYLE('',(#15987));
#15987 = FILL_AREA_STYLE_COLOUR('',#15924);
#15988 = STYLED_ITEM('color',(#15989),#4912);
#15989 = PRESENTATION_STYLE_ASSIGNMENT((#15990));
#15990 = SURFACE_STYLE_USAGE(.BOTH.,#15991);
#15991 = SURFACE_SIDE_STYLE('',(#15992));
#15992 = SURFACE_STYLE_FILL_AREA(#15993);
#15993 = FILL_AREA_STYLE('',(#15994));
#15994 = FILL_AREA_STYLE_COLOUR('',#15924);
#15995 = STYLED_ITEM('color',(#15996),#4936);
#15996 = PRESENTATION_STYLE_ASSIGNMENT((#15997));
#15997 = SURFACE_STYLE_USAGE(.BOTH.,#15998);
#15998 = SURFACE_SIDE_STYLE('',(#15999));
#15999 = SURFACE_STYLE_FILL_AREA(#16000);
#16000 = FILL_AREA_STYLE('',(#16001));
#16001 = FILL_AREA_STYLE_COLOUR('',#15924);
#16002 = STYLED_ITEM('color',(#16003),#4960);
#16003 = PRESENTATION_STYLE_ASSIGNMENT((#16004));
#16004 = SURFACE_STYLE_USAGE(.BOTH.,#16005);
#16005 = SURFACE_SIDE_STYLE('',(#16006));
#16006 = SURFACE_STYLE_FILL_AREA(#16007);
#16007 = FILL_AREA_STYLE('',(#16008));
#16008 = FILL_AREA_STYLE_COLOUR('',#15924);
#16009 = STYLED_ITEM('color',(#16010),#4993);
#16010 = PRESENTATION_STYLE_ASSIGNMENT((#16011));
#16011 = SURFACE_STYLE_USAGE(.BOTH.,#16012);
#16012 = SURFACE_SIDE_STYLE('',(#16013));
#16013 = SURFACE_STYLE_FILL_AREA(#16014);
#16014 = FILL_AREA_STYLE('',(#16015));
#16015 = FILL_AREA_STYLE_COLOUR('',#15924);
#16016 = STYLED_ITEM('color',(#16017),#5005);
#16017 = PRESENTATION_STYLE_ASSIGNMENT((#16018));
#16018 = SURFACE_STYLE_USAGE(.BOTH.,#16019);
#16019 = SURFACE_SIDE_STYLE('',(#16020));
#16020 = SURFACE_STYLE_FILL_AREA(#16021);
#16021 = FILL_AREA_STYLE('',(#16022));
#16022 = FILL_AREA_STYLE_COLOUR('',#15924);
#16023 = STYLED_ITEM('color',(#16024),#5068);
#16024 = PRESENTATION_STYLE_ASSIGNMENT((#16025));
#16025 = SURFACE_STYLE_USAGE(.BOTH.,#16026);
#16026 = SURFACE_SIDE_STYLE('',(#16027));
#16027 = SURFACE_STYLE_FILL_AREA(#16028);
#16028 = FILL_AREA_STYLE('',(#16029));
#16029 = FILL_AREA_STYLE_COLOUR('',#15924);
#16030 = STYLED_ITEM('color',(#16031),#5093);
#16031 = PRESENTATION_STYLE_ASSIGNMENT((#16032));
#16032 = SURFACE_STYLE_USAGE(.BOTH.,#16033);
#16033 = SURFACE_SIDE_STYLE('',(#16034));
#16034 = SURFACE_STYLE_FILL_AREA(#16035);
#16035 = FILL_AREA_STYLE('',(#16036));
#16036 = FILL_AREA_STYLE_COLOUR('',#15924);
#16037 = STYLED_ITEM('color',(#16038),#5110);
#16038 = PRESENTATION_STYLE_ASSIGNMENT((#16039));
#16039 = SURFACE_STYLE_USAGE(.BOTH.,#16040);
#16040 = SURFACE_SIDE_STYLE('',(#16041));
#16041 = SURFACE_STYLE_FILL_AREA(#16042);
#16042 = FILL_AREA_STYLE('',(#16043));
#16043 = FILL_AREA_STYLE_COLOUR('',#15924);
#16044 = STYLED_ITEM('color',(#16045),#5134);
#16045 = PRESENTATION_STYLE_ASSIGNMENT((#16046));
#16046 = SURFACE_STYLE_USAGE(.BOTH.,#16047);
#16047 = SURFACE_SIDE_STYLE('',(#16048));
#16048 = SURFACE_STYLE_FILL_AREA(#16049);
#16049 = FILL_AREA_STYLE('',(#16050));
#16050 = FILL_AREA_STYLE_COLOUR('',#15924);
#16051 = STYLED_ITEM('color',(#16052),#5152);
#16052 = PRESENTATION_STYLE_ASSIGNMENT((#16053));
#16053 = SURFACE_STYLE_USAGE(.BOTH.,#16054);
#16054 = SURFACE_SIDE_STYLE('',(#16055));
#16055 = SURFACE_STYLE_FILL_AREA(#16056);
#16056 = FILL_AREA_STYLE('',(#16057));
#16057 = FILL_AREA_STYLE_COLOUR('',#15924);
#16058 = STYLED_ITEM('color',(#16059),#5170);
#16059 = PRESENTATION_STYLE_ASSIGNMENT((#16060));
#16060 = SURFACE_STYLE_USAGE(.BOTH.,#16061);
#16061 = SURFACE_SIDE_STYLE('',(#16062));
#16062 = SURFACE_STYLE_FILL_AREA(#16063);
#16063 = FILL_AREA_STYLE('',(#16064));
#16064 = FILL_AREA_STYLE_COLOUR('',#15924);
#16065 = STYLED_ITEM('color',(#16066),#5188);
#16066 = PRESENTATION_STYLE_ASSIGNMENT((#16067));
#16067 = SURFACE_STYLE_USAGE(.BOTH.,#16068);
#16068 = SURFACE_SIDE_STYLE('',(#16069));
#16069 = SURFACE_STYLE_FILL_AREA(#16070);
#16070 = FILL_AREA_STYLE('',(#16071));
#16071 = FILL_AREA_STYLE_COLOUR('',#15924);
#16072 = STYLED_ITEM('color',(#16073),#5205);
#16073 = PRESENTATION_STYLE_ASSIGNMENT((#16074));
#16074 = SURFACE_STYLE_USAGE(.BOTH.,#16075);
#16075 = SURFACE_SIDE_STYLE('',(#16076));
#16076 = SURFACE_STYLE_FILL_AREA(#16077);
#16077 = FILL_AREA_STYLE('',(#16078));
#16078 = FILL_AREA_STYLE_COLOUR('',#15924);
#16079 = STYLED_ITEM('color',(#16080),#5222);
#16080 = PRESENTATION_STYLE_ASSIGNMENT((#16081));
#16081 = SURFACE_STYLE_USAGE(.BOTH.,#16082);
#16082 = SURFACE_SIDE_STYLE('',(#16083));
#16083 = SURFACE_STYLE_FILL_AREA(#16084);
#16084 = FILL_AREA_STYLE('',(#16085));
#16085 = FILL_AREA_STYLE_COLOUR('',#15924);
#16086 = STYLED_ITEM('color',(#16087),#5253);
#16087 = PRESENTATION_STYLE_ASSIGNMENT((#16088));
#16088 = SURFACE_STYLE_USAGE(.BOTH.,#16089);
#16089 = SURFACE_SIDE_STYLE('',(#16090));
#16090 = SURFACE_STYLE_FILL_AREA(#16091);
#16091 = FILL_AREA_STYLE('',(#16092));
#16092 = FILL_AREA_STYLE_COLOUR('',#15924);
#16093 = STYLED_ITEM('color',(#16094),#5278);
#16094 = PRESENTATION_STYLE_ASSIGNMENT((#16095));
#16095 = SURFACE_STYLE_USAGE(.BOTH.,#16096);
#16096 = SURFACE_SIDE_STYLE('',(#16097));
#16097 = SURFACE_STYLE_FILL_AREA(#16098);
#16098 = FILL_AREA_STYLE('',(#16099));
#16099 = FILL_AREA_STYLE_COLOUR('',#15924);
#16100 = STYLED_ITEM('color',(#16101),#5303);
#16101 = PRESENTATION_STYLE_ASSIGNMENT((#16102));
#16102 = SURFACE_STYLE_USAGE(.BOTH.,#16103);
#16103 = SURFACE_SIDE_STYLE('',(#16104));
#16104 = SURFACE_STYLE_FILL_AREA(#16105);
#16105 = FILL_AREA_STYLE('',(#16106));
#16106 = FILL_AREA_STYLE_COLOUR('',#15924);
#16107 = STYLED_ITEM('color',(#16108),#5327);
#16108 = PRESENTATION_STYLE_ASSIGNMENT((#16109));
#16109 = SURFACE_STYLE_USAGE(.BOTH.,#16110);
#16110 = SURFACE_SIDE_STYLE('',(#16111));
#16111 = SURFACE_STYLE_FILL_AREA(#16112);
#16112 = FILL_AREA_STYLE('',(#16113));
#16113 = FILL_AREA_STYLE_COLOUR('',#15924);
#16114 = STYLED_ITEM('color',(#16115),#5344);
#16115 = PRESENTATION_STYLE_ASSIGNMENT((#16116));
#16116 = SURFACE_STYLE_USAGE(.BOTH.,#16117);
#16117 = SURFACE_SIDE_STYLE('',(#16118));
#16118 = SURFACE_STYLE_FILL_AREA(#16119);
#16119 = FILL_AREA_STYLE('',(#16120));
#16120 = FILL_AREA_STYLE_COLOUR('',#16121);
#16121 = COLOUR_RGB('',0.340000006699,0.68000001254,0.444999988852);
#16122 = STYLED_ITEM('color',(#16123),#5375);
#16123 = PRESENTATION_STYLE_ASSIGNMENT((#16124));
#16124 = SURFACE_STYLE_USAGE(.BOTH.,#16125);
#16125 = SURFACE_SIDE_STYLE('',(#16126));
#16126 = SURFACE_STYLE_FILL_AREA(#16127);
#16127 = FILL_AREA_STYLE('',(#16128));
#16128 = FILL_AREA_STYLE_COLOUR('',#16121);
#16129 = STYLED_ITEM('color',(#16130),#5399);
#16130 = PRESENTATION_STYLE_ASSIGNMENT((#16131));
#16131 = SURFACE_STYLE_USAGE(.BOTH.,#16132);
#16132 = SURFACE_SIDE_STYLE('',(#16133));
#16133 = SURFACE_STYLE_FILL_AREA(#16134);
#16134 = FILL_AREA_STYLE('',(#16135));
#16135 = FILL_AREA_STYLE_COLOUR('',#16121);
#16136 = STYLED_ITEM('color',(#16137),#5416);
#16137 = PRESENTATION_STYLE_ASSIGNMENT((#16138));
#16138 = SURFACE_STYLE_USAGE(.BOTH.,#16139);
#16139 = SURFACE_SIDE_STYLE('',(#16140));
#16140 = SURFACE_STYLE_FILL_AREA(#16141);
#16141 = FILL_AREA_STYLE('',(#16142));
#16142 = FILL_AREA_STYLE_COLOUR('',#15924);
#16143 = STYLED_ITEM('color',(#16144),#5444);
#16144 = PRESENTATION_STYLE_ASSIGNMENT((#16145));
#16145 = SURFACE_STYLE_USAGE(.BOTH.,#16146);
#16146 = SURFACE_SIDE_STYLE('',(#16147));
#16147 = SURFACE_STYLE_FILL_AREA(#16148);
#16148 = FILL_AREA_STYLE('',(#16149));
#16149 = FILL_AREA_STYLE_COLOUR('',#15924);
#16150 = STYLED_ITEM('color',(#16151),#5469);
#16151 = PRESENTATION_STYLE_ASSIGNMENT((#16152));
#16152 = SURFACE_STYLE_USAGE(.BOTH.,#16153);
#16153 = SURFACE_SIDE_STYLE('',(#16154));
#16154 = SURFACE_STYLE_FILL_AREA(#16155);
#16155 = FILL_AREA_STYLE('',(#16156));
#16156 = FILL_AREA_STYLE_COLOUR('',#15924);
#16157 = STYLED_ITEM('color',(#16158),#5493);
#16158 = PRESENTATION_STYLE_ASSIGNMENT((#16159));
#16159 = SURFACE_STYLE_USAGE(.BOTH.,#16160);
#16160 = SURFACE_SIDE_STYLE('',(#16161));
#16161 = SURFACE_STYLE_FILL_AREA(#16162);
#16162 = FILL_AREA_STYLE('',(#16163));
#16163 = FILL_AREA_STYLE_COLOUR('',#15924);
#16164 = STYLED_ITEM('color',(#16165),#5518);
#16165 = PRESENTATION_STYLE_ASSIGNMENT((#16166));
#16166 = SURFACE_STYLE_USAGE(.BOTH.,#16167);
#16167 = SURFACE_SIDE_STYLE('',(#16168));
#16168 = SURFACE_STYLE_FILL_AREA(#16169);
#16169 = FILL_AREA_STYLE('',(#16170));
#16170 = FILL_AREA_STYLE_COLOUR('',#15924);
#16171 = STYLED_ITEM('color',(#16172),#5565);
#16172 = PRESENTATION_STYLE_ASSIGNMENT((#16173));
#16173 = SURFACE_STYLE_USAGE(.BOTH.,#16174);
#16174 = SURFACE_SIDE_STYLE('',(#16175));
#16175 = SURFACE_STYLE_FILL_AREA(#16176);
#16176 = FILL_AREA_STYLE('',(#16177));
#16177 = FILL_AREA_STYLE_COLOUR('',#15924);
#16178 = STYLED_ITEM('color',(#16179),#5582);
#16179 = PRESENTATION_STYLE_ASSIGNMENT((#16180));
#16180 = SURFACE_STYLE_USAGE(.BOTH.,#16181);
#16181 = SURFACE_SIDE_STYLE('',(#16182));
#16182 = SURFACE_STYLE_FILL_AREA(#16183);
#16183 = FILL_AREA_STYLE('',(#16184));
#16184 = FILL_AREA_STYLE_COLOUR('',#15924);
#16185 = STYLED_ITEM('color',(#16186),#5594);
#16186 = PRESENTATION_STYLE_ASSIGNMENT((#16187));
#16187 = SURFACE_STYLE_USAGE(.BOTH.,#16188);
#16188 = SURFACE_SIDE_STYLE('',(#16189));
#16189 = SURFACE_STYLE_FILL_AREA(#16190);
#16190 = FILL_AREA_STYLE('',(#16191));
#16191 = FILL_AREA_STYLE_COLOUR('',#15924);
#16192 = STYLED_ITEM('color',(#16193),#5616);
#16193 = PRESENTATION_STYLE_ASSIGNMENT((#16194));
#16194 = SURFACE_STYLE_USAGE(.BOTH.,#16195);
#16195 = SURFACE_SIDE_STYLE('',(#16196));
#16196 = SURFACE_STYLE_FILL_AREA(#16197);
#16197 = FILL_AREA_STYLE('',(#16198));
#16198 = FILL_AREA_STYLE_COLOUR('',#15924);
#16199 = STYLED_ITEM('color',(#16200),#5628);
#16200 = PRESENTATION_STYLE_ASSIGNMENT((#16201));
#16201 = SURFACE_STYLE_USAGE(.BOTH.,#16202);
#16202 = SURFACE_SIDE_STYLE('',(#16203));
#16203 = SURFACE_STYLE_FILL_AREA(#16204);
#16204 = FILL_AREA_STYLE('',(#16205));
#16205 = FILL_AREA_STYLE_COLOUR('',#15924);
#16206 = STYLED_ITEM('color',(#16207),#5646);
#16207 = PRESENTATION_STYLE_ASSIGNMENT((#16208));
#16208 = SURFACE_STYLE_USAGE(.BOTH.,#16209);
#16209 = SURFACE_SIDE_STYLE('',(#16210));
#16210 = SURFACE_STYLE_FILL_AREA(#16211);
#16211 = FILL_AREA_STYLE('',(#16212));
#16212 = FILL_AREA_STYLE_COLOUR('',#15924);
#16213 = STYLED_ITEM('color',(#16214),#5664);
#16214 = PRESENTATION_STYLE_ASSIGNMENT((#16215));
#16215 = SURFACE_STYLE_USAGE(.BOTH.,#16216);
#16216 = SURFACE_SIDE_STYLE('',(#16217));
#16217 = SURFACE_STYLE_FILL_AREA(#16218);
#16218 = FILL_AREA_STYLE('',(#16219));
#16219 = FILL_AREA_STYLE_COLOUR('',#16121);
#16220 = MECHANICAL_DESIGN_GEOMETRIC_PRESENTATION_REPRESENTATION('',(
    #16221,#16228,#16235,#16242,#16249,#16256,#16263,#16270,#16277,
    #16284,#16291,#16298,#16305,#16312,#16320,#16327,#16334,#16341,
    #16348,#16355,#16362,#16369,#16376,#16383,#16390,#16397),#6489);
#16221 = STYLED_ITEM('color',(#16222),#5701);
#16222 = PRESENTATION_STYLE_ASSIGNMENT((#16223));
#16223 = SURFACE_STYLE_USAGE(.BOTH.,#16224);
#16224 = SURFACE_SIDE_STYLE('',(#16225));
#16225 = SURFACE_STYLE_FILL_AREA(#16226);
#16226 = FILL_AREA_STYLE('',(#16227));
#16227 = FILL_AREA_STYLE_COLOUR('',#14530);
#16228 = STYLED_ITEM('color',(#16229),#5741);
#16229 = PRESENTATION_STYLE_ASSIGNMENT((#16230));
#16230 = SURFACE_STYLE_USAGE(.BOTH.,#16231);
#16231 = SURFACE_SIDE_STYLE('',(#16232));
#16232 = SURFACE_STYLE_FILL_AREA(#16233);
#16233 = FILL_AREA_STYLE('',(#16234));
#16234 = FILL_AREA_STYLE_COLOUR('',#14530);
#16235 = STYLED_ITEM('color',(#16236),#5824);
#16236 = PRESENTATION_STYLE_ASSIGNMENT((#16237));
#16237 = SURFACE_STYLE_USAGE(.BOTH.,#16238);
#16238 = SURFACE_SIDE_STYLE('',(#16239));
#16239 = SURFACE_STYLE_FILL_AREA(#16240);
#16240 = FILL_AREA_STYLE('',(#16241));
#16241 = FILL_AREA_STYLE_COLOUR('',#14530);
#16242 = STYLED_ITEM('color',(#16243),#5849);
#16243 = PRESENTATION_STYLE_ASSIGNMENT((#16244));
#16244 = SURFACE_STYLE_USAGE(.BOTH.,#16245);
#16245 = SURFACE_SIDE_STYLE('',(#16246));
#16246 = SURFACE_STYLE_FILL_AREA(#16247);
#16247 = FILL_AREA_STYLE('',(#16248));
#16248 = FILL_AREA_STYLE_COLOUR('',#14530);
#16249 = STYLED_ITEM('color',(#16250),#5874);
#16250 = PRESENTATION_STYLE_ASSIGNMENT((#16251));
#16251 = SURFACE_STYLE_USAGE(.BOTH.,#16252);
#16252 = SURFACE_SIDE_STYLE('',(#16253));
#16253 = SURFACE_STYLE_FILL_AREA(#16254);
#16254 = FILL_AREA_STYLE('',(#16255));
#16255 = FILL_AREA_STYLE_COLOUR('',#14530);
#16256 = STYLED_ITEM('color',(#16257),#5941);
#16257 = PRESENTATION_STYLE_ASSIGNMENT((#16258));
#16258 = SURFACE_STYLE_USAGE(.BOTH.,#16259);
#16259 = SURFACE_SIDE_STYLE('',(#16260));
#16260 = SURFACE_STYLE_FILL_AREA(#16261);
#16261 = FILL_AREA_STYLE('',(#16262));
#16262 = FILL_AREA_STYLE_COLOUR('',#14530);
#16263 = STYLED_ITEM('color',(#16264),#5958);
#16264 = PRESENTATION_STYLE_ASSIGNMENT((#16265));
#16265 = SURFACE_STYLE_USAGE(.BOTH.,#16266);
#16266 = SURFACE_SIDE_STYLE('',(#16267));
#16267 = SURFACE_STYLE_FILL_AREA(#16268);
#16268 = FILL_AREA_STYLE('',(#16269));
#16269 = FILL_AREA_STYLE_COLOUR('',#14530);
#16270 = STYLED_ITEM('color',(#16271),#5975);
#16271 = PRESENTATION_STYLE_ASSIGNMENT((#16272));
#16272 = SURFACE_STYLE_USAGE(.BOTH.,#16273);
#16273 = SURFACE_SIDE_STYLE('',(#16274));
#16274 = SURFACE_STYLE_FILL_AREA(#16275);
#16275 = FILL_AREA_STYLE('',(#16276));
#16276 = FILL_AREA_STYLE_COLOUR('',#15874);
#16277 = STYLED_ITEM('color',(#16278),#6024);
#16278 = PRESENTATION_STYLE_ASSIGNMENT((#16279));
#16279 = SURFACE_STYLE_USAGE(.BOTH.,#16280);
#16280 = SURFACE_SIDE_STYLE('',(#16281));
#16281 = SURFACE_STYLE_FILL_AREA(#16282);
#16282 = FILL_AREA_STYLE('',(#16283));
#16283 = FILL_AREA_STYLE_COLOUR('',#14530);
#16284 = STYLED_ITEM('color',(#16285),#6041);
#16285 = PRESENTATION_STYLE_ASSIGNMENT((#16286));
#16286 = SURFACE_STYLE_USAGE(.BOTH.,#16287);
#16287 = SURFACE_SIDE_STYLE('',(#16288));
#16288 = SURFACE_STYLE_FILL_AREA(#16289);
#16289 = FILL_AREA_STYLE('',(#16290));
#16290 = FILL_AREA_STYLE_COLOUR('',#14530);
#16291 = STYLED_ITEM('color',(#16292),#6058);
#16292 = PRESENTATION_STYLE_ASSIGNMENT((#16293));
#16293 = SURFACE_STYLE_USAGE(.BOTH.,#16294);
#16294 = SURFACE_SIDE_STYLE('',(#16295));
#16295 = SURFACE_STYLE_FILL_AREA(#16296);
#16296 = FILL_AREA_STYLE('',(#16297));
#16297 = FILL_AREA_STYLE_COLOUR('',#15874);
#16298 = STYLED_ITEM('color',(#16299),#6107);
#16299 = PRESENTATION_STYLE_ASSIGNMENT((#16300));
#16300 = SURFACE_STYLE_USAGE(.BOTH.,#16301);
#16301 = SURFACE_SIDE_STYLE('',(#16302));
#16302 = SURFACE_STYLE_FILL_AREA(#16303);
#16303 = FILL_AREA_STYLE('',(#16304));
#16304 = FILL_AREA_STYLE_COLOUR('',#15874);
#16305 = STYLED_ITEM('color',(#16306),#6124);
#16306 = PRESENTATION_STYLE_ASSIGNMENT((#16307));
#16307 = SURFACE_STYLE_USAGE(.BOTH.,#16308);
#16308 = SURFACE_SIDE_STYLE('',(#16309));
#16309 = SURFACE_STYLE_FILL_AREA(#16310);
#16310 = FILL_AREA_STYLE('',(#16311));
#16311 = FILL_AREA_STYLE_COLOUR('',#14530);
#16312 = STYLED_ITEM('color',(#16313),#6193);
#16313 = PRESENTATION_STYLE_ASSIGNMENT((#16314));
#16314 = SURFACE_STYLE_USAGE(.BOTH.,#16315);
#16315 = SURFACE_SIDE_STYLE('',(#16316));
#16316 = SURFACE_STYLE_FILL_AREA(#16317);
#16317 = FILL_AREA_STYLE('',(#16318));
#16318 = FILL_AREA_STYLE_COLOUR('',#16319);
#16319 = COLOUR_RGB('',8.200000279077E-02,8.600000121357E-02,
  9.399999706163E-02);
#16320 = STYLED_ITEM('color',(#16321),#6224);
#16321 = PRESENTATION_STYLE_ASSIGNMENT((#16322));
#16322 = SURFACE_STYLE_USAGE(.BOTH.,#16323);
#16323 = SURFACE_SIDE_STYLE('',(#16324));
#16324 = SURFACE_STYLE_FILL_AREA(#16325);
#16325 = FILL_AREA_STYLE('',(#16326));
#16326 = FILL_AREA_STYLE_COLOUR('',#16319);
#16327 = STYLED_ITEM('color',(#16328),#6248);
#16328 = PRESENTATION_STYLE_ASSIGNMENT((#16329));
#16329 = SURFACE_STYLE_USAGE(.BOTH.,#16330);
#16330 = SURFACE_SIDE_STYLE('',(#16331));
#16331 = SURFACE_STYLE_FILL_AREA(#16332);
#16332 = FILL_AREA_STYLE('',(#16333));
#16333 = FILL_AREA_STYLE_COLOUR('',#14530);
#16334 = STYLED_ITEM('color',(#16335),#6317);
#16335 = PRESENTATION_STYLE_ASSIGNMENT((#16336));
#16336 = SURFACE_STYLE_USAGE(.BOTH.,#16337);
#16337 = SURFACE_SIDE_STYLE('',(#16338));
#16338 = SURFACE_STYLE_FILL_AREA(#16339);
#16339 = FILL_AREA_STYLE('',(#16340));
#16340 = FILL_AREA_STYLE_COLOUR('',#16319);
#16341 = STYLED_ITEM('color',(#16342),#6341);
#16342 = PRESENTATION_STYLE_ASSIGNMENT((#16343));
#16343 = SURFACE_STYLE_USAGE(.BOTH.,#16344);
#16344 = SURFACE_SIDE_STYLE('',(#16345));
#16345 = SURFACE_STYLE_FILL_AREA(#16346);
#16346 = FILL_AREA_STYLE('',(#16347));
#16347 = FILL_AREA_STYLE_COLOUR('',#14530);
#16348 = STYLED_ITEM('color',(#16349),#6358);
#16349 = PRESENTATION_STYLE_ASSIGNMENT((#16350));
#16350 = SURFACE_STYLE_USAGE(.BOTH.,#16351);
#16351 = SURFACE_SIDE_STYLE('',(#16352));
#16352 = SURFACE_STYLE_FILL_AREA(#16353);
#16353 = FILL_AREA_STYLE('',(#16354));
#16354 = FILL_AREA_STYLE_COLOUR('',#14530);
#16355 = STYLED_ITEM('color',(#16356),#6375);
#16356 = PRESENTATION_STYLE_ASSIGNMENT((#16357));
#16357 = SURFACE_STYLE_USAGE(.BOTH.,#16358);
#16358 = SURFACE_SIDE_STYLE('',(#16359));
#16359 = SURFACE_STYLE_FILL_AREA(#16360);
#16360 = FILL_AREA_STYLE('',(#16361));
#16361 = FILL_AREA_STYLE_COLOUR('',#14530);
#16362 = STYLED_ITEM('color',(#16363),#6392);
#16363 = PRESENTATION_STYLE_ASSIGNMENT((#16364));
#16364 = SURFACE_STYLE_USAGE(.BOTH.,#16365);
#16365 = SURFACE_SIDE_STYLE('',(#16366));
#16366 = SURFACE_STYLE_FILL_AREA(#16367);
#16367 = FILL_AREA_STYLE('',(#16368));
#16368 = FILL_AREA_STYLE_COLOUR('',#14530);
#16369 = STYLED_ITEM('color',(#16370),#6409);
#16370 = PRESENTATION_STYLE_ASSIGNMENT((#16371));
#16371 = SURFACE_STYLE_USAGE(.BOTH.,#16372);
#16372 = SURFACE_SIDE_STYLE('',(#16373));
#16373 = SURFACE_STYLE_FILL_AREA(#16374);
#16374 = FILL_AREA_STYLE('',(#16375));
#16375 = FILL_AREA_STYLE_COLOUR('',#14530);
#16376 = STYLED_ITEM('color',(#16377),#6426);
#16377 = PRESENTATION_STYLE_ASSIGNMENT((#16378));
#16378 = SURFACE_STYLE_USAGE(.BOTH.,#16379);
#16379 = SURFACE_SIDE_STYLE('',(#16380));
#16380 = SURFACE_STYLE_FILL_AREA(#16381);
#16381 = FILL_AREA_STYLE('',(#16382));
#16382 = FILL_AREA_STYLE_COLOUR('',#14530);
#16383 = STYLED_ITEM('color',(#16384),#6443);
#16384 = PRESENTATION_STYLE_ASSIGNMENT((#16385));
#16385 = SURFACE_STYLE_USAGE(.BOTH.,#16386);
#16386 = SURFACE_SIDE_STYLE('',(#16387));
#16387 = SURFACE_STYLE_FILL_AREA(#16388);
#16388 = FILL_AREA_STYLE('',(#16389));
#16389 = FILL_AREA_STYLE_COLOUR('',#14530);
#16390 = STYLED_ITEM('color',(#16391),#6460);
#16391 = PRESENTATION_STYLE_ASSIGNMENT((#16392));
#16392 = SURFACE_STYLE_USAGE(.BOTH.,#16393);
#16393 = SURFACE_SIDE_STYLE('',(#16394));
#16394 = SURFACE_STYLE_FILL_AREA(#16395);
#16395 = FILL_AREA_STYLE('',(#16396));
#16396 = FILL_AREA_STYLE_COLOUR('',#16319);
#16397 = STYLED_ITEM('color',(#16398),#6477);
#16398 = PRESENTATION_STYLE_ASSIGNMENT((#16399));
#16399 = SURFACE_STYLE_USAGE(.BOTH.,#16400);
#16400 = SURFACE_SIDE_STYLE('',(#16401));
#16401 = SURFACE_STYLE_FILL_AREA(#16402);
#16402 = FILL_AREA_STYLE('',(#16403));
#16403 = FILL_AREA_STYLE_COLOUR('',#16319);
#16404 = MECHANICAL_DESIGN_GEOMETRIC_PRESENTATION_REPRESENTATION('',(
    #16405),#14511);
#16405 = STYLED_ITEM('color',(#16406),#13590);
#16406 = PRESENTATION_STYLE_ASSIGNMENT((#16407));
#16407 = SURFACE_STYLE_USAGE(.BOTH.,#16408);
#16408 = SURFACE_SIDE_STYLE('',(#16409));
#16409 = SURFACE_STYLE_FILL_AREA(#16410);
#16410 = FILL_AREA_STYLE('',(#16411));
#16411 = FILL_AREA_STYLE_COLOUR('',#16412);
#16412 = COLOUR_RGB('',0.313304153717,0.484529207832,0.410020903123);
#16413 = MECHANICAL_DESIGN_GEOMETRIC_PRESENTATION_REPRESENTATION('',(
    #16414,#16421,#16428,#16435,#16442,#16449,#16456,#16464,#16471,
    #16478,#16485,#16492,#16499,#16506,#16513,#16520,#16527,#16534,
    #16541,#16548,#16555,#16562,#16569,#16576,#16583,#16590,#16597,
    #16604,#16611,#16618,#16625,#16632,#16639,#16646,#16653,#16660,
    #16667,#16674,#16681,#16688,#16695,#16702,#16709,#16716,#16723,
    #16730,#16737,#16744,#16751,#16758,#16765,#16772,#16779,#16786,
    #16793,#16800,#16807,#16814,#16821,#16828,#16835,#16842,#16849,
    #16856,#16863,#16870,#16877,#16884,#16891,#16898,#16905,#16912,
    #16919,#16926,#16933,#16940,#16947,#16954,#16961,#16968,#16975,
    #16982,#16989,#16996,#17003,#17010,#17017,#17024,#17031,#17038,
    #17045,#17052,#17059,#17066,#17073,#17080,#17087,#17095),#4128);
#16414 = STYLED_ITEM('color',(#16415),#960);
#16415 = PRESENTATION_STYLE_ASSIGNMENT((#16416));
#16416 = SURFACE_STYLE_USAGE(.BOTH.,#16417);
#16417 = SURFACE_SIDE_STYLE('',(#16418));
#16418 = SURFACE_STYLE_FILL_AREA(#16419);
#16419 = FILL_AREA_STYLE('',(#16420));
#16420 = FILL_AREA_STYLE_COLOUR('',#14530);
#16421 = STYLED_ITEM('color',(#16422),#1008);
#16422 = PRESENTATION_STYLE_ASSIGNMENT((#16423));
#16423 = SURFACE_STYLE_USAGE(.BOTH.,#16424);
#16424 = SURFACE_SIDE_STYLE('',(#16425));
#16425 = SURFACE_STYLE_FILL_AREA(#16426);
#16426 = FILL_AREA_STYLE('',(#16427));
#16427 = FILL_AREA_STYLE_COLOUR('',#14530);
#16428 = STYLED_ITEM('color',(#16429),#1039);
#16429 = PRESENTATION_STYLE_ASSIGNMENT((#16430));
#16430 = SURFACE_STYLE_USAGE(.BOTH.,#16431);
#16431 = SURFACE_SIDE_STYLE('',(#16432));
#16432 = SURFACE_STYLE_FILL_AREA(#16433);
#16433 = FILL_AREA_STYLE('',(#16434));
#16434 = FILL_AREA_STYLE_COLOUR('',#14530);
#16435 = STYLED_ITEM('color',(#16436),#1063);
#16436 = PRESENTATION_STYLE_ASSIGNMENT((#16437));
#16437 = SURFACE_STYLE_USAGE(.BOTH.,#16438);
#16438 = SURFACE_SIDE_STYLE('',(#16439));
#16439 = SURFACE_STYLE_FILL_AREA(#16440);
#16440 = FILL_AREA_STYLE('',(#16441));
#16441 = FILL_AREA_STYLE_COLOUR('',#14530);
#16442 = STYLED_ITEM('color',(#16443),#1087);
#16443 = PRESENTATION_STYLE_ASSIGNMENT((#16444));
#16444 = SURFACE_STYLE_USAGE(.BOTH.,#16445);
#16445 = SURFACE_SIDE_STYLE('',(#16446));
#16446 = SURFACE_STYLE_FILL_AREA(#16447);
#16447 = FILL_AREA_STYLE('',(#16448));
#16448 = FILL_AREA_STYLE_COLOUR('',#14530);
#16449 = STYLED_ITEM('color',(#16450),#1111);
#16450 = PRESENTATION_STYLE_ASSIGNMENT((#16451));
#16451 = SURFACE_STYLE_USAGE(.BOTH.,#16452);
#16452 = SURFACE_SIDE_STYLE('',(#16453));
#16453 = SURFACE_STYLE_FILL_AREA(#16454);
#16454 = FILL_AREA_STYLE('',(#16455));
#16455 = FILL_AREA_STYLE_COLOUR('',#14530);
#16456 = STYLED_ITEM('color',(#16457),#1128);
#16457 = PRESENTATION_STYLE_ASSIGNMENT((#16458));
#16458 = SURFACE_STYLE_USAGE(.BOTH.,#16459);
#16459 = SURFACE_SIDE_STYLE('',(#16460));
#16460 = SURFACE_STYLE_FILL_AREA(#16461);
#16461 = FILL_AREA_STYLE('',(#16462));
#16462 = FILL_AREA_STYLE_COLOUR('',#16463);
#16463 = COLOUR_RGB('',0.147999998088,0.144999993226,0.144999993226);
#16464 = STYLED_ITEM('color',(#16465),#1637);
#16465 = PRESENTATION_STYLE_ASSIGNMENT((#16466));
#16466 = SURFACE_STYLE_USAGE(.BOTH.,#16467);
#16467 = SURFACE_SIDE_STYLE('',(#16468));
#16468 = SURFACE_STYLE_FILL_AREA(#16469);
#16469 = FILL_AREA_STYLE('',(#16470));
#16470 = FILL_AREA_STYLE_COLOUR('',#16463);
#16471 = STYLED_ITEM('color',(#16472),#1714);
#16472 = PRESENTATION_STYLE_ASSIGNMENT((#16473));
#16473 = SURFACE_STYLE_USAGE(.BOTH.,#16474);
#16474 = SURFACE_SIDE_STYLE('',(#16475));
#16475 = SURFACE_STYLE_FILL_AREA(#16476);
#16476 = FILL_AREA_STYLE('',(#16477));
#16477 = FILL_AREA_STYLE_COLOUR('',#16463);
#16478 = STYLED_ITEM('color',(#16479),#1853);
#16479 = PRESENTATION_STYLE_ASSIGNMENT((#16480));
#16480 = SURFACE_STYLE_USAGE(.BOTH.,#16481);
#16481 = SURFACE_SIDE_STYLE('',(#16482));
#16482 = SURFACE_STYLE_FILL_AREA(#16483);
#16483 = FILL_AREA_STYLE('',(#16484));
#16484 = FILL_AREA_STYLE_COLOUR('',#14530);
#16485 = STYLED_ITEM('color',(#16486),#1893);
#16486 = PRESENTATION_STYLE_ASSIGNMENT((#16487));
#16487 = SURFACE_STYLE_USAGE(.BOTH.,#16488);
#16488 = SURFACE_SIDE_STYLE('',(#16489));
#16489 = SURFACE_STYLE_FILL_AREA(#16490);
#16490 = FILL_AREA_STYLE('',(#16491));
#16491 = FILL_AREA_STYLE_COLOUR('',#14530);
#16492 = STYLED_ITEM('color',(#16493),#1933);
#16493 = PRESENTATION_STYLE_ASSIGNMENT((#16494));
#16494 = SURFACE_STYLE_USAGE(.BOTH.,#16495);
#16495 = SURFACE_SIDE_STYLE('',(#16496));
#16496 = SURFACE_STYLE_FILL_AREA(#16497);
#16497 = FILL_AREA_STYLE('',(#16498));
#16498 = FILL_AREA_STYLE_COLOUR('',#14530);
#16499 = STYLED_ITEM('color',(#16500),#1958);
#16500 = PRESENTATION_STYLE_ASSIGNMENT((#16501));
#16501 = SURFACE_STYLE_USAGE(.BOTH.,#16502);
#16502 = SURFACE_SIDE_STYLE('',(#16503));
#16503 = SURFACE_STYLE_FILL_AREA(#16504);
#16504 = FILL_AREA_STYLE('',(#16505));
#16505 = FILL_AREA_STYLE_COLOUR('',#14530);
#16506 = STYLED_ITEM('color',(#16507),#1983);
#16507 = PRESENTATION_STYLE_ASSIGNMENT((#16508));
#16508 = SURFACE_STYLE_USAGE(.BOTH.,#16509);
#16509 = SURFACE_SIDE_STYLE('',(#16510));
#16510 = SURFACE_STYLE_FILL_AREA(#16511);
#16511 = FILL_AREA_STYLE('',(#16512));
#16512 = FILL_AREA_STYLE_COLOUR('',#14530);
#16513 = STYLED_ITEM('color',(#16514),#2016);
#16514 = PRESENTATION_STYLE_ASSIGNMENT((#16515));
#16515 = SURFACE_STYLE_USAGE(.BOTH.,#16516);
#16516 = SURFACE_SIDE_STYLE('',(#16517));
#16517 = SURFACE_STYLE_FILL_AREA(#16518);
#16518 = FILL_AREA_STYLE('',(#16519));
#16519 = FILL_AREA_STYLE_COLOUR('',#14530);
#16520 = STYLED_ITEM('color',(#16521),#2049);
#16521 = PRESENTATION_STYLE_ASSIGNMENT((#16522));
#16522 = SURFACE_STYLE_USAGE(.BOTH.,#16523);
#16523 = SURFACE_SIDE_STYLE('',(#16524));
#16524 = SURFACE_STYLE_FILL_AREA(#16525);
#16525 = FILL_AREA_STYLE('',(#16526));
#16526 = FILL_AREA_STYLE_COLOUR('',#14530);
#16527 = STYLED_ITEM('color',(#16528),#2089);
#16528 = PRESENTATION_STYLE_ASSIGNMENT((#16529));
#16529 = SURFACE_STYLE_USAGE(.BOTH.,#16530);
#16530 = SURFACE_SIDE_STYLE('',(#16531));
#16531 = SURFACE_STYLE_FILL_AREA(#16532);
#16532 = FILL_AREA_STYLE('',(#16533));
#16533 = FILL_AREA_STYLE_COLOUR('',#14530);
#16534 = STYLED_ITEM('color',(#16535),#2129);
#16535 = PRESENTATION_STYLE_ASSIGNMENT((#16536));
#16536 = SURFACE_STYLE_USAGE(.BOTH.,#16537);
#16537 = SURFACE_SIDE_STYLE('',(#16538));
#16538 = SURFACE_STYLE_FILL_AREA(#16539);
#16539 = FILL_AREA_STYLE('',(#16540));
#16540 = FILL_AREA_STYLE_COLOUR('',#14530);
#16541 = STYLED_ITEM('color',(#16542),#2154);
#16542 = PRESENTATION_STYLE_ASSIGNMENT((#16543));
#16543 = SURFACE_STYLE_USAGE(.BOTH.,#16544);
#16544 = SURFACE_SIDE_STYLE('',(#16545));
#16545 = SURFACE_STYLE_FILL_AREA(#16546);
#16546 = FILL_AREA_STYLE('',(#16547));
#16547 = FILL_AREA_STYLE_COLOUR('',#14530);
#16548 = STYLED_ITEM('color',(#16549),#2179);
#16549 = PRESENTATION_STYLE_ASSIGNMENT((#16550));
#16550 = SURFACE_STYLE_USAGE(.BOTH.,#16551);
#16551 = SURFACE_SIDE_STYLE('',(#16552));
#16552 = SURFACE_STYLE_FILL_AREA(#16553);
#16553 = FILL_AREA_STYLE('',(#16554));
#16554 = FILL_AREA_STYLE_COLOUR('',#14530);
#16555 = STYLED_ITEM('color',(#16556),#2212);
#16556 = PRESENTATION_STYLE_ASSIGNMENT((#16557));
#16557 = SURFACE_STYLE_USAGE(.BOTH.,#16558);
#16558 = SURFACE_SIDE_STYLE('',(#16559));
#16559 = SURFACE_STYLE_FILL_AREA(#16560);
#16560 = FILL_AREA_STYLE('',(#16561));
#16561 = FILL_AREA_STYLE_COLOUR('',#14530);
#16562 = STYLED_ITEM('color',(#16563),#2245);
#16563 = PRESENTATION_STYLE_ASSIGNMENT((#16564));
#16564 = SURFACE_STYLE_USAGE(.BOTH.,#16565);
#16565 = SURFACE_SIDE_STYLE('',(#16566));
#16566 = SURFACE_STYLE_FILL_AREA(#16567);
#16567 = FILL_AREA_STYLE('',(#16568));
#16568 = FILL_AREA_STYLE_COLOUR('',#16463);
#16569 = STYLED_ITEM('color',(#16570),#2384);
#16570 = PRESENTATION_STYLE_ASSIGNMENT((#16571));
#16571 = SURFACE_STYLE_USAGE(.BOTH.,#16572);
#16572 = SURFACE_SIDE_STYLE('',(#16573));
#16573 = SURFACE_STYLE_FILL_AREA(#16574);
#16574 = FILL_AREA_STYLE('',(#16575));
#16575 = FILL_AREA_STYLE_COLOUR('',#14530);
#16576 = STYLED_ITEM('color',(#16577),#2424);
#16577 = PRESENTATION_STYLE_ASSIGNMENT((#16578));
#16578 = SURFACE_STYLE_USAGE(.BOTH.,#16579);
#16579 = SURFACE_SIDE_STYLE('',(#16580));
#16580 = SURFACE_STYLE_FILL_AREA(#16581);
#16581 = FILL_AREA_STYLE('',(#16582));
#16582 = FILL_AREA_STYLE_COLOUR('',#14530);
#16583 = STYLED_ITEM('color',(#16584),#2464);
#16584 = PRESENTATION_STYLE_ASSIGNMENT((#16585));
#16585 = SURFACE_STYLE_USAGE(.BOTH.,#16586);
#16586 = SURFACE_SIDE_STYLE('',(#16587));
#16587 = SURFACE_STYLE_FILL_AREA(#16588);
#16588 = FILL_AREA_STYLE('',(#16589));
#16589 = FILL_AREA_STYLE_COLOUR('',#14530);
#16590 = STYLED_ITEM('color',(#16591),#2489);
#16591 = PRESENTATION_STYLE_ASSIGNMENT((#16592));
#16592 = SURFACE_STYLE_USAGE(.BOTH.,#16593);
#16593 = SURFACE_SIDE_STYLE('',(#16594));
#16594 = SURFACE_STYLE_FILL_AREA(#16595);
#16595 = FILL_AREA_STYLE('',(#16596));
#16596 = FILL_AREA_STYLE_COLOUR('',#14530);
#16597 = STYLED_ITEM('color',(#16598),#2514);
#16598 = PRESENTATION_STYLE_ASSIGNMENT((#16599));
#16599 = SURFACE_STYLE_USAGE(.BOTH.,#16600);
#16600 = SURFACE_SIDE_STYLE('',(#16601));
#16601 = SURFACE_STYLE_FILL_AREA(#16602);
#16602 = FILL_AREA_STYLE('',(#16603));
#16603 = FILL_AREA_STYLE_COLOUR('',#14530);
#16604 = STYLED_ITEM('color',(#16605),#2547);
#16605 = PRESENTATION_STYLE_ASSIGNMENT((#16606));
#16606 = SURFACE_STYLE_USAGE(.BOTH.,#16607);
#16607 = SURFACE_SIDE_STYLE('',(#16608));
#16608 = SURFACE_STYLE_FILL_AREA(#16609);
#16609 = FILL_AREA_STYLE('',(#16610));
#16610 = FILL_AREA_STYLE_COLOUR('',#14530);
#16611 = STYLED_ITEM('color',(#16612),#2580);
#16612 = PRESENTATION_STYLE_ASSIGNMENT((#16613));
#16613 = SURFACE_STYLE_USAGE(.BOTH.,#16614);
#16614 = SURFACE_SIDE_STYLE('',(#16615));
#16615 = SURFACE_STYLE_FILL_AREA(#16616);
#16616 = FILL_AREA_STYLE('',(#16617));
#16617 = FILL_AREA_STYLE_COLOUR('',#14530);
#16618 = STYLED_ITEM('color',(#16619),#2620);
#16619 = PRESENTATION_STYLE_ASSIGNMENT((#16620));
#16620 = SURFACE_STYLE_USAGE(.BOTH.,#16621);
#16621 = SURFACE_SIDE_STYLE('',(#16622));
#16622 = SURFACE_STYLE_FILL_AREA(#16623);
#16623 = FILL_AREA_STYLE('',(#16624));
#16624 = FILL_AREA_STYLE_COLOUR('',#14530);
#16625 = STYLED_ITEM('color',(#16626),#2660);
#16626 = PRESENTATION_STYLE_ASSIGNMENT((#16627));
#16627 = SURFACE_STYLE_USAGE(.BOTH.,#16628);
#16628 = SURFACE_SIDE_STYLE('',(#16629));
#16629 = SURFACE_STYLE_FILL_AREA(#16630);
#16630 = FILL_AREA_STYLE('',(#16631));
#16631 = FILL_AREA_STYLE_COLOUR('',#14530);
#16632 = STYLED_ITEM('color',(#16633),#2685);
#16633 = PRESENTATION_STYLE_ASSIGNMENT((#16634));
#16634 = SURFACE_STYLE_USAGE(.BOTH.,#16635);
#16635 = SURFACE_SIDE_STYLE('',(#16636));
#16636 = SURFACE_STYLE_FILL_AREA(#16637);
#16637 = FILL_AREA_STYLE('',(#16638));
#16638 = FILL_AREA_STYLE_COLOUR('',#14530);
#16639 = STYLED_ITEM('color',(#16640),#2710);
#16640 = PRESENTATION_STYLE_ASSIGNMENT((#16641));
#16641 = SURFACE_STYLE_USAGE(.BOTH.,#16642);
#16642 = SURFACE_SIDE_STYLE('',(#16643));
#16643 = SURFACE_STYLE_FILL_AREA(#16644);
#16644 = FILL_AREA_STYLE('',(#16645));
#16645 = FILL_AREA_STYLE_COLOUR('',#14530);
#16646 = STYLED_ITEM('color',(#16647),#2743);
#16647 = PRESENTATION_STYLE_ASSIGNMENT((#16648));
#16648 = SURFACE_STYLE_USAGE(.BOTH.,#16649);
#16649 = SURFACE_SIDE_STYLE('',(#16650));
#16650 = SURFACE_STYLE_FILL_AREA(#16651);
#16651 = FILL_AREA_STYLE('',(#16652));
#16652 = FILL_AREA_STYLE_COLOUR('',#14530);
#16653 = STYLED_ITEM('color',(#16654),#2776);
#16654 = PRESENTATION_STYLE_ASSIGNMENT((#16655));
#16655 = SURFACE_STYLE_USAGE(.BOTH.,#16656);
#16656 = SURFACE_SIDE_STYLE('',(#16657));
#16657 = SURFACE_STYLE_FILL_AREA(#16658);
#16658 = FILL_AREA_STYLE('',(#16659));
#16659 = FILL_AREA_STYLE_COLOUR('',#14530);
#16660 = STYLED_ITEM('color',(#16661),#2816);
#16661 = PRESENTATION_STYLE_ASSIGNMENT((#16662));
#16662 = SURFACE_STYLE_USAGE(.BOTH.,#16663);
#16663 = SURFACE_SIDE_STYLE('',(#16664));
#16664 = SURFACE_STYLE_FILL_AREA(#16665);
#16665 = FILL_AREA_STYLE('',(#16666));
#16666 = FILL_AREA_STYLE_COLOUR('',#14530);
#16667 = STYLED_ITEM('color',(#16668),#2856);
#16668 = PRESENTATION_STYLE_ASSIGNMENT((#16669));
#16669 = SURFACE_STYLE_USAGE(.BOTH.,#16670);
#16670 = SURFACE_SIDE_STYLE('',(#16671));
#16671 = SURFACE_STYLE_FILL_AREA(#16672);
#16672 = FILL_AREA_STYLE('',(#16673));
#16673 = FILL_AREA_STYLE_COLOUR('',#14530);
#16674 = STYLED_ITEM('color',(#16675),#2881);
#16675 = PRESENTATION_STYLE_ASSIGNMENT((#16676));
#16676 = SURFACE_STYLE_USAGE(.BOTH.,#16677);
#16677 = SURFACE_SIDE_STYLE('',(#16678));
#16678 = SURFACE_STYLE_FILL_AREA(#16679);
#16679 = FILL_AREA_STYLE('',(#16680));
#16680 = FILL_AREA_STYLE_COLOUR('',#14530);
#16681 = STYLED_ITEM('color',(#16682),#2906);
#16682 = PRESENTATION_STYLE_ASSIGNMENT((#16683));
#16683 = SURFACE_STYLE_USAGE(.BOTH.,#16684);
#16684 = SURFACE_SIDE_STYLE('',(#16685));
#16685 = SURFACE_STYLE_FILL_AREA(#16686);
#16686 = FILL_AREA_STYLE('',(#16687));
#16687 = FILL_AREA_STYLE_COLOUR('',#14530);
#16688 = STYLED_ITEM('color',(#16689),#2939);
#16689 = PRESENTATION_STYLE_ASSIGNMENT((#16690));
#16690 = SURFACE_STYLE_USAGE(.BOTH.,#16691);
#16691 = SURFACE_SIDE_STYLE('',(#16692));
#16692 = SURFACE_STYLE_FILL_AREA(#16693);
#16693 = FILL_AREA_STYLE('',(#16694));
#16694 = FILL_AREA_STYLE_COLOUR('',#14530);
#16695 = STYLED_ITEM('color',(#16696),#2972);
#16696 = PRESENTATION_STYLE_ASSIGNMENT((#16697));
#16697 = SURFACE_STYLE_USAGE(.BOTH.,#16698);
#16698 = SURFACE_SIDE_STYLE('',(#16699));
#16699 = SURFACE_STYLE_FILL_AREA(#16700);
#16700 = FILL_AREA_STYLE('',(#16701));
#16701 = FILL_AREA_STYLE_COLOUR('',#16463);
#16702 = STYLED_ITEM('color',(#16703),#3035);
#16703 = PRESENTATION_STYLE_ASSIGNMENT((#16704));
#16704 = SURFACE_STYLE_USAGE(.BOTH.,#16705);
#16705 = SURFACE_SIDE_STYLE('',(#16706));
#16706 = SURFACE_STYLE_FILL_AREA(#16707);
#16707 = FILL_AREA_STYLE('',(#16708));
#16708 = FILL_AREA_STYLE_COLOUR('',#14530);
#16709 = STYLED_ITEM('color',(#16710),#3075);
#16710 = PRESENTATION_STYLE_ASSIGNMENT((#16711));
#16711 = SURFACE_STYLE_USAGE(.BOTH.,#16712);
#16712 = SURFACE_SIDE_STYLE('',(#16713));
#16713 = SURFACE_STYLE_FILL_AREA(#16714);
#16714 = FILL_AREA_STYLE('',(#16715));
#16715 = FILL_AREA_STYLE_COLOUR('',#14530);
#16716 = STYLED_ITEM('color',(#16717),#3115);
#16717 = PRESENTATION_STYLE_ASSIGNMENT((#16718));
#16718 = SURFACE_STYLE_USAGE(.BOTH.,#16719);
#16719 = SURFACE_SIDE_STYLE('',(#16720));
#16720 = SURFACE_STYLE_FILL_AREA(#16721);
#16721 = FILL_AREA_STYLE('',(#16722));
#16722 = FILL_AREA_STYLE_COLOUR('',#14530);
#16723 = STYLED_ITEM('color',(#16724),#3140);
#16724 = PRESENTATION_STYLE_ASSIGNMENT((#16725));
#16725 = SURFACE_STYLE_USAGE(.BOTH.,#16726);
#16726 = SURFACE_SIDE_STYLE('',(#16727));
#16727 = SURFACE_STYLE_FILL_AREA(#16728);
#16728 = FILL_AREA_STYLE('',(#16729));
#16729 = FILL_AREA_STYLE_COLOUR('',#14530);
#16730 = STYLED_ITEM('color',(#16731),#3165);
#16731 = PRESENTATION_STYLE_ASSIGNMENT((#16732));
#16732 = SURFACE_STYLE_USAGE(.BOTH.,#16733);
#16733 = SURFACE_SIDE_STYLE('',(#16734));
#16734 = SURFACE_STYLE_FILL_AREA(#16735);
#16735 = FILL_AREA_STYLE('',(#16736));
#16736 = FILL_AREA_STYLE_COLOUR('',#14530);
#16737 = STYLED_ITEM('color',(#16738),#3198);
#16738 = PRESENTATION_STYLE_ASSIGNMENT((#16739));
#16739 = SURFACE_STYLE_USAGE(.BOTH.,#16740);
#16740 = SURFACE_SIDE_STYLE('',(#16741));
#16741 = SURFACE_STYLE_FILL_AREA(#16742);
#16742 = FILL_AREA_STYLE('',(#16743));
#16743 = FILL_AREA_STYLE_COLOUR('',#14530);
#16744 = STYLED_ITEM('color',(#16745),#3231);
#16745 = PRESENTATION_STYLE_ASSIGNMENT((#16746));
#16746 = SURFACE_STYLE_USAGE(.BOTH.,#16747);
#16747 = SURFACE_SIDE_STYLE('',(#16748));
#16748 = SURFACE_STYLE_FILL_AREA(#16749);
#16749 = FILL_AREA_STYLE('',(#16750));
#16750 = FILL_AREA_STYLE_COLOUR('',#14530);
#16751 = STYLED_ITEM('color',(#16752),#3271);
#16752 = PRESENTATION_STYLE_ASSIGNMENT((#16753));
#16753 = SURFACE_STYLE_USAGE(.BOTH.,#16754);
#16754 = SURFACE_SIDE_STYLE('',(#16755));
#16755 = SURFACE_STYLE_FILL_AREA(#16756);
#16756 = FILL_AREA_STYLE('',(#16757));
#16757 = FILL_AREA_STYLE_COLOUR('',#14530);
#16758 = STYLED_ITEM('color',(#16759),#3311);
#16759 = PRESENTATION_STYLE_ASSIGNMENT((#16760));
#16760 = SURFACE_STYLE_USAGE(.BOTH.,#16761);
#16761 = SURFACE_SIDE_STYLE('',(#16762));
#16762 = SURFACE_STYLE_FILL_AREA(#16763);
#16763 = FILL_AREA_STYLE('',(#16764));
#16764 = FILL_AREA_STYLE_COLOUR('',#14530);
#16765 = STYLED_ITEM('color',(#16766),#3336);
#16766 = PRESENTATION_STYLE_ASSIGNMENT((#16767));
#16767 = SURFACE_STYLE_USAGE(.BOTH.,#16768);
#16768 = SURFACE_SIDE_STYLE('',(#16769));
#16769 = SURFACE_STYLE_FILL_AREA(#16770);
#16770 = FILL_AREA_STYLE('',(#16771));
#16771 = FILL_AREA_STYLE_COLOUR('',#14530);
#16772 = STYLED_ITEM('color',(#16773),#3361);
#16773 = PRESENTATION_STYLE_ASSIGNMENT((#16774));
#16774 = SURFACE_STYLE_USAGE(.BOTH.,#16775);
#16775 = SURFACE_SIDE_STYLE('',(#16776));
#16776 = SURFACE_STYLE_FILL_AREA(#16777);
#16777 = FILL_AREA_STYLE('',(#16778));
#16778 = FILL_AREA_STYLE_COLOUR('',#14530);
#16779 = STYLED_ITEM('color',(#16780),#3394);
#16780 = PRESENTATION_STYLE_ASSIGNMENT((#16781));
#16781 = SURFACE_STYLE_USAGE(.BOTH.,#16782);
#16782 = SURFACE_SIDE_STYLE('',(#16783));
#16783 = SURFACE_STYLE_FILL_AREA(#16784);
#16784 = FILL_AREA_STYLE('',(#16785));
#16785 = FILL_AREA_STYLE_COLOUR('',#14530);
#16786 = STYLED_ITEM('color',(#16787),#3427);
#16787 = PRESENTATION_STYLE_ASSIGNMENT((#16788));
#16788 = SURFACE_STYLE_USAGE(.BOTH.,#16789);
#16789 = SURFACE_SIDE_STYLE('',(#16790));
#16790 = SURFACE_STYLE_FILL_AREA(#16791);
#16791 = FILL_AREA_STYLE('',(#16792));
#16792 = FILL_AREA_STYLE_COLOUR('',#16463);
#16793 = STYLED_ITEM('color',(#16794),#3450);
#16794 = PRESENTATION_STYLE_ASSIGNMENT((#16795));
#16795 = SURFACE_STYLE_USAGE(.BOTH.,#16796);
#16796 = SURFACE_SIDE_STYLE('',(#16797));
#16797 = SURFACE_STYLE_FILL_AREA(#16798);
#16798 = FILL_AREA_STYLE('',(#16799));
#16799 = FILL_AREA_STYLE_COLOUR('',#14530);
#16800 = STYLED_ITEM('color',(#16801),#3467);
#16801 = PRESENTATION_STYLE_ASSIGNMENT((#16802));
#16802 = SURFACE_STYLE_USAGE(.BOTH.,#16803);
#16803 = SURFACE_SIDE_STYLE('',(#16804));
#16804 = SURFACE_STYLE_FILL_AREA(#16805);
#16805 = FILL_AREA_STYLE('',(#16806));
#16806 = FILL_AREA_STYLE_COLOUR('',#14530);
#16807 = STYLED_ITEM('color',(#16808),#3484);
#16808 = PRESENTATION_STYLE_ASSIGNMENT((#16809));
#16809 = SURFACE_STYLE_USAGE(.BOTH.,#16810);
#16810 = SURFACE_SIDE_STYLE('',(#16811));
#16811 = SURFACE_STYLE_FILL_AREA(#16812);
#16812 = FILL_AREA_STYLE('',(#16813));
#16813 = FILL_AREA_STYLE_COLOUR('',#14530);
#16814 = STYLED_ITEM('color',(#16815),#3501);
#16815 = PRESENTATION_STYLE_ASSIGNMENT((#16816));
#16816 = SURFACE_STYLE_USAGE(.BOTH.,#16817);
#16817 = SURFACE_SIDE_STYLE('',(#16818));
#16818 = SURFACE_STYLE_FILL_AREA(#16819);
#16819 = FILL_AREA_STYLE('',(#16820));
#16820 = FILL_AREA_STYLE_COLOUR('',#14530);
#16821 = STYLED_ITEM('color',(#16822),#3518);
#16822 = PRESENTATION_STYLE_ASSIGNMENT((#16823));
#16823 = SURFACE_STYLE_USAGE(.BOTH.,#16824);
#16824 = SURFACE_SIDE_STYLE('',(#16825));
#16825 = SURFACE_STYLE_FILL_AREA(#16826);
#16826 = FILL_AREA_STYLE('',(#16827));
#16827 = FILL_AREA_STYLE_COLOUR('',#14530);
#16828 = STYLED_ITEM('color',(#16829),#3535);
#16829 = PRESENTATION_STYLE_ASSIGNMENT((#16830));
#16830 = SURFACE_STYLE_USAGE(.BOTH.,#16831);
#16831 = SURFACE_SIDE_STYLE('',(#16832));
#16832 = SURFACE_STYLE_FILL_AREA(#16833);
#16833 = FILL_AREA_STYLE('',(#16834));
#16834 = FILL_AREA_STYLE_COLOUR('',#14530);
#16835 = STYLED_ITEM('color',(#16836),#3552);
#16836 = PRESENTATION_STYLE_ASSIGNMENT((#16837));
#16837 = SURFACE_STYLE_USAGE(.BOTH.,#16838);
#16838 = SURFACE_SIDE_STYLE('',(#16839));
#16839 = SURFACE_STYLE_FILL_AREA(#16840);
#16840 = FILL_AREA_STYLE('',(#16841));
#16841 = FILL_AREA_STYLE_COLOUR('',#14530);
#16842 = STYLED_ITEM('color',(#16843),#3569);
#16843 = PRESENTATION_STYLE_ASSIGNMENT((#16844));
#16844 = SURFACE_STYLE_USAGE(.BOTH.,#16845);
#16845 = SURFACE_SIDE_STYLE('',(#16846));
#16846 = SURFACE_STYLE_FILL_AREA(#16847);
#16847 = FILL_AREA_STYLE('',(#16848));
#16848 = FILL_AREA_STYLE_COLOUR('',#14530);
#16849 = STYLED_ITEM('color',(#16850),#3586);
#16850 = PRESENTATION_STYLE_ASSIGNMENT((#16851));
#16851 = SURFACE_STYLE_USAGE(.BOTH.,#16852);
#16852 = SURFACE_SIDE_STYLE('',(#16853));
#16853 = SURFACE_STYLE_FILL_AREA(#16854);
#16854 = FILL_AREA_STYLE('',(#16855));
#16855 = FILL_AREA_STYLE_COLOUR('',#14530);
#16856 = STYLED_ITEM('color',(#16857),#3598);
#16857 = PRESENTATION_STYLE_ASSIGNMENT((#16858));
#16858 = SURFACE_STYLE_USAGE(.BOTH.,#16859);
#16859 = SURFACE_SIDE_STYLE('',(#16860));
#16860 = SURFACE_STYLE_FILL_AREA(#16861);
#16861 = FILL_AREA_STYLE('',(#16862));
#16862 = FILL_AREA_STYLE_COLOUR('',#14530);
#16863 = STYLED_ITEM('color',(#16864),#3615);
#16864 = PRESENTATION_STYLE_ASSIGNMENT((#16865));
#16865 = SURFACE_STYLE_USAGE(.BOTH.,#16866);
#16866 = SURFACE_SIDE_STYLE('',(#16867));
#16867 = SURFACE_STYLE_FILL_AREA(#16868);
#16868 = FILL_AREA_STYLE('',(#16869));
#16869 = FILL_AREA_STYLE_COLOUR('',#14530);
#16870 = STYLED_ITEM('color',(#16871),#3627);
#16871 = PRESENTATION_STYLE_ASSIGNMENT((#16872));
#16872 = SURFACE_STYLE_USAGE(.BOTH.,#16873);
#16873 = SURFACE_SIDE_STYLE('',(#16874));
#16874 = SURFACE_STYLE_FILL_AREA(#16875);
#16875 = FILL_AREA_STYLE('',(#16876));
#16876 = FILL_AREA_STYLE_COLOUR('',#14530);
#16877 = STYLED_ITEM('color',(#16878),#3644);
#16878 = PRESENTATION_STYLE_ASSIGNMENT((#16879));
#16879 = SURFACE_STYLE_USAGE(.BOTH.,#16880);
#16880 = SURFACE_SIDE_STYLE('',(#16881));
#16881 = SURFACE_STYLE_FILL_AREA(#16882);
#16882 = FILL_AREA_STYLE('',(#16883));
#16883 = FILL_AREA_STYLE_COLOUR('',#14530);
#16884 = STYLED_ITEM('color',(#16885),#3656);
#16885 = PRESENTATION_STYLE_ASSIGNMENT((#16886));
#16886 = SURFACE_STYLE_USAGE(.BOTH.,#16887);
#16887 = SURFACE_SIDE_STYLE('',(#16888));
#16888 = SURFACE_STYLE_FILL_AREA(#16889);
#16889 = FILL_AREA_STYLE('',(#16890));
#16890 = FILL_AREA_STYLE_COLOUR('',#14530);
#16891 = STYLED_ITEM('color',(#16892),#3673);
#16892 = PRESENTATION_STYLE_ASSIGNMENT((#16893));
#16893 = SURFACE_STYLE_USAGE(.BOTH.,#16894);
#16894 = SURFACE_SIDE_STYLE('',(#16895));
#16895 = SURFACE_STYLE_FILL_AREA(#16896);
#16896 = FILL_AREA_STYLE('',(#16897));
#16897 = FILL_AREA_STYLE_COLOUR('',#14530);
#16898 = STYLED_ITEM('color',(#16899),#3685);
#16899 = PRESENTATION_STYLE_ASSIGNMENT((#16900));
#16900 = SURFACE_STYLE_USAGE(.BOTH.,#16901);
#16901 = SURFACE_SIDE_STYLE('',(#16902));
#16902 = SURFACE_STYLE_FILL_AREA(#16903);
#16903 = FILL_AREA_STYLE('',(#16904));
#16904 = FILL_AREA_STYLE_COLOUR('',#14530);
#16905 = STYLED_ITEM('color',(#16906),#3702);
#16906 = PRESENTATION_STYLE_ASSIGNMENT((#16907));
#16907 = SURFACE_STYLE_USAGE(.BOTH.,#16908);
#16908 = SURFACE_SIDE_STYLE('',(#16909));
#16909 = SURFACE_STYLE_FILL_AREA(#16910);
#16910 = FILL_AREA_STYLE('',(#16911));
#16911 = FILL_AREA_STYLE_COLOUR('',#14530);
#16912 = STYLED_ITEM('color',(#16913),#3719);
#16913 = PRESENTATION_STYLE_ASSIGNMENT((#16914));
#16914 = SURFACE_STYLE_USAGE(.BOTH.,#16915);
#16915 = SURFACE_SIDE_STYLE('',(#16916));
#16916 = SURFACE_STYLE_FILL_AREA(#16917);
#16917 = FILL_AREA_STYLE('',(#16918));
#16918 = FILL_AREA_STYLE_COLOUR('',#14530);
#16919 = STYLED_ITEM('color',(#16920),#3736);
#16920 = PRESENTATION_STYLE_ASSIGNMENT((#16921));
#16921 = SURFACE_STYLE_USAGE(.BOTH.,#16922);
#16922 = SURFACE_SIDE_STYLE('',(#16923));
#16923 = SURFACE_STYLE_FILL_AREA(#16924);
#16924 = FILL_AREA_STYLE('',(#16925));
#16925 = FILL_AREA_STYLE_COLOUR('',#14530);
#16926 = STYLED_ITEM('color',(#16927),#3753);
#16927 = PRESENTATION_STYLE_ASSIGNMENT((#16928));
#16928 = SURFACE_STYLE_USAGE(.BOTH.,#16929);
#16929 = SURFACE_SIDE_STYLE('',(#16930));
#16930 = SURFACE_STYLE_FILL_AREA(#16931);
#16931 = FILL_AREA_STYLE('',(#16932));
#16932 = FILL_AREA_STYLE_COLOUR('',#14530);
#16933 = STYLED_ITEM('color',(#16934),#3770);
#16934 = PRESENTATION_STYLE_ASSIGNMENT((#16935));
#16935 = SURFACE_STYLE_USAGE(.BOTH.,#16936);
#16936 = SURFACE_SIDE_STYLE('',(#16937));
#16937 = SURFACE_STYLE_FILL_AREA(#16938);
#16938 = FILL_AREA_STYLE('',(#16939));
#16939 = FILL_AREA_STYLE_COLOUR('',#14530);
#16940 = STYLED_ITEM('color',(#16941),#3787);
#16941 = PRESENTATION_STYLE_ASSIGNMENT((#16942));
#16942 = SURFACE_STYLE_USAGE(.BOTH.,#16943);
#16943 = SURFACE_SIDE_STYLE('',(#16944));
#16944 = SURFACE_STYLE_FILL_AREA(#16945);
#16945 = FILL_AREA_STYLE('',(#16946));
#16946 = FILL_AREA_STYLE_COLOUR('',#14530);
#16947 = STYLED_ITEM('color',(#16948),#3799);
#16948 = PRESENTATION_STYLE_ASSIGNMENT((#16949));
#16949 = SURFACE_STYLE_USAGE(.BOTH.,#16950);
#16950 = SURFACE_SIDE_STYLE('',(#16951));
#16951 = SURFACE_STYLE_FILL_AREA(#16952);
#16952 = FILL_AREA_STYLE('',(#16953));
#16953 = FILL_AREA_STYLE_COLOUR('',#14530);
#16954 = STYLED_ITEM('color',(#16955),#3816);
#16955 = PRESENTATION_STYLE_ASSIGNMENT((#16956));
#16956 = SURFACE_STYLE_USAGE(.BOTH.,#16957);
#16957 = SURFACE_SIDE_STYLE('',(#16958));
#16958 = SURFACE_STYLE_FILL_AREA(#16959);
#16959 = FILL_AREA_STYLE('',(#16960));
#16960 = FILL_AREA_STYLE_COLOUR('',#14530);
#16961 = STYLED_ITEM('color',(#16962),#3828);
#16962 = PRESENTATION_STYLE_ASSIGNMENT((#16963));
#16963 = SURFACE_STYLE_USAGE(.BOTH.,#16964);
#16964 = SURFACE_SIDE_STYLE('',(#16965));
#16965 = SURFACE_STYLE_FILL_AREA(#16966);
#16966 = FILL_AREA_STYLE('',(#16967));
#16967 = FILL_AREA_STYLE_COLOUR('',#14530);
#16968 = STYLED_ITEM('color',(#16969),#3845);
#16969 = PRESENTATION_STYLE_ASSIGNMENT((#16970));
#16970 = SURFACE_STYLE_USAGE(.BOTH.,#16971);
#16971 = SURFACE_SIDE_STYLE('',(#16972));
#16972 = SURFACE_STYLE_FILL_AREA(#16973);
#16973 = FILL_AREA_STYLE('',(#16974));
#16974 = FILL_AREA_STYLE_COLOUR('',#14530);
#16975 = STYLED_ITEM('color',(#16976),#3857);
#16976 = PRESENTATION_STYLE_ASSIGNMENT((#16977));
#16977 = SURFACE_STYLE_USAGE(.BOTH.,#16978);
#16978 = SURFACE_SIDE_STYLE('',(#16979));
#16979 = SURFACE_STYLE_FILL_AREA(#16980);
#16980 = FILL_AREA_STYLE('',(#16981));
#16981 = FILL_AREA_STYLE_COLOUR('',#14530);
#16982 = STYLED_ITEM('color',(#16983),#3874);
#16983 = PRESENTATION_STYLE_ASSIGNMENT((#16984));
#16984 = SURFACE_STYLE_USAGE(.BOTH.,#16985);
#16985 = SURFACE_SIDE_STYLE('',(#16986));
#16986 = SURFACE_STYLE_FILL_AREA(#16987);
#16987 = FILL_AREA_STYLE('',(#16988));
#16988 = FILL_AREA_STYLE_COLOUR('',#14530);
#16989 = STYLED_ITEM('color',(#16990),#3886);
#16990 = PRESENTATION_STYLE_ASSIGNMENT((#16991));
#16991 = SURFACE_STYLE_USAGE(.BOTH.,#16992);
#16992 = SURFACE_SIDE_STYLE('',(#16993));
#16993 = SURFACE_STYLE_FILL_AREA(#16994);
#16994 = FILL_AREA_STYLE('',(#16995));
#16995 = FILL_AREA_STYLE_COLOUR('',#14530);
#16996 = STYLED_ITEM('color',(#16997),#3903);
#16997 = PRESENTATION_STYLE_ASSIGNMENT((#16998));
#16998 = SURFACE_STYLE_USAGE(.BOTH.,#16999);
#16999 = SURFACE_SIDE_STYLE('',(#17000));
#17000 = SURFACE_STYLE_FILL_AREA(#17001);
#17001 = FILL_AREA_STYLE('',(#17002));
#17002 = FILL_AREA_STYLE_COLOUR('',#14530);
#17003 = STYLED_ITEM('color',(#17004),#3915);
#17004 = PRESENTATION_STYLE_ASSIGNMENT((#17005));
#17005 = SURFACE_STYLE_USAGE(.BOTH.,#17006);
#17006 = SURFACE_SIDE_STYLE('',(#17007));
#17007 = SURFACE_STYLE_FILL_AREA(#17008);
#17008 = FILL_AREA_STYLE('',(#17009));
#17009 = FILL_AREA_STYLE_COLOUR('',#14530);
#17010 = STYLED_ITEM('color',(#17011),#3932);
#17011 = PRESENTATION_STYLE_ASSIGNMENT((#17012));
#17012 = SURFACE_STYLE_USAGE(.BOTH.,#17013);
#17013 = SURFACE_SIDE_STYLE('',(#17014));
#17014 = SURFACE_STYLE_FILL_AREA(#17015);
#17015 = FILL_AREA_STYLE('',(#17016));
#17016 = FILL_AREA_STYLE_COLOUR('',#14530);
#17017 = STYLED_ITEM('color',(#17018),#3944);
#17018 = PRESENTATION_STYLE_ASSIGNMENT((#17019));
#17019 = SURFACE_STYLE_USAGE(.BOTH.,#17020);
#17020 = SURFACE_SIDE_STYLE('',(#17021));
#17021 = SURFACE_STYLE_FILL_AREA(#17022);
#17022 = FILL_AREA_STYLE('',(#17023));
#17023 = FILL_AREA_STYLE_COLOUR('',#14530);
#17024 = STYLED_ITEM('color',(#17025),#3961);
#17025 = PRESENTATION_STYLE_ASSIGNMENT((#17026));
#17026 = SURFACE_STYLE_USAGE(.BOTH.,#17027);
#17027 = SURFACE_SIDE_STYLE('',(#17028));
#17028 = SURFACE_STYLE_FILL_AREA(#17029);
#17029 = FILL_AREA_STYLE('',(#17030));
#17030 = FILL_AREA_STYLE_COLOUR('',#14530);
#17031 = STYLED_ITEM('color',(#17032),#3978);
#17032 = PRESENTATION_STYLE_ASSIGNMENT((#17033));
#17033 = SURFACE_STYLE_USAGE(.BOTH.,#17034);
#17034 = SURFACE_SIDE_STYLE('',(#17035));
#17035 = SURFACE_STYLE_FILL_AREA(#17036);
#17036 = FILL_AREA_STYLE('',(#17037));
#17037 = FILL_AREA_STYLE_COLOUR('',#14530);
#17038 = STYLED_ITEM('color',(#17039),#3995);
#17039 = PRESENTATION_STYLE_ASSIGNMENT((#17040));
#17040 = SURFACE_STYLE_USAGE(.BOTH.,#17041);
#17041 = SURFACE_SIDE_STYLE('',(#17042));
#17042 = SURFACE_STYLE_FILL_AREA(#17043);
#17043 = FILL_AREA_STYLE('',(#17044));
#17044 = FILL_AREA_STYLE_COLOUR('',#14530);
#17045 = STYLED_ITEM('color',(#17046),#4007);
#17046 = PRESENTATION_STYLE_ASSIGNMENT((#17047));
#17047 = SURFACE_STYLE_USAGE(.BOTH.,#17048);
#17048 = SURFACE_SIDE_STYLE('',(#17049));
#17049 = SURFACE_STYLE_FILL_AREA(#17050);
#17050 = FILL_AREA_STYLE('',(#17051));
#17051 = FILL_AREA_STYLE_COLOUR('',#14530);
#17052 = STYLED_ITEM('color',(#17053),#4024);
#17053 = PRESENTATION_STYLE_ASSIGNMENT((#17054));
#17054 = SURFACE_STYLE_USAGE(.BOTH.,#17055);
#17055 = SURFACE_SIDE_STYLE('',(#17056));
#17056 = SURFACE_STYLE_FILL_AREA(#17057);
#17057 = FILL_AREA_STYLE('',(#17058));
#17058 = FILL_AREA_STYLE_COLOUR('',#14530);
#17059 = STYLED_ITEM('color',(#17060),#4036);
#17060 = PRESENTATION_STYLE_ASSIGNMENT((#17061));
#17061 = SURFACE_STYLE_USAGE(.BOTH.,#17062);
#17062 = SURFACE_SIDE_STYLE('',(#17063));
#17063 = SURFACE_STYLE_FILL_AREA(#17064);
#17064 = FILL_AREA_STYLE('',(#17065));
#17065 = FILL_AREA_STYLE_COLOUR('',#14530);
#17066 = STYLED_ITEM('color',(#17067),#4053);
#17067 = PRESENTATION_STYLE_ASSIGNMENT((#17068));
#17068 = SURFACE_STYLE_USAGE(.BOTH.,#17069);
#17069 = SURFACE_SIDE_STYLE('',(#17070));
#17070 = SURFACE_STYLE_FILL_AREA(#17071);
#17071 = FILL_AREA_STYLE('',(#17072));
#17072 = FILL_AREA_STYLE_COLOUR('',#14530);
#17073 = STYLED_ITEM('color',(#17074),#4065);
#17074 = PRESENTATION_STYLE_ASSIGNMENT((#17075));
#17075 = SURFACE_STYLE_USAGE(.BOTH.,#17076);
#17076 = SURFACE_SIDE_STYLE('',(#17077));
#17077 = SURFACE_STYLE_FILL_AREA(#17078);
#17078 = FILL_AREA_STYLE('',(#17079));
#17079 = FILL_AREA_STYLE_COLOUR('',#14530);
#17080 = STYLED_ITEM('color',(#17081),#4082);
#17081 = PRESENTATION_STYLE_ASSIGNMENT((#17082));
#17082 = SURFACE_STYLE_USAGE(.BOTH.,#17083);
#17083 = SURFACE_SIDE_STYLE('',(#17084));
#17084 = SURFACE_STYLE_FILL_AREA(#17085);
#17085 = FILL_AREA_STYLE('',(#17086));
#17086 = FILL_AREA_STYLE_COLOUR('',#14530);
#17087 = STYLED_ITEM('color',(#17088),#4094);
#17088 = PRESENTATION_STYLE_ASSIGNMENT((#17089));
#17089 = SURFACE_STYLE_USAGE(.BOTH.,#17090);
#17090 = SURFACE_SIDE_STYLE('',(#17091));
#17091 = SURFACE_STYLE_FILL_AREA(#17092);
#17092 = FILL_AREA_STYLE('',(#17093));
#17093 = FILL_AREA_STYLE_COLOUR('',#17094);
#17094 = COLOUR_RGB('',0.690999977303,0.663999984767,0.597999987832);
#17095 = STYLED_ITEM('color',(#17096),#4119);
#17096 = PRESENTATION_STYLE_ASSIGNMENT((#17097));
#17097 = SURFACE_STYLE_USAGE(.BOTH.,#17098);
#17098 = SURFACE_SIDE_STYLE('',(#17099));
#17099 = SURFACE_STYLE_FILL_AREA(#17100);
#17100 = FILL_AREA_STYLE('',(#17101));
#17101 = FILL_AREA_STYLE_COLOUR('',#17094);
#17102 = MECHANICAL_DESIGN_GEOMETRIC_PRESENTATION_REPRESENTATION('',(
    #17103,#17113,#17122,#17131,#17140,#17149,#17158,#17167,#17176,
    #17185,#17194,#17203,#17212,#17221,#17230,#17239,#17248,#17257,
    #17266,#17275,#17284,#17293,#17302,#17311,#17320,#17329,#17338,
    #17347,#17356,#17365,#17374,#17383,#17392,#17401,#17410,#17419,
    #17428,#17437,#17446,#17455,#17464,#17473,#17482,#17491,#17500,
    #17509,#17518,#17527,#17536,#17545,#17554,#17563,#17572,#17581,
    #17590,#17599,#17608,#17617,#17626,#17635,#17644,#17653,#17662,
    #17671,#17680,#17689,#17698,#17707,#17716,#17725,#17734,#17743,
    #17752,#17761,#17770,#17779,#17788,#17797,#17806,#17815,#17824,
    #17833,#17842,#17851,#17860,#17869,#17878,#17887,#17896,#17905,
    #17914,#17923,#17932,#17941,#17950,#17959,#17968,#17977,#17986,
    #17995,#18004,#18013),#13561);
#17103 = STYLED_ITEM('color',(#17104),#10494);
#17104 = PRESENTATION_STYLE_ASSIGNMENT((#17105,#17111));
#17105 = SURFACE_STYLE_USAGE(.BOTH.,#17106);
#17106 = SURFACE_SIDE_STYLE('',(#17107));
#17107 = SURFACE_STYLE_FILL_AREA(#17108);
#17108 = FILL_AREA_STYLE('',(#17109));
#17109 = FILL_AREA_STYLE_COLOUR('',#17110);
#17110 = COLOUR_RGB('',0.147999998088,0.145000001626,0.145000001626);
#17111 = CURVE_STYLE('',#17112,POSITIVE_LENGTH_MEASURE(0.1),#17110);
#17112 = DRAUGHTING_PRE_DEFINED_CURVE_FONT('continuous');
#17113 = STYLED_ITEM('color',(#17114),#10532);
#17114 = PRESENTATION_STYLE_ASSIGNMENT((#17115,#17120));
#17115 = SURFACE_STYLE_USAGE(.BOTH.,#17116);
#17116 = SURFACE_SIDE_STYLE('',(#17117));
#17117 = SURFACE_STYLE_FILL_AREA(#17118);
#17118 = FILL_AREA_STYLE('',(#17119));
#17119 = FILL_AREA_STYLE_COLOUR('',#17110);
#17120 = CURVE_STYLE('',#17121,POSITIVE_LENGTH_MEASURE(0.1),#17110);
#17121 = DRAUGHTING_PRE_DEFINED_CURVE_FONT('continuous');
#17122 = STYLED_ITEM('color',(#17123),#10595);
#17123 = PRESENTATION_STYLE_ASSIGNMENT((#17124,#17129));
#17124 = SURFACE_STYLE_USAGE(.BOTH.,#17125);
#17125 = SURFACE_SIDE_STYLE('',(#17126));
#17126 = SURFACE_STYLE_FILL_AREA(#17127);
#17127 = FILL_AREA_STYLE('',(#17128));
#17128 = FILL_AREA_STYLE_COLOUR('',#17110);
#17129 = CURVE_STYLE('',#17130,POSITIVE_LENGTH_MEASURE(0.1),#17110);
#17130 = DRAUGHTING_PRE_DEFINED_CURVE_FONT('continuous');
#17131 = STYLED_ITEM('color',(#17132),#10618);
#17132 = PRESENTATION_STYLE_ASSIGNMENT((#17133,#17138));
#17133 = SURFACE_STYLE_USAGE(.BOTH.,#17134);
#17134 = SURFACE_SIDE_STYLE('',(#17135));
#17135 = SURFACE_STYLE_FILL_AREA(#17136);
#17136 = FILL_AREA_STYLE('',(#17137));
#17137 = FILL_AREA_STYLE_COLOUR('',#17110);
#17138 = CURVE_STYLE('',#17139,POSITIVE_LENGTH_MEASURE(0.1),#17110);
#17139 = DRAUGHTING_PRE_DEFINED_CURVE_FONT('continuous');
#17140 = STYLED_ITEM('color',(#17141),#10647);
#17141 = PRESENTATION_STYLE_ASSIGNMENT((#17142,#17147));
#17142 = SURFACE_STYLE_USAGE(.BOTH.,#17143);
#17143 = SURFACE_SIDE_STYLE('',(#17144));
#17144 = SURFACE_STYLE_FILL_AREA(#17145);
#17145 = FILL_AREA_STYLE('',(#17146));
#17146 = FILL_AREA_STYLE_COLOUR('',#17110);
#17147 = CURVE_STYLE('',#17148,POSITIVE_LENGTH_MEASURE(0.1),#17110);
#17148 = DRAUGHTING_PRE_DEFINED_CURVE_FONT('continuous');
#17149 = STYLED_ITEM('color',(#17150),#10670);
#17150 = PRESENTATION_STYLE_ASSIGNMENT((#17151,#17156));
#17151 = SURFACE_STYLE_USAGE(.BOTH.,#17152);
#17152 = SURFACE_SIDE_STYLE('',(#17153));
#17153 = SURFACE_STYLE_FILL_AREA(#17154);
#17154 = FILL_AREA_STYLE('',(#17155));
#17155 = FILL_AREA_STYLE_COLOUR('',#17110);
#17156 = CURVE_STYLE('',#17157,POSITIVE_LENGTH_MEASURE(0.1),#17110);
#17157 = DRAUGHTING_PRE_DEFINED_CURVE_FONT('continuous');
#17158 = STYLED_ITEM('color',(#17159),#10741);
#17159 = PRESENTATION_STYLE_ASSIGNMENT((#17160,#17165));
#17160 = SURFACE_STYLE_USAGE(.BOTH.,#17161);
#17161 = SURFACE_SIDE_STYLE('',(#17162));
#17162 = SURFACE_STYLE_FILL_AREA(#17163);
#17163 = FILL_AREA_STYLE('',(#17164));
#17164 = FILL_AREA_STYLE_COLOUR('',#17110);
#17165 = CURVE_STYLE('',#17166,POSITIVE_LENGTH_MEASURE(0.1),#17110);
#17166 = DRAUGHTING_PRE_DEFINED_CURVE_FONT('continuous');
#17167 = STYLED_ITEM('color',(#17168),#10796);
#17168 = PRESENTATION_STYLE_ASSIGNMENT((#17169,#17174));
#17169 = SURFACE_STYLE_USAGE(.BOTH.,#17170);
#17170 = SURFACE_SIDE_STYLE('',(#17171));
#17171 = SURFACE_STYLE_FILL_AREA(#17172);
#17172 = FILL_AREA_STYLE('',(#17173));
#17173 = FILL_AREA_STYLE_COLOUR('',#17110);
#17174 = CURVE_STYLE('',#17175,POSITIVE_LENGTH_MEASURE(0.1),#17110);
#17175 = DRAUGHTING_PRE_DEFINED_CURVE_FONT('continuous');
#17176 = STYLED_ITEM('color',(#17177),#10819);
#17177 = PRESENTATION_STYLE_ASSIGNMENT((#17178,#17183));
#17178 = SURFACE_STYLE_USAGE(.BOTH.,#17179);
#17179 = SURFACE_SIDE_STYLE('',(#17180));
#17180 = SURFACE_STYLE_FILL_AREA(#17181);
#17181 = FILL_AREA_STYLE('',(#17182));
#17182 = FILL_AREA_STYLE_COLOUR('',#17110);
#17183 = CURVE_STYLE('',#17184,POSITIVE_LENGTH_MEASURE(0.1),#17110);
#17184 = DRAUGHTING_PRE_DEFINED_CURVE_FONT('continuous');
#17185 = STYLED_ITEM('color',(#17186),#10842);
#17186 = PRESENTATION_STYLE_ASSIGNMENT((#17187,#17192));
#17187 = SURFACE_STYLE_USAGE(.BOTH.,#17188);
#17188 = SURFACE_SIDE_STYLE('',(#17189));
#17189 = SURFACE_STYLE_FILL_AREA(#17190);
#17190 = FILL_AREA_STYLE('',(#17191));
#17191 = FILL_AREA_STYLE_COLOUR('',#17110);
#17192 = CURVE_STYLE('',#17193,POSITIVE_LENGTH_MEASURE(0.1),#17110);
#17193 = DRAUGHTING_PRE_DEFINED_CURVE_FONT('continuous');
#17194 = STYLED_ITEM('color',(#17195),#10859);
#17195 = PRESENTATION_STYLE_ASSIGNMENT((#17196,#17201));
#17196 = SURFACE_STYLE_USAGE(.BOTH.,#17197);
#17197 = SURFACE_SIDE_STYLE('',(#17198));
#17198 = SURFACE_STYLE_FILL_AREA(#17199);
#17199 = FILL_AREA_STYLE('',(#17200));
#17200 = FILL_AREA_STYLE_COLOUR('',#17110);
#17201 = CURVE_STYLE('',#17202,POSITIVE_LENGTH_MEASURE(0.1),#17110);
#17202 = DRAUGHTING_PRE_DEFINED_CURVE_FONT('continuous');
#17203 = STYLED_ITEM('color',(#17204),#10882);
#17204 = PRESENTATION_STYLE_ASSIGNMENT((#17205,#17210));
#17205 = SURFACE_STYLE_USAGE(.BOTH.,#17206);
#17206 = SURFACE_SIDE_STYLE('',(#17207));
#17207 = SURFACE_STYLE_FILL_AREA(#17208);
#17208 = FILL_AREA_STYLE('',(#17209));
#17209 = FILL_AREA_STYLE_COLOUR('',#17110);
#17210 = CURVE_STYLE('',#17211,POSITIVE_LENGTH_MEASURE(0.1),#17110);
#17211 = DRAUGHTING_PRE_DEFINED_CURVE_FONT('continuous');
#17212 = STYLED_ITEM('color',(#17213),#10970);
#17213 = PRESENTATION_STYLE_ASSIGNMENT((#17214,#17219));
#17214 = SURFACE_STYLE_USAGE(.BOTH.,#17215);
#17215 = SURFACE_SIDE_STYLE('',(#17216));
#17216 = SURFACE_STYLE_FILL_AREA(#17217);
#17217 = FILL_AREA_STYLE('',(#17218));
#17218 = FILL_AREA_STYLE_COLOUR('',#17110);
#17219 = CURVE_STYLE('',#17220,POSITIVE_LENGTH_MEASURE(0.1),#17110);
#17220 = DRAUGHTING_PRE_DEFINED_CURVE_FONT('continuous');
#17221 = STYLED_ITEM('color',(#17222),#10986);
#17222 = PRESENTATION_STYLE_ASSIGNMENT((#17223,#17228));
#17223 = SURFACE_STYLE_USAGE(.BOTH.,#17224);
#17224 = SURFACE_SIDE_STYLE('',(#17225));
#17225 = SURFACE_STYLE_FILL_AREA(#17226);
#17226 = FILL_AREA_STYLE('',(#17227));
#17227 = FILL_AREA_STYLE_COLOUR('',#17110);
#17228 = CURVE_STYLE('',#17229,POSITIVE_LENGTH_MEASURE(0.1),#17110);
#17229 = DRAUGHTING_PRE_DEFINED_CURVE_FONT('continuous');
#17230 = STYLED_ITEM('color',(#17231),#11016);
#17231 = PRESENTATION_STYLE_ASSIGNMENT((#17232,#17237));
#17232 = SURFACE_STYLE_USAGE(.BOTH.,#17233);
#17233 = SURFACE_SIDE_STYLE('',(#17234));
#17234 = SURFACE_STYLE_FILL_AREA(#17235);
#17235 = FILL_AREA_STYLE('',(#17236));
#17236 = FILL_AREA_STYLE_COLOUR('',#14530);
#17237 = CURVE_STYLE('',#17238,POSITIVE_LENGTH_MEASURE(0.1),#14530);
#17238 = DRAUGHTING_PRE_DEFINED_CURVE_FONT('continuous');
#17239 = STYLED_ITEM('color',(#17240),#11047);
#17240 = PRESENTATION_STYLE_ASSIGNMENT((#17241,#17246));
#17241 = SURFACE_STYLE_USAGE(.BOTH.,#17242);
#17242 = SURFACE_SIDE_STYLE('',(#17243));
#17243 = SURFACE_STYLE_FILL_AREA(#17244);
#17244 = FILL_AREA_STYLE('',(#17245));
#17245 = FILL_AREA_STYLE_COLOUR('',#17110);
#17246 = CURVE_STYLE('',#17247,POSITIVE_LENGTH_MEASURE(0.1),#17110);
#17247 = DRAUGHTING_PRE_DEFINED_CURVE_FONT('continuous');
#17248 = STYLED_ITEM('color',(#17249),#11078);
#17249 = PRESENTATION_STYLE_ASSIGNMENT((#17250,#17255));
#17250 = SURFACE_STYLE_USAGE(.BOTH.,#17251);
#17251 = SURFACE_SIDE_STYLE('',(#17252));
#17252 = SURFACE_STYLE_FILL_AREA(#17253);
#17253 = FILL_AREA_STYLE('',(#17254));
#17254 = FILL_AREA_STYLE_COLOUR('',#14530);
#17255 = CURVE_STYLE('',#17256,POSITIVE_LENGTH_MEASURE(0.1),#14530);
#17256 = DRAUGHTING_PRE_DEFINED_CURVE_FONT('continuous');
#17257 = STYLED_ITEM('color',(#17258),#11109);
#17258 = PRESENTATION_STYLE_ASSIGNMENT((#17259,#17264));
#17259 = SURFACE_STYLE_USAGE(.BOTH.,#17260);
#17260 = SURFACE_SIDE_STYLE('',(#17261));
#17261 = SURFACE_STYLE_FILL_AREA(#17262);
#17262 = FILL_AREA_STYLE('',(#17263));
#17263 = FILL_AREA_STYLE_COLOUR('',#17110);
#17264 = CURVE_STYLE('',#17265,POSITIVE_LENGTH_MEASURE(0.1),#17110);
#17265 = DRAUGHTING_PRE_DEFINED_CURVE_FONT('continuous');
#17266 = STYLED_ITEM('color',(#17267),#11140);
#17267 = PRESENTATION_STYLE_ASSIGNMENT((#17268,#17273));
#17268 = SURFACE_STYLE_USAGE(.BOTH.,#17269);
#17269 = SURFACE_SIDE_STYLE('',(#17270));
#17270 = SURFACE_STYLE_FILL_AREA(#17271);
#17271 = FILL_AREA_STYLE('',(#17272));
#17272 = FILL_AREA_STYLE_COLOUR('',#14530);
#17273 = CURVE_STYLE('',#17274,POSITIVE_LENGTH_MEASURE(0.1),#14530);
#17274 = DRAUGHTING_PRE_DEFINED_CURVE_FONT('continuous');
#17275 = STYLED_ITEM('color',(#17276),#11171);
#17276 = PRESENTATION_STYLE_ASSIGNMENT((#17277,#17282));
#17277 = SURFACE_STYLE_USAGE(.BOTH.,#17278);
#17278 = SURFACE_SIDE_STYLE('',(#17279));
#17279 = SURFACE_STYLE_FILL_AREA(#17280);
#17280 = FILL_AREA_STYLE('',(#17281));
#17281 = FILL_AREA_STYLE_COLOUR('',#17110);
#17282 = CURVE_STYLE('',#17283,POSITIVE_LENGTH_MEASURE(0.1),#17110);
#17283 = DRAUGHTING_PRE_DEFINED_CURVE_FONT('continuous');
#17284 = STYLED_ITEM('color',(#17285),#11188);
#17285 = PRESENTATION_STYLE_ASSIGNMENT((#17286,#17291));
#17286 = SURFACE_STYLE_USAGE(.BOTH.,#17287);
#17287 = SURFACE_SIDE_STYLE('',(#17288));
#17288 = SURFACE_STYLE_FILL_AREA(#17289);
#17289 = FILL_AREA_STYLE('',(#17290));
#17290 = FILL_AREA_STYLE_COLOUR('',#17110);
#17291 = CURVE_STYLE('',#17292,POSITIVE_LENGTH_MEASURE(0.1),#17110);
#17292 = DRAUGHTING_PRE_DEFINED_CURVE_FONT('continuous');
#17293 = STYLED_ITEM('color',(#17294),#11205);
#17294 = PRESENTATION_STYLE_ASSIGNMENT((#17295,#17300));
#17295 = SURFACE_STYLE_USAGE(.BOTH.,#17296);
#17296 = SURFACE_SIDE_STYLE('',(#17297));
#17297 = SURFACE_STYLE_FILL_AREA(#17298);
#17298 = FILL_AREA_STYLE('',(#17299));
#17299 = FILL_AREA_STYLE_COLOUR('',#14530);
#17300 = CURVE_STYLE('',#17301,POSITIVE_LENGTH_MEASURE(0.1),#14530);
#17301 = DRAUGHTING_PRE_DEFINED_CURVE_FONT('continuous');
#17302 = STYLED_ITEM('color',(#17303),#11236);
#17303 = PRESENTATION_STYLE_ASSIGNMENT((#17304,#17309));
#17304 = SURFACE_STYLE_USAGE(.BOTH.,#17305);
#17305 = SURFACE_SIDE_STYLE('',(#17306));
#17306 = SURFACE_STYLE_FILL_AREA(#17307);
#17307 = FILL_AREA_STYLE('',(#17308));
#17308 = FILL_AREA_STYLE_COLOUR('',#17110);
#17309 = CURVE_STYLE('',#17310,POSITIVE_LENGTH_MEASURE(0.1),#17110);
#17310 = DRAUGHTING_PRE_DEFINED_CURVE_FONT('continuous');
#17311 = STYLED_ITEM('color',(#17312),#11267);
#17312 = PRESENTATION_STYLE_ASSIGNMENT((#17313,#17318));
#17313 = SURFACE_STYLE_USAGE(.BOTH.,#17314);
#17314 = SURFACE_SIDE_STYLE('',(#17315));
#17315 = SURFACE_STYLE_FILL_AREA(#17316);
#17316 = FILL_AREA_STYLE('',(#17317));
#17317 = FILL_AREA_STYLE_COLOUR('',#14530);
#17318 = CURVE_STYLE('',#17319,POSITIVE_LENGTH_MEASURE(0.1),#14530);
#17319 = DRAUGHTING_PRE_DEFINED_CURVE_FONT('continuous');
#17320 = STYLED_ITEM('color',(#17321),#11298);
#17321 = PRESENTATION_STYLE_ASSIGNMENT((#17322,#17327));
#17322 = SURFACE_STYLE_USAGE(.BOTH.,#17323);
#17323 = SURFACE_SIDE_STYLE('',(#17324));
#17324 = SURFACE_STYLE_FILL_AREA(#17325);
#17325 = FILL_AREA_STYLE('',(#17326));
#17326 = FILL_AREA_STYLE_COLOUR('',#17110);
#17327 = CURVE_STYLE('',#17328,POSITIVE_LENGTH_MEASURE(0.1),#17110);
#17328 = DRAUGHTING_PRE_DEFINED_CURVE_FONT('continuous');
#17329 = STYLED_ITEM('color',(#17330),#11328);
#17330 = PRESENTATION_STYLE_ASSIGNMENT((#17331,#17336));
#17331 = SURFACE_STYLE_USAGE(.BOTH.,#17332);
#17332 = SURFACE_SIDE_STYLE('',(#17333));
#17333 = SURFACE_STYLE_FILL_AREA(#17334);
#17334 = FILL_AREA_STYLE('',(#17335));
#17335 = FILL_AREA_STYLE_COLOUR('',#17110);
#17336 = CURVE_STYLE('',#17337,POSITIVE_LENGTH_MEASURE(0.1),#17110);
#17337 = DRAUGHTING_PRE_DEFINED_CURVE_FONT('continuous');
#17338 = STYLED_ITEM('color',(#17339),#11351);
#17339 = PRESENTATION_STYLE_ASSIGNMENT((#17340,#17345));
#17340 = SURFACE_STYLE_USAGE(.BOTH.,#17341);
#17341 = SURFACE_SIDE_STYLE('',(#17342));
#17342 = SURFACE_STYLE_FILL_AREA(#17343);
#17343 = FILL_AREA_STYLE('',(#17344));
#17344 = FILL_AREA_STYLE_COLOUR('',#17110);
#17345 = CURVE_STYLE('',#17346,POSITIVE_LENGTH_MEASURE(0.1),#17110);
#17346 = DRAUGHTING_PRE_DEFINED_CURVE_FONT('continuous');
#17347 = STYLED_ITEM('color',(#17348),#11374);
#17348 = PRESENTATION_STYLE_ASSIGNMENT((#17349,#17354));
#17349 = SURFACE_STYLE_USAGE(.BOTH.,#17350);
#17350 = SURFACE_SIDE_STYLE('',(#17351));
#17351 = SURFACE_STYLE_FILL_AREA(#17352);
#17352 = FILL_AREA_STYLE('',(#17353));
#17353 = FILL_AREA_STYLE_COLOUR('',#17110);
#17354 = CURVE_STYLE('',#17355,POSITIVE_LENGTH_MEASURE(0.1),#17110);
#17355 = DRAUGHTING_PRE_DEFINED_CURVE_FONT('continuous');
#17356 = STYLED_ITEM('color',(#17357),#11391);
#17357 = PRESENTATION_STYLE_ASSIGNMENT((#17358,#17363));
#17358 = SURFACE_STYLE_USAGE(.BOTH.,#17359);
#17359 = SURFACE_SIDE_STYLE('',(#17360));
#17360 = SURFACE_STYLE_FILL_AREA(#17361);
#17361 = FILL_AREA_STYLE('',(#17362));
#17362 = FILL_AREA_STYLE_COLOUR('',#14530);
#17363 = CURVE_STYLE('',#17364,POSITIVE_LENGTH_MEASURE(0.1),#14530);
#17364 = DRAUGHTING_PRE_DEFINED_CURVE_FONT('continuous');
#17365 = STYLED_ITEM('color',(#17366),#11436);
#17366 = PRESENTATION_STYLE_ASSIGNMENT((#17367,#17372));
#17367 = SURFACE_STYLE_USAGE(.BOTH.,#17368);
#17368 = SURFACE_SIDE_STYLE('',(#17369));
#17369 = SURFACE_STYLE_FILL_AREA(#17370);
#17370 = FILL_AREA_STYLE('',(#17371));
#17371 = FILL_AREA_STYLE_COLOUR('',#17110);
#17372 = CURVE_STYLE('',#17373,POSITIVE_LENGTH_MEASURE(0.1),#17110);
#17373 = DRAUGHTING_PRE_DEFINED_CURVE_FONT('continuous');
#17374 = STYLED_ITEM('color',(#17375),#11506);
#17375 = PRESENTATION_STYLE_ASSIGNMENT((#17376,#17381));
#17376 = SURFACE_STYLE_USAGE(.BOTH.,#17377);
#17377 = SURFACE_SIDE_STYLE('',(#17378));
#17378 = SURFACE_STYLE_FILL_AREA(#17379);
#17379 = FILL_AREA_STYLE('',(#17380));
#17380 = FILL_AREA_STYLE_COLOUR('',#17110);
#17381 = CURVE_STYLE('',#17382,POSITIVE_LENGTH_MEASURE(0.1),#17110);
#17382 = DRAUGHTING_PRE_DEFINED_CURVE_FONT('continuous');
#17383 = STYLED_ITEM('color',(#17384),#11529);
#17384 = PRESENTATION_STYLE_ASSIGNMENT((#17385,#17390));
#17385 = SURFACE_STYLE_USAGE(.BOTH.,#17386);
#17386 = SURFACE_SIDE_STYLE('',(#17387));
#17387 = SURFACE_STYLE_FILL_AREA(#17388);
#17388 = FILL_AREA_STYLE('',(#17389));
#17389 = FILL_AREA_STYLE_COLOUR('',#17110);
#17390 = CURVE_STYLE('',#17391,POSITIVE_LENGTH_MEASURE(0.1),#17110);
#17391 = DRAUGHTING_PRE_DEFINED_CURVE_FONT('continuous');
#17392 = STYLED_ITEM('color',(#17393),#11552);
#17393 = PRESENTATION_STYLE_ASSIGNMENT((#17394,#17399));
#17394 = SURFACE_STYLE_USAGE(.BOTH.,#17395);
#17395 = SURFACE_SIDE_STYLE('',(#17396));
#17396 = SURFACE_STYLE_FILL_AREA(#17397);
#17397 = FILL_AREA_STYLE('',(#17398));
#17398 = FILL_AREA_STYLE_COLOUR('',#17110);
#17399 = CURVE_STYLE('',#17400,POSITIVE_LENGTH_MEASURE(0.1),#17110);
#17400 = DRAUGHTING_PRE_DEFINED_CURVE_FONT('continuous');
#17401 = STYLED_ITEM('color',(#17402),#11575);
#17402 = PRESENTATION_STYLE_ASSIGNMENT((#17403,#17408));
#17403 = SURFACE_STYLE_USAGE(.BOTH.,#17404);
#17404 = SURFACE_SIDE_STYLE('',(#17405));
#17405 = SURFACE_STYLE_FILL_AREA(#17406);
#17406 = FILL_AREA_STYLE('',(#17407));
#17407 = FILL_AREA_STYLE_COLOUR('',#17110);
#17408 = CURVE_STYLE('',#17409,POSITIVE_LENGTH_MEASURE(0.1),#17110);
#17409 = DRAUGHTING_PRE_DEFINED_CURVE_FONT('continuous');
#17410 = STYLED_ITEM('color',(#17411),#11630);
#17411 = PRESENTATION_STYLE_ASSIGNMENT((#17412,#17417));
#17412 = SURFACE_STYLE_USAGE(.BOTH.,#17413);
#17413 = SURFACE_SIDE_STYLE('',(#17414));
#17414 = SURFACE_STYLE_FILL_AREA(#17415);
#17415 = FILL_AREA_STYLE('',(#17416));
#17416 = FILL_AREA_STYLE_COLOUR('',#14530);
#17417 = CURVE_STYLE('',#17418,POSITIVE_LENGTH_MEASURE(0.1),#14530);
#17418 = DRAUGHTING_PRE_DEFINED_CURVE_FONT('continuous');
#17419 = STYLED_ITEM('color',(#17420),#11668);
#17420 = PRESENTATION_STYLE_ASSIGNMENT((#17421,#17426));
#17421 = SURFACE_STYLE_USAGE(.BOTH.,#17422);
#17422 = SURFACE_SIDE_STYLE('',(#17423));
#17423 = SURFACE_STYLE_FILL_AREA(#17424);
#17424 = FILL_AREA_STYLE('',(#17425));
#17425 = FILL_AREA_STYLE_COLOUR('',#17110);
#17426 = CURVE_STYLE('',#17427,POSITIVE_LENGTH_MEASURE(0.1),#17110);
#17427 = DRAUGHTING_PRE_DEFINED_CURVE_FONT('continuous');
#17428 = STYLED_ITEM('color',(#17429),#11717);
#17429 = PRESENTATION_STYLE_ASSIGNMENT((#17430,#17435));
#17430 = SURFACE_STYLE_USAGE(.BOTH.,#17431);
#17431 = SURFACE_SIDE_STYLE('',(#17432));
#17432 = SURFACE_STYLE_FILL_AREA(#17433);
#17433 = FILL_AREA_STYLE('',(#17434));
#17434 = FILL_AREA_STYLE_COLOUR('',#14530);
#17435 = CURVE_STYLE('',#17436,POSITIVE_LENGTH_MEASURE(0.1),#14530);
#17436 = DRAUGHTING_PRE_DEFINED_CURVE_FONT('continuous');
#17437 = STYLED_ITEM('color',(#17438),#11809);
#17438 = PRESENTATION_STYLE_ASSIGNMENT((#17439,#17444));
#17439 = SURFACE_STYLE_USAGE(.BOTH.,#17440);
#17440 = SURFACE_SIDE_STYLE('',(#17441));
#17441 = SURFACE_STYLE_FILL_AREA(#17442);
#17442 = FILL_AREA_STYLE('',(#17443));
#17443 = FILL_AREA_STYLE_COLOUR('',#14530);
#17444 = CURVE_STYLE('',#17445,POSITIVE_LENGTH_MEASURE(0.1),#14530);
#17445 = DRAUGHTING_PRE_DEFINED_CURVE_FONT('continuous');
#17446 = STYLED_ITEM('color',(#17447),#11834);
#17447 = PRESENTATION_STYLE_ASSIGNMENT((#17448,#17453));
#17448 = SURFACE_STYLE_USAGE(.BOTH.,#17449);
#17449 = SURFACE_SIDE_STYLE('',(#17450));
#17450 = SURFACE_STYLE_FILL_AREA(#17451);
#17451 = FILL_AREA_STYLE('',(#17452));
#17452 = FILL_AREA_STYLE_COLOUR('',#14530);
#17453 = CURVE_STYLE('',#17454,POSITIVE_LENGTH_MEASURE(0.1),#14530);
#17454 = DRAUGHTING_PRE_DEFINED_CURVE_FONT('continuous');
#17455 = STYLED_ITEM('color',(#17456),#11918);
#17456 = PRESENTATION_STYLE_ASSIGNMENT((#17457,#17462));
#17457 = SURFACE_STYLE_USAGE(.BOTH.,#17458);
#17458 = SURFACE_SIDE_STYLE('',(#17459));
#17459 = SURFACE_STYLE_FILL_AREA(#17460);
#17460 = FILL_AREA_STYLE('',(#17461));
#17461 = FILL_AREA_STYLE_COLOUR('',#17110);
#17462 = CURVE_STYLE('',#17463,POSITIVE_LENGTH_MEASURE(0.1),#17110);
#17463 = DRAUGHTING_PRE_DEFINED_CURVE_FONT('continuous');
#17464 = STYLED_ITEM('color',(#17465),#11940);
#17465 = PRESENTATION_STYLE_ASSIGNMENT((#17466,#17471));
#17466 = SURFACE_STYLE_USAGE(.BOTH.,#17467);
#17467 = SURFACE_SIDE_STYLE('',(#17468));
#17468 = SURFACE_STYLE_FILL_AREA(#17469);
#17469 = FILL_AREA_STYLE('',(#17470));
#17470 = FILL_AREA_STYLE_COLOUR('',#14530);
#17471 = CURVE_STYLE('',#17472,POSITIVE_LENGTH_MEASURE(0.1),#14530);
#17472 = DRAUGHTING_PRE_DEFINED_CURVE_FONT('continuous');
#17473 = STYLED_ITEM('color',(#17474),#12032);
#17474 = PRESENTATION_STYLE_ASSIGNMENT((#17475,#17480));
#17475 = SURFACE_STYLE_USAGE(.BOTH.,#17476);
#17476 = SURFACE_SIDE_STYLE('',(#17477));
#17477 = SURFACE_STYLE_FILL_AREA(#17478);
#17478 = FILL_AREA_STYLE('',(#17479));
#17479 = FILL_AREA_STYLE_COLOUR('',#14530);
#17480 = CURVE_STYLE('',#17481,POSITIVE_LENGTH_MEASURE(0.1),#14530);
#17481 = DRAUGHTING_PRE_DEFINED_CURVE_FONT('continuous');
#17482 = STYLED_ITEM('color',(#17483),#12057);
#17483 = PRESENTATION_STYLE_ASSIGNMENT((#17484,#17489));
#17484 = SURFACE_STYLE_USAGE(.BOTH.,#17485);
#17485 = SURFACE_SIDE_STYLE('',(#17486));
#17486 = SURFACE_STYLE_FILL_AREA(#17487);
#17487 = FILL_AREA_STYLE('',(#17488));
#17488 = FILL_AREA_STYLE_COLOUR('',#14530);
#17489 = CURVE_STYLE('',#17490,POSITIVE_LENGTH_MEASURE(0.1),#14530);
#17490 = DRAUGHTING_PRE_DEFINED_CURVE_FONT('continuous');
#17491 = STYLED_ITEM('color',(#17492),#12141);
#17492 = PRESENTATION_STYLE_ASSIGNMENT((#17493,#17498));
#17493 = SURFACE_STYLE_USAGE(.BOTH.,#17494);
#17494 = SURFACE_SIDE_STYLE('',(#17495));
#17495 = SURFACE_STYLE_FILL_AREA(#17496);
#17496 = FILL_AREA_STYLE('',(#17497));
#17497 = FILL_AREA_STYLE_COLOUR('',#17110);
#17498 = CURVE_STYLE('',#17499,POSITIVE_LENGTH_MEASURE(0.1),#17110);
#17499 = DRAUGHTING_PRE_DEFINED_CURVE_FONT('continuous');
#17500 = STYLED_ITEM('color',(#17501),#12158);
#17501 = PRESENTATION_STYLE_ASSIGNMENT((#17502,#17507));
#17502 = SURFACE_STYLE_USAGE(.BOTH.,#17503);
#17503 = SURFACE_SIDE_STYLE('',(#17504));
#17504 = SURFACE_STYLE_FILL_AREA(#17505);
#17505 = FILL_AREA_STYLE('',(#17506));
#17506 = FILL_AREA_STYLE_COLOUR('',#14530);
#17507 = CURVE_STYLE('',#17508,POSITIVE_LENGTH_MEASURE(0.1),#14530);
#17508 = DRAUGHTING_PRE_DEFINED_CURVE_FONT('continuous');
#17509 = STYLED_ITEM('color',(#17510),#12243);
#17510 = PRESENTATION_STYLE_ASSIGNMENT((#17511,#17516));
#17511 = SURFACE_STYLE_USAGE(.BOTH.,#17512);
#17512 = SURFACE_SIDE_STYLE('',(#17513));
#17513 = SURFACE_STYLE_FILL_AREA(#17514);
#17514 = FILL_AREA_STYLE('',(#17515));
#17515 = FILL_AREA_STYLE_COLOUR('',#14530);
#17516 = CURVE_STYLE('',#17517,POSITIVE_LENGTH_MEASURE(0.1),#14530);
#17517 = DRAUGHTING_PRE_DEFINED_CURVE_FONT('continuous');
#17518 = STYLED_ITEM('color',(#17519),#12268);
#17519 = PRESENTATION_STYLE_ASSIGNMENT((#17520,#17525));
#17520 = SURFACE_STYLE_USAGE(.BOTH.,#17521);
#17521 = SURFACE_SIDE_STYLE('',(#17522));
#17522 = SURFACE_STYLE_FILL_AREA(#17523);
#17523 = FILL_AREA_STYLE('',(#17524));
#17524 = FILL_AREA_STYLE_COLOUR('',#14530);
#17525 = CURVE_STYLE('',#17526,POSITIVE_LENGTH_MEASURE(0.1),#14530);
#17526 = DRAUGHTING_PRE_DEFINED_CURVE_FONT('continuous');
#17527 = STYLED_ITEM('color',(#17528),#12345);
#17528 = PRESENTATION_STYLE_ASSIGNMENT((#17529,#17534));
#17529 = SURFACE_STYLE_USAGE(.BOTH.,#17530);
#17530 = SURFACE_SIDE_STYLE('',(#17531));
#17531 = SURFACE_STYLE_FILL_AREA(#17532);
#17532 = FILL_AREA_STYLE('',(#17533));
#17533 = FILL_AREA_STYLE_COLOUR('',#14530);
#17534 = CURVE_STYLE('',#17535,POSITIVE_LENGTH_MEASURE(0.1),#14530);
#17535 = DRAUGHTING_PRE_DEFINED_CURVE_FONT('continuous');
#17536 = STYLED_ITEM('color',(#17537),#12430);
#17537 = PRESENTATION_STYLE_ASSIGNMENT((#17538,#17543));
#17538 = SURFACE_STYLE_USAGE(.BOTH.,#17539);
#17539 = SURFACE_SIDE_STYLE('',(#17540));
#17540 = SURFACE_STYLE_FILL_AREA(#17541);
#17541 = FILL_AREA_STYLE('',(#17542));
#17542 = FILL_AREA_STYLE_COLOUR('',#14530);
#17543 = CURVE_STYLE('',#17544,POSITIVE_LENGTH_MEASURE(0.1),#14530);
#17544 = DRAUGHTING_PRE_DEFINED_CURVE_FONT('continuous');
#17545 = STYLED_ITEM('color',(#17546),#12455);
#17546 = PRESENTATION_STYLE_ASSIGNMENT((#17547,#17552));
#17547 = SURFACE_STYLE_USAGE(.BOTH.,#17548);
#17548 = SURFACE_SIDE_STYLE('',(#17549));
#17549 = SURFACE_STYLE_FILL_AREA(#17550);
#17550 = FILL_AREA_STYLE('',(#17551));
#17551 = FILL_AREA_STYLE_COLOUR('',#14530);
#17552 = CURVE_STYLE('',#17553,POSITIVE_LENGTH_MEASURE(0.1),#14530);
#17553 = DRAUGHTING_PRE_DEFINED_CURVE_FONT('continuous');
#17554 = STYLED_ITEM('color',(#17555),#12532);
#17555 = PRESENTATION_STYLE_ASSIGNMENT((#17556,#17561));
#17556 = SURFACE_STYLE_USAGE(.BOTH.,#17557);
#17557 = SURFACE_SIDE_STYLE('',(#17558));
#17558 = SURFACE_STYLE_FILL_AREA(#17559);
#17559 = FILL_AREA_STYLE('',(#17560));
#17560 = FILL_AREA_STYLE_COLOUR('',#17110);
#17561 = CURVE_STYLE('',#17562,POSITIVE_LENGTH_MEASURE(0.1),#17110);
#17562 = DRAUGHTING_PRE_DEFINED_CURVE_FONT('continuous');
#17563 = STYLED_ITEM('color',(#17564),#12549);
#17564 = PRESENTATION_STYLE_ASSIGNMENT((#17565,#17570));
#17565 = SURFACE_STYLE_USAGE(.BOTH.,#17566);
#17566 = SURFACE_SIDE_STYLE('',(#17567));
#17567 = SURFACE_STYLE_FILL_AREA(#17568);
#17568 = FILL_AREA_STYLE('',(#17569));
#17569 = FILL_AREA_STYLE_COLOUR('',#14530);
#17570 = CURVE_STYLE('',#17571,POSITIVE_LENGTH_MEASURE(0.1),#14530);
#17571 = DRAUGHTING_PRE_DEFINED_CURVE_FONT('continuous');
#17572 = STYLED_ITEM('color',(#17573),#12641);
#17573 = PRESENTATION_STYLE_ASSIGNMENT((#17574,#17579));
#17574 = SURFACE_STYLE_USAGE(.BOTH.,#17575);
#17575 = SURFACE_SIDE_STYLE('',(#17576));
#17576 = SURFACE_STYLE_FILL_AREA(#17577);
#17577 = FILL_AREA_STYLE('',(#17578));
#17578 = FILL_AREA_STYLE_COLOUR('',#14530);
#17579 = CURVE_STYLE('',#17580,POSITIVE_LENGTH_MEASURE(0.1),#14530);
#17580 = DRAUGHTING_PRE_DEFINED_CURVE_FONT('continuous');
#17581 = STYLED_ITEM('color',(#17582),#12666);
#17582 = PRESENTATION_STYLE_ASSIGNMENT((#17583,#17588));
#17583 = SURFACE_STYLE_USAGE(.BOTH.,#17584);
#17584 = SURFACE_SIDE_STYLE('',(#17585));
#17585 = SURFACE_STYLE_FILL_AREA(#17586);
#17586 = FILL_AREA_STYLE('',(#17587));
#17587 = FILL_AREA_STYLE_COLOUR('',#14530);
#17588 = CURVE_STYLE('',#17589,POSITIVE_LENGTH_MEASURE(0.1),#14530);
#17589 = DRAUGHTING_PRE_DEFINED_CURVE_FONT('continuous');
#17590 = STYLED_ITEM('color',(#17591),#12750);
#17591 = PRESENTATION_STYLE_ASSIGNMENT((#17592,#17597));
#17592 = SURFACE_STYLE_USAGE(.BOTH.,#17593);
#17593 = SURFACE_SIDE_STYLE('',(#17594));
#17594 = SURFACE_STYLE_FILL_AREA(#17595);
#17595 = FILL_AREA_STYLE('',(#17596));
#17596 = FILL_AREA_STYLE_COLOUR('',#14530);
#17597 = CURVE_STYLE('',#17598,POSITIVE_LENGTH_MEASURE(0.1),#14530);
#17598 = DRAUGHTING_PRE_DEFINED_CURVE_FONT('continuous');
#17599 = STYLED_ITEM('color',(#17600),#12767);
#17600 = PRESENTATION_STYLE_ASSIGNMENT((#17601,#17606));
#17601 = SURFACE_STYLE_USAGE(.BOTH.,#17602);
#17602 = SURFACE_SIDE_STYLE('',(#17603));
#17603 = SURFACE_STYLE_FILL_AREA(#17604);
#17604 = FILL_AREA_STYLE('',(#17605));
#17605 = FILL_AREA_STYLE_COLOUR('',#14530);
#17606 = CURVE_STYLE('',#17607,POSITIVE_LENGTH_MEASURE(0.1),#14530);
#17607 = DRAUGHTING_PRE_DEFINED_CURVE_FONT('continuous');
#17608 = STYLED_ITEM('color',(#17609),#12786);
#17609 = PRESENTATION_STYLE_ASSIGNMENT((#17610,#17615));
#17610 = SURFACE_STYLE_USAGE(.BOTH.,#17611);
#17611 = SURFACE_SIDE_STYLE('',(#17612));
#17612 = SURFACE_STYLE_FILL_AREA(#17613);
#17613 = FILL_AREA_STYLE('',(#17614));
#17614 = FILL_AREA_STYLE_COLOUR('',#14530);
#17615 = CURVE_STYLE('',#17616,POSITIVE_LENGTH_MEASURE(0.1),#14530);
#17616 = DRAUGHTING_PRE_DEFINED_CURVE_FONT('continuous');
#17617 = STYLED_ITEM('color',(#17618),#12805);
#17618 = PRESENTATION_STYLE_ASSIGNMENT((#17619,#17624));
#17619 = SURFACE_STYLE_USAGE(.BOTH.,#17620);
#17620 = SURFACE_SIDE_STYLE('',(#17621));
#17621 = SURFACE_STYLE_FILL_AREA(#17622);
#17622 = FILL_AREA_STYLE('',(#17623));
#17623 = FILL_AREA_STYLE_COLOUR('',#17110);
#17624 = CURVE_STYLE('',#17625,POSITIVE_LENGTH_MEASURE(0.1),#17110);
#17625 = DRAUGHTING_PRE_DEFINED_CURVE_FONT('continuous');
#17626 = STYLED_ITEM('color',(#17627),#12851);
#17627 = PRESENTATION_STYLE_ASSIGNMENT((#17628,#17633));
#17628 = SURFACE_STYLE_USAGE(.BOTH.,#17629);
#17629 = SURFACE_SIDE_STYLE('',(#17630));
#17630 = SURFACE_STYLE_FILL_AREA(#17631);
#17631 = FILL_AREA_STYLE('',(#17632));
#17632 = FILL_AREA_STYLE_COLOUR('',#17110);
#17633 = CURVE_STYLE('',#17634,POSITIVE_LENGTH_MEASURE(0.1),#17110);
#17634 = DRAUGHTING_PRE_DEFINED_CURVE_FONT('continuous');
#17635 = STYLED_ITEM('color',(#17636),#12867);
#17636 = PRESENTATION_STYLE_ASSIGNMENT((#17637,#17642));
#17637 = SURFACE_STYLE_USAGE(.BOTH.,#17638);
#17638 = SURFACE_SIDE_STYLE('',(#17639));
#17639 = SURFACE_STYLE_FILL_AREA(#17640);
#17640 = FILL_AREA_STYLE('',(#17641));
#17641 = FILL_AREA_STYLE_COLOUR('',#14530);
#17642 = CURVE_STYLE('',#17643,POSITIVE_LENGTH_MEASURE(0.1),#14530);
#17643 = DRAUGHTING_PRE_DEFINED_CURVE_FONT('continuous');
#17644 = STYLED_ITEM('color',(#17645),#12886);
#17645 = PRESENTATION_STYLE_ASSIGNMENT((#17646,#17651));
#17646 = SURFACE_STYLE_USAGE(.BOTH.,#17647);
#17647 = SURFACE_SIDE_STYLE('',(#17648));
#17648 = SURFACE_STYLE_FILL_AREA(#17649);
#17649 = FILL_AREA_STYLE('',(#17650));
#17650 = FILL_AREA_STYLE_COLOUR('',#17110);
#17651 = CURVE_STYLE('',#17652,POSITIVE_LENGTH_MEASURE(0.1),#17110);
#17652 = DRAUGHTING_PRE_DEFINED_CURVE_FONT('continuous');
#17653 = STYLED_ITEM('color',(#17654),#12902);
#17654 = PRESENTATION_STYLE_ASSIGNMENT((#17655,#17660));
#17655 = SURFACE_STYLE_USAGE(.BOTH.,#17656);
#17656 = SURFACE_SIDE_STYLE('',(#17657));
#17657 = SURFACE_STYLE_FILL_AREA(#17658);
#17658 = FILL_AREA_STYLE('',(#17659));
#17659 = FILL_AREA_STYLE_COLOUR('',#14530);
#17660 = CURVE_STYLE('',#17661,POSITIVE_LENGTH_MEASURE(0.1),#14530);
#17661 = DRAUGHTING_PRE_DEFINED_CURVE_FONT('continuous');
#17662 = STYLED_ITEM('color',(#17663),#12919);
#17663 = PRESENTATION_STYLE_ASSIGNMENT((#17664,#17669));
#17664 = SURFACE_STYLE_USAGE(.BOTH.,#17665);
#17665 = SURFACE_SIDE_STYLE('',(#17666));
#17666 = SURFACE_STYLE_FILL_AREA(#17667);
#17667 = FILL_AREA_STYLE('',(#17668));
#17668 = FILL_AREA_STYLE_COLOUR('',#17110);
#17669 = CURVE_STYLE('',#17670,POSITIVE_LENGTH_MEASURE(0.1),#17110);
#17670 = DRAUGHTING_PRE_DEFINED_CURVE_FONT('continuous');
#17671 = STYLED_ITEM('color',(#17672),#12931);
#17672 = PRESENTATION_STYLE_ASSIGNMENT((#17673,#17678));
#17673 = SURFACE_STYLE_USAGE(.BOTH.,#17674);
#17674 = SURFACE_SIDE_STYLE('',(#17675));
#17675 = SURFACE_STYLE_FILL_AREA(#17676);
#17676 = FILL_AREA_STYLE('',(#17677));
#17677 = FILL_AREA_STYLE_COLOUR('',#14530);
#17678 = CURVE_STYLE('',#17679,POSITIVE_LENGTH_MEASURE(0.1),#14530);
#17679 = DRAUGHTING_PRE_DEFINED_CURVE_FONT('continuous');
#17680 = STYLED_ITEM('color',(#17681),#12948);
#17681 = PRESENTATION_STYLE_ASSIGNMENT((#17682,#17687));
#17682 = SURFACE_STYLE_USAGE(.BOTH.,#17683);
#17683 = SURFACE_SIDE_STYLE('',(#17684));
#17684 = SURFACE_STYLE_FILL_AREA(#17685);
#17685 = FILL_AREA_STYLE('',(#17686));
#17686 = FILL_AREA_STYLE_COLOUR('',#14530);
#17687 = CURVE_STYLE('',#17688,POSITIVE_LENGTH_MEASURE(0.1),#14530);
#17688 = DRAUGHTING_PRE_DEFINED_CURVE_FONT('continuous');
#17689 = STYLED_ITEM('color',(#17690),#12965);
#17690 = PRESENTATION_STYLE_ASSIGNMENT((#17691,#17696));
#17691 = SURFACE_STYLE_USAGE(.BOTH.,#17692);
#17692 = SURFACE_SIDE_STYLE('',(#17693));
#17693 = SURFACE_STYLE_FILL_AREA(#17694);
#17694 = FILL_AREA_STYLE('',(#17695));
#17695 = FILL_AREA_STYLE_COLOUR('',#14530);
#17696 = CURVE_STYLE('',#17697,POSITIVE_LENGTH_MEASURE(0.1),#14530);
#17697 = DRAUGHTING_PRE_DEFINED_CURVE_FONT('continuous');
#17698 = STYLED_ITEM('color',(#17699),#12982);
#17699 = PRESENTATION_STYLE_ASSIGNMENT((#17700,#17705));
#17700 = SURFACE_STYLE_USAGE(.BOTH.,#17701);
#17701 = SURFACE_SIDE_STYLE('',(#17702));
#17702 = SURFACE_STYLE_FILL_AREA(#17703);
#17703 = FILL_AREA_STYLE('',(#17704));
#17704 = FILL_AREA_STYLE_COLOUR('',#14530);
#17705 = CURVE_STYLE('',#17706,POSITIVE_LENGTH_MEASURE(0.1),#14530);
#17706 = DRAUGHTING_PRE_DEFINED_CURVE_FONT('continuous');
#17707 = STYLED_ITEM('color',(#17708),#12999);
#17708 = PRESENTATION_STYLE_ASSIGNMENT((#17709,#17714));
#17709 = SURFACE_STYLE_USAGE(.BOTH.,#17710);
#17710 = SURFACE_SIDE_STYLE('',(#17711));
#17711 = SURFACE_STYLE_FILL_AREA(#17712);
#17712 = FILL_AREA_STYLE('',(#17713));
#17713 = FILL_AREA_STYLE_COLOUR('',#14530);
#17714 = CURVE_STYLE('',#17715,POSITIVE_LENGTH_MEASURE(0.1),#14530);
#17715 = DRAUGHTING_PRE_DEFINED_CURVE_FONT('continuous');
#17716 = STYLED_ITEM('color',(#17717),#13016);
#17717 = PRESENTATION_STYLE_ASSIGNMENT((#17718,#17723));
#17718 = SURFACE_STYLE_USAGE(.BOTH.,#17719);
#17719 = SURFACE_SIDE_STYLE('',(#17720));
#17720 = SURFACE_STYLE_FILL_AREA(#17721);
#17721 = FILL_AREA_STYLE('',(#17722));
#17722 = FILL_AREA_STYLE_COLOUR('',#14530);
#17723 = CURVE_STYLE('',#17724,POSITIVE_LENGTH_MEASURE(0.1),#14530);
#17724 = DRAUGHTING_PRE_DEFINED_CURVE_FONT('continuous');
#17725 = STYLED_ITEM('color',(#17726),#13033);
#17726 = PRESENTATION_STYLE_ASSIGNMENT((#17727,#17732));
#17727 = SURFACE_STYLE_USAGE(.BOTH.,#17728);
#17728 = SURFACE_SIDE_STYLE('',(#17729));
#17729 = SURFACE_STYLE_FILL_AREA(#17730);
#17730 = FILL_AREA_STYLE('',(#17731));
#17731 = FILL_AREA_STYLE_COLOUR('',#14530);
#17732 = CURVE_STYLE('',#17733,POSITIVE_LENGTH_MEASURE(0.1),#14530);
#17733 = DRAUGHTING_PRE_DEFINED_CURVE_FONT('continuous');
#17734 = STYLED_ITEM('color',(#17735),#13050);
#17735 = PRESENTATION_STYLE_ASSIGNMENT((#17736,#17741));
#17736 = SURFACE_STYLE_USAGE(.BOTH.,#17737);
#17737 = SURFACE_SIDE_STYLE('',(#17738));
#17738 = SURFACE_STYLE_FILL_AREA(#17739);
#17739 = FILL_AREA_STYLE('',(#17740));
#17740 = FILL_AREA_STYLE_COLOUR('',#14530);
#17741 = CURVE_STYLE('',#17742,POSITIVE_LENGTH_MEASURE(0.1),#14530);
#17742 = DRAUGHTING_PRE_DEFINED_CURVE_FONT('continuous');
#17743 = STYLED_ITEM('color',(#17744),#13062);
#17744 = PRESENTATION_STYLE_ASSIGNMENT((#17745,#17750));
#17745 = SURFACE_STYLE_USAGE(.BOTH.,#17746);
#17746 = SURFACE_SIDE_STYLE('',(#17747));
#17747 = SURFACE_STYLE_FILL_AREA(#17748);
#17748 = FILL_AREA_STYLE('',(#17749));
#17749 = FILL_AREA_STYLE_COLOUR('',#14530);
#17750 = CURVE_STYLE('',#17751,POSITIVE_LENGTH_MEASURE(0.1),#14530);
#17751 = DRAUGHTING_PRE_DEFINED_CURVE_FONT('continuous');
#17752 = STYLED_ITEM('color',(#17753),#13079);
#17753 = PRESENTATION_STYLE_ASSIGNMENT((#17754,#17759));
#17754 = SURFACE_STYLE_USAGE(.BOTH.,#17755);
#17755 = SURFACE_SIDE_STYLE('',(#17756));
#17756 = SURFACE_STYLE_FILL_AREA(#17757);
#17757 = FILL_AREA_STYLE('',(#17758));
#17758 = FILL_AREA_STYLE_COLOUR('',#14530);
#17759 = CURVE_STYLE('',#17760,POSITIVE_LENGTH_MEASURE(0.1),#14530);
#17760 = DRAUGHTING_PRE_DEFINED_CURVE_FONT('continuous');
#17761 = STYLED_ITEM('color',(#17762),#13096);
#17762 = PRESENTATION_STYLE_ASSIGNMENT((#17763,#17768));
#17763 = SURFACE_STYLE_USAGE(.BOTH.,#17764);
#17764 = SURFACE_SIDE_STYLE('',(#17765));
#17765 = SURFACE_STYLE_FILL_AREA(#17766);
#17766 = FILL_AREA_STYLE('',(#17767));
#17767 = FILL_AREA_STYLE_COLOUR('',#14530);
#17768 = CURVE_STYLE('',#17769,POSITIVE_LENGTH_MEASURE(0.1),#14530);
#17769 = DRAUGHTING_PRE_DEFINED_CURVE_FONT('continuous');
#17770 = STYLED_ITEM('color',(#17771),#13113);
#17771 = PRESENTATION_STYLE_ASSIGNMENT((#17772,#17777));
#17772 = SURFACE_STYLE_USAGE(.BOTH.,#17773);
#17773 = SURFACE_SIDE_STYLE('',(#17774));
#17774 = SURFACE_STYLE_FILL_AREA(#17775);
#17775 = FILL_AREA_STYLE('',(#17776));
#17776 = FILL_AREA_STYLE_COLOUR('',#14530);
#17777 = CURVE_STYLE('',#17778,POSITIVE_LENGTH_MEASURE(0.1),#14530);
#17778 = DRAUGHTING_PRE_DEFINED_CURVE_FONT('continuous');
#17779 = STYLED_ITEM('color',(#17780),#13130);
#17780 = PRESENTATION_STYLE_ASSIGNMENT((#17781,#17786));
#17781 = SURFACE_STYLE_USAGE(.BOTH.,#17782);
#17782 = SURFACE_SIDE_STYLE('',(#17783));
#17783 = SURFACE_STYLE_FILL_AREA(#17784);
#17784 = FILL_AREA_STYLE('',(#17785));
#17785 = FILL_AREA_STYLE_COLOUR('',#14530);
#17786 = CURVE_STYLE('',#17787,POSITIVE_LENGTH_MEASURE(0.1),#14530);
#17787 = DRAUGHTING_PRE_DEFINED_CURVE_FONT('continuous');
#17788 = STYLED_ITEM('color',(#17789),#13147);
#17789 = PRESENTATION_STYLE_ASSIGNMENT((#17790,#17795));
#17790 = SURFACE_STYLE_USAGE(.BOTH.,#17791);
#17791 = SURFACE_SIDE_STYLE('',(#17792));
#17792 = SURFACE_STYLE_FILL_AREA(#17793);
#17793 = FILL_AREA_STYLE('',(#17794));
#17794 = FILL_AREA_STYLE_COLOUR('',#14530);
#17795 = CURVE_STYLE('',#17796,POSITIVE_LENGTH_MEASURE(0.1),#14530);
#17796 = DRAUGHTING_PRE_DEFINED_CURVE_FONT('continuous');
#17797 = STYLED_ITEM('color',(#17798),#13164);
#17798 = PRESENTATION_STYLE_ASSIGNMENT((#17799,#17804));
#17799 = SURFACE_STYLE_USAGE(.BOTH.,#17800);
#17800 = SURFACE_SIDE_STYLE('',(#17801));
#17801 = SURFACE_STYLE_FILL_AREA(#17802);
#17802 = FILL_AREA_STYLE('',(#17803));
#17803 = FILL_AREA_STYLE_COLOUR('',#14530);
#17804 = CURVE_STYLE('',#17805,POSITIVE_LENGTH_MEASURE(0.1),#14530);
#17805 = DRAUGHTING_PRE_DEFINED_CURVE_FONT('continuous');
#17806 = STYLED_ITEM('color',(#17807),#13181);
#17807 = PRESENTATION_STYLE_ASSIGNMENT((#17808,#17813));
#17808 = SURFACE_STYLE_USAGE(.BOTH.,#17809);
#17809 = SURFACE_SIDE_STYLE('',(#17810));
#17810 = SURFACE_STYLE_FILL_AREA(#17811);
#17811 = FILL_AREA_STYLE('',(#17812));
#17812 = FILL_AREA_STYLE_COLOUR('',#14530);
#17813 = CURVE_STYLE('',#17814,POSITIVE_LENGTH_MEASURE(0.1),#14530);
#17814 = DRAUGHTING_PRE_DEFINED_CURVE_FONT('continuous');
#17815 = STYLED_ITEM('color',(#17816),#13193);
#17816 = PRESENTATION_STYLE_ASSIGNMENT((#17817,#17822));
#17817 = SURFACE_STYLE_USAGE(.BOTH.,#17818);
#17818 = SURFACE_SIDE_STYLE('',(#17819));
#17819 = SURFACE_STYLE_FILL_AREA(#17820);
#17820 = FILL_AREA_STYLE('',(#17821));
#17821 = FILL_AREA_STYLE_COLOUR('',#14530);
#17822 = CURVE_STYLE('',#17823,POSITIVE_LENGTH_MEASURE(0.1),#14530);
#17823 = DRAUGHTING_PRE_DEFINED_CURVE_FONT('continuous');
#17824 = STYLED_ITEM('color',(#17825),#13210);
#17825 = PRESENTATION_STYLE_ASSIGNMENT((#17826,#17831));
#17826 = SURFACE_STYLE_USAGE(.BOTH.,#17827);
#17827 = SURFACE_SIDE_STYLE('',(#17828));
#17828 = SURFACE_STYLE_FILL_AREA(#17829);
#17829 = FILL_AREA_STYLE('',(#17830));
#17830 = FILL_AREA_STYLE_COLOUR('',#14530);
#17831 = CURVE_STYLE('',#17832,POSITIVE_LENGTH_MEASURE(0.1),#14530);
#17832 = DRAUGHTING_PRE_DEFINED_CURVE_FONT('continuous');
#17833 = STYLED_ITEM('color',(#17834),#13227);
#17834 = PRESENTATION_STYLE_ASSIGNMENT((#17835,#17840));
#17835 = SURFACE_STYLE_USAGE(.BOTH.,#17836);
#17836 = SURFACE_SIDE_STYLE('',(#17837));
#17837 = SURFACE_STYLE_FILL_AREA(#17838);
#17838 = FILL_AREA_STYLE('',(#17839));
#17839 = FILL_AREA_STYLE_COLOUR('',#14530);
#17840 = CURVE_STYLE('',#17841,POSITIVE_LENGTH_MEASURE(0.1),#14530);
#17841 = DRAUGHTING_PRE_DEFINED_CURVE_FONT('continuous');
#17842 = STYLED_ITEM('color',(#17843),#13244);
#17843 = PRESENTATION_STYLE_ASSIGNMENT((#17844,#17849));
#17844 = SURFACE_STYLE_USAGE(.BOTH.,#17845);
#17845 = SURFACE_SIDE_STYLE('',(#17846));
#17846 = SURFACE_STYLE_FILL_AREA(#17847);
#17847 = FILL_AREA_STYLE('',(#17848));
#17848 = FILL_AREA_STYLE_COLOUR('',#14530);
#17849 = CURVE_STYLE('',#17850,POSITIVE_LENGTH_MEASURE(0.1),#14530);
#17850 = DRAUGHTING_PRE_DEFINED_CURVE_FONT('continuous');
#17851 = STYLED_ITEM('color',(#17852),#13261);
#17852 = PRESENTATION_STYLE_ASSIGNMENT((#17853,#17858));
#17853 = SURFACE_STYLE_USAGE(.BOTH.,#17854);
#17854 = SURFACE_SIDE_STYLE('',(#17855));
#17855 = SURFACE_STYLE_FILL_AREA(#17856);
#17856 = FILL_AREA_STYLE('',(#17857));
#17857 = FILL_AREA_STYLE_COLOUR('',#14530);
#17858 = CURVE_STYLE('',#17859,POSITIVE_LENGTH_MEASURE(0.1),#14530);
#17859 = DRAUGHTING_PRE_DEFINED_CURVE_FONT('continuous');
#17860 = STYLED_ITEM('color',(#17861),#13278);
#17861 = PRESENTATION_STYLE_ASSIGNMENT((#17862,#17867));
#17862 = SURFACE_STYLE_USAGE(.BOTH.,#17863);
#17863 = SURFACE_SIDE_STYLE('',(#17864));
#17864 = SURFACE_STYLE_FILL_AREA(#17865);
#17865 = FILL_AREA_STYLE('',(#17866));
#17866 = FILL_AREA_STYLE_COLOUR('',#14530);
#17867 = CURVE_STYLE('',#17868,POSITIVE_LENGTH_MEASURE(0.1),#14530);
#17868 = DRAUGHTING_PRE_DEFINED_CURVE_FONT('continuous');
#17869 = STYLED_ITEM('color',(#17870),#13295);
#17870 = PRESENTATION_STYLE_ASSIGNMENT((#17871,#17876));
#17871 = SURFACE_STYLE_USAGE(.BOTH.,#17872);
#17872 = SURFACE_SIDE_STYLE('',(#17873));
#17873 = SURFACE_STYLE_FILL_AREA(#17874);
#17874 = FILL_AREA_STYLE('',(#17875));
#17875 = FILL_AREA_STYLE_COLOUR('',#14530);
#17876 = CURVE_STYLE('',#17877,POSITIVE_LENGTH_MEASURE(0.1),#14530);
#17877 = DRAUGHTING_PRE_DEFINED_CURVE_FONT('continuous');
#17878 = STYLED_ITEM('color',(#17879),#13307);
#17879 = PRESENTATION_STYLE_ASSIGNMENT((#17880,#17885));
#17880 = SURFACE_STYLE_USAGE(.BOTH.,#17881);
#17881 = SURFACE_SIDE_STYLE('',(#17882));
#17882 = SURFACE_STYLE_FILL_AREA(#17883);
#17883 = FILL_AREA_STYLE('',(#17884));
#17884 = FILL_AREA_STYLE_COLOUR('',#14530);
#17885 = CURVE_STYLE('',#17886,POSITIVE_LENGTH_MEASURE(0.1),#14530);
#17886 = DRAUGHTING_PRE_DEFINED_CURVE_FONT('continuous');
#17887 = STYLED_ITEM('color',(#17888),#13324);
#17888 = PRESENTATION_STYLE_ASSIGNMENT((#17889,#17894));
#17889 = SURFACE_STYLE_USAGE(.BOTH.,#17890);
#17890 = SURFACE_SIDE_STYLE('',(#17891));
#17891 = SURFACE_STYLE_FILL_AREA(#17892);
#17892 = FILL_AREA_STYLE('',(#17893));
#17893 = FILL_AREA_STYLE_COLOUR('',#14530);
#17894 = CURVE_STYLE('',#17895,POSITIVE_LENGTH_MEASURE(0.1),#14530);
#17895 = DRAUGHTING_PRE_DEFINED_CURVE_FONT('continuous');
#17896 = STYLED_ITEM('color',(#17897),#13341);
#17897 = PRESENTATION_STYLE_ASSIGNMENT((#17898,#17903));
#17898 = SURFACE_STYLE_USAGE(.BOTH.,#17899);
#17899 = SURFACE_SIDE_STYLE('',(#17900));
#17900 = SURFACE_STYLE_FILL_AREA(#17901);
#17901 = FILL_AREA_STYLE('',(#17902));
#17902 = FILL_AREA_STYLE_COLOUR('',#14530);
#17903 = CURVE_STYLE('',#17904,POSITIVE_LENGTH_MEASURE(0.1),#14530);
#17904 = DRAUGHTING_PRE_DEFINED_CURVE_FONT('continuous');
#17905 = STYLED_ITEM('color',(#17906),#13358);
#17906 = PRESENTATION_STYLE_ASSIGNMENT((#17907,#17912));
#17907 = SURFACE_STYLE_USAGE(.BOTH.,#17908);
#17908 = SURFACE_SIDE_STYLE('',(#17909));
#17909 = SURFACE_STYLE_FILL_AREA(#17910);
#17910 = FILL_AREA_STYLE('',(#17911));
#17911 = FILL_AREA_STYLE_COLOUR('',#14530);
#17912 = CURVE_STYLE('',#17913,POSITIVE_LENGTH_MEASURE(0.1),#14530);
#17913 = DRAUGHTING_PRE_DEFINED_CURVE_FONT('continuous');
#17914 = STYLED_ITEM('color',(#17915),#13375);
#17915 = PRESENTATION_STYLE_ASSIGNMENT((#17916,#17921));
#17916 = SURFACE_STYLE_USAGE(.BOTH.,#17917);
#17917 = SURFACE_SIDE_STYLE('',(#17918));
#17918 = SURFACE_STYLE_FILL_AREA(#17919);
#17919 = FILL_AREA_STYLE('',(#17920));
#17920 = FILL_AREA_STYLE_COLOUR('',#14530);
#17921 = CURVE_STYLE('',#17922,POSITIVE_LENGTH_MEASURE(0.1),#14530);
#17922 = DRAUGHTING_PRE_DEFINED_CURVE_FONT('continuous');
#17923 = STYLED_ITEM('color',(#17924),#13392);
#17924 = PRESENTATION_STYLE_ASSIGNMENT((#17925,#17930));
#17925 = SURFACE_STYLE_USAGE(.BOTH.,#17926);
#17926 = SURFACE_SIDE_STYLE('',(#17927));
#17927 = SURFACE_STYLE_FILL_AREA(#17928);
#17928 = FILL_AREA_STYLE('',(#17929));
#17929 = FILL_AREA_STYLE_COLOUR('',#14530);
#17930 = CURVE_STYLE('',#17931,POSITIVE_LENGTH_MEASURE(0.1),#14530);
#17931 = DRAUGHTING_PRE_DEFINED_CURVE_FONT('continuous');
#17932 = STYLED_ITEM('color',(#17933),#13409);
#17933 = PRESENTATION_STYLE_ASSIGNMENT((#17934,#17939));
#17934 = SURFACE_STYLE_USAGE(.BOTH.,#17935);
#17935 = SURFACE_SIDE_STYLE('',(#17936));
#17936 = SURFACE_STYLE_FILL_AREA(#17937);
#17937 = FILL_AREA_STYLE('',(#17938));
#17938 = FILL_AREA_STYLE_COLOUR('',#14530);
#17939 = CURVE_STYLE('',#17940,POSITIVE_LENGTH_MEASURE(0.1),#14530);
#17940 = DRAUGHTING_PRE_DEFINED_CURVE_FONT('continuous');
#17941 = STYLED_ITEM('color',(#17942),#13421);
#17942 = PRESENTATION_STYLE_ASSIGNMENT((#17943,#17948));
#17943 = SURFACE_STYLE_USAGE(.BOTH.,#17944);
#17944 = SURFACE_SIDE_STYLE('',(#17945));
#17945 = SURFACE_STYLE_FILL_AREA(#17946);
#17946 = FILL_AREA_STYLE('',(#17947));
#17947 = FILL_AREA_STYLE_COLOUR('',#14530);
#17948 = CURVE_STYLE('',#17949,POSITIVE_LENGTH_MEASURE(0.1),#14530);
#17949 = DRAUGHTING_PRE_DEFINED_CURVE_FONT('continuous');
#17950 = STYLED_ITEM('color',(#17951),#13438);
#17951 = PRESENTATION_STYLE_ASSIGNMENT((#17952,#17957));
#17952 = SURFACE_STYLE_USAGE(.BOTH.,#17953);
#17953 = SURFACE_SIDE_STYLE('',(#17954));
#17954 = SURFACE_STYLE_FILL_AREA(#17955);
#17955 = FILL_AREA_STYLE('',(#17956));
#17956 = FILL_AREA_STYLE_COLOUR('',#14530);
#17957 = CURVE_STYLE('',#17958,POSITIVE_LENGTH_MEASURE(0.1),#14530);
#17958 = DRAUGHTING_PRE_DEFINED_CURVE_FONT('continuous');
#17959 = STYLED_ITEM('color',(#17960),#13455);
#17960 = PRESENTATION_STYLE_ASSIGNMENT((#17961,#17966));
#17961 = SURFACE_STYLE_USAGE(.BOTH.,#17962);
#17962 = SURFACE_SIDE_STYLE('',(#17963));
#17963 = SURFACE_STYLE_FILL_AREA(#17964);
#17964 = FILL_AREA_STYLE('',(#17965));
#17965 = FILL_AREA_STYLE_COLOUR('',#14530);
#17966 = CURVE_STYLE('',#17967,POSITIVE_LENGTH_MEASURE(0.1),#14530);
#17967 = DRAUGHTING_PRE_DEFINED_CURVE_FONT('continuous');
#17968 = STYLED_ITEM('color',(#17969),#13472);
#17969 = PRESENTATION_STYLE_ASSIGNMENT((#17970,#17975));
#17970 = SURFACE_STYLE_USAGE(.BOTH.,#17971);
#17971 = SURFACE_SIDE_STYLE('',(#17972));
#17972 = SURFACE_STYLE_FILL_AREA(#17973);
#17973 = FILL_AREA_STYLE('',(#17974));
#17974 = FILL_AREA_STYLE_COLOUR('',#14530);
#17975 = CURVE_STYLE('',#17976,POSITIVE_LENGTH_MEASURE(0.1),#14530);
#17976 = DRAUGHTING_PRE_DEFINED_CURVE_FONT('continuous');
#17977 = STYLED_ITEM('color',(#17978),#13489);
#17978 = PRESENTATION_STYLE_ASSIGNMENT((#17979,#17984));
#17979 = SURFACE_STYLE_USAGE(.BOTH.,#17980);
#17980 = SURFACE_SIDE_STYLE('',(#17981));
#17981 = SURFACE_STYLE_FILL_AREA(#17982);
#17982 = FILL_AREA_STYLE('',(#17983));
#17983 = FILL_AREA_STYLE_COLOUR('',#14530);
#17984 = CURVE_STYLE('',#17985,POSITIVE_LENGTH_MEASURE(0.1),#14530);
#17985 = DRAUGHTING_PRE_DEFINED_CURVE_FONT('continuous');
#17986 = STYLED_ITEM('color',(#17987),#13506);
#17987 = PRESENTATION_STYLE_ASSIGNMENT((#17988,#17993));
#17988 = SURFACE_STYLE_USAGE(.BOTH.,#17989);
#17989 = SURFACE_SIDE_STYLE('',(#17990));
#17990 = SURFACE_STYLE_FILL_AREA(#17991);
#17991 = FILL_AREA_STYLE('',(#17992));
#17992 = FILL_AREA_STYLE_COLOUR('',#14530);
#17993 = CURVE_STYLE('',#17994,POSITIVE_LENGTH_MEASURE(0.1),#14530);
#17994 = DRAUGHTING_PRE_DEFINED_CURVE_FONT('continuous');
#17995 = STYLED_ITEM('color',(#17996),#13523);
#17996 = PRESENTATION_STYLE_ASSIGNMENT((#17997,#18002));
#17997 = SURFACE_STYLE_USAGE(.BOTH.,#17998);
#17998 = SURFACE_SIDE_STYLE('',(#17999));
#17999 = SURFACE_STYLE_FILL_AREA(#18000);
#18000 = FILL_AREA_STYLE('',(#18001));
#18001 = FILL_AREA_STYLE_COLOUR('',#14530);
#18002 = CURVE_STYLE('',#18003,POSITIVE_LENGTH_MEASURE(0.1),#14530);
#18003 = DRAUGHTING_PRE_DEFINED_CURVE_FONT('continuous');
#18004 = STYLED_ITEM('color',(#18005),#13540);
#18005 = PRESENTATION_STYLE_ASSIGNMENT((#18006,#18011));
#18006 = SURFACE_STYLE_USAGE(.BOTH.,#18007);
#18007 = SURFACE_SIDE_STYLE('',(#18008));
#18008 = SURFACE_STYLE_FILL_AREA(#18009);
#18009 = FILL_AREA_STYLE('',(#18010));
#18010 = FILL_AREA_STYLE_COLOUR('',#14530);
#18011 = CURVE_STYLE('',#18012,POSITIVE_LENGTH_MEASURE(0.1),#14530);
#18012 = DRAUGHTING_PRE_DEFINED_CURVE_FONT('continuous');
#18013 = STYLED_ITEM('color',(#18014),#13552);
#18014 = PRESENTATION_STYLE_ASSIGNMENT((#18015,#18021));
#18015 = SURFACE_STYLE_USAGE(.BOTH.,#18016);
#18016 = SURFACE_SIDE_STYLE('',(#18017));
#18017 = SURFACE_STYLE_FILL_AREA(#18018);
#18018 = FILL_AREA_STYLE('',(#18019));
#18019 = FILL_AREA_STYLE_COLOUR('',#18020);
#18020 = COLOUR_RGB('',0.690999998585,0.664000007176,0.597999987832);
#18021 = CURVE_STYLE('',#18022,POSITIVE_LENGTH_MEASURE(0.1),#18020);
#18022 = DRAUGHTING_PRE_DEFINED_CURVE_FONT('continuous');
ENDSEC;
END-ISO-10303-21;
